driver_id,city,signup_date,vehicle_type,status,avg_rating,total_rides,acceptance_rate,cancellation_rate,online_hours_monthly
DRV_000001,Northgate,2023-08-05,comfort,churned,3.6,93,0.585,0.479,34.9
DRV_000002,Westville,2023-09-04,economy,churned,2.97,43,0.649,0.389,32.0
DRV_000003,Southbrook,2023-08-30,comfort,active,3.26,52,0.41,0.513,36.0
DRV_000004,Northgate,2023-08-20,comfort,active,2.89,98,0.461,0.36,38.4
DRV_000005,Summit Town,2023-08-20,economy,active,3.21,98,0.549,0.435,26.9
DRV_000006,Northgate,2023-09-08,xl,active,3.63,42,0.504,0.346,32.4
DRV_000007,Ridgeline,2023-08-04,economy,active,3.69,30,0.559,0.424,24.7
DRV_000008,Clearwater,2023-09-01,comfort,active,3.32,53,0.547,0.338,33.6
DRV_000009,Westville,2023-08-10,economy,active,3.09,31,0.597,0.34,26.1
DRV_000010,Summit Town,2023-08-05,economy,active,3.53,83,0.418,0.453,32.1
DRV_000011,Ridgeline,2023-08-24,economy,churned,3.44,92,0.51,0.366,18.3
DRV_000012,Metro City,2023-09-13,comfort,churned,3.27,89,0.615,0.343,30.6
DRV_000013,Metro City,2023-09-03,comfort,active,3.28,53,0.491,0.532,27.4
DRV_000014,Clearwater,2023-09-04,xl,active,3.29,59,0.526,0.311,17.5
DRV_000015,Lakewood,2023-09-02,economy,active,3.14,68,0.405,0.441,30.6
DRV_000016,Valleyford,2023-09-05,comfort,active,3.32,95,0.456,0.437,21.1
DRV_000017,Eastport,2023-08-24,economy,active,2.86,115,0.516,0.363,28.9
DRV_000018,Eastport,2023-08-06,economy,active,3.37,110,0.5,0.413,29.7
DRV_000019,Clearwater,2023-09-07,economy,active,3.3,53,0.579,0.322,30.1
DRV_000020,Lakewood,2023-08-21,comfort,active,3.22,36,0.553,0.48,30.5
DRV_000021,Westville,2023-08-23,comfort,active,3.12,25,0.62,0.355,22.5
DRV_000022,Lakewood,2023-08-17,xl,active,3.42,111,0.614,0.348,28.7
DRV_000023,Northgate,2023-08-09,comfort,active,3.28,114,0.46,0.379,37.2
DRV_000024,Eastport,2023-09-11,comfort,suspended,2.9,73,0.404,0.526,12.0
DRV_000025,Pinecrest,2023-09-05,economy,suspended,3.17,26,0.614,0.499,33.5
DRV_000026,Southbrook,2023-08-29,economy,active,2.88,64,0.482,0.537,13.9
DRV_000027,Northgate,2023-08-19,xl,active,3.18,92,0.487,0.463,24.0
DRV_000028,Westville,2023-09-07,comfort,active,3.33,99,0.44,0.466,14.9
DRV_000029,Valleyford,2023-08-25,economy,active,3.19,98,0.573,0.42,33.5
DRV_000030,Harbor City,2023-08-20,xl,active,3.14,98,0.47,0.526,11.1
DRV_000031,Clearwater,2023-08-21,economy,active,3.08,29,0.444,0.428,31.0
DRV_000032,Southbrook,2023-08-11,comfort,active,3.18,88,0.526,0.389,22.0
DRV_000033,Metro City,2023-08-05,economy,active,2.87,119,0.588,0.46,18.0
DRV_000034,Lakewood,2023-08-25,economy,churned,3.79,60,0.467,0.437,38.8
DRV_000035,Southbrook,2023-09-09,economy,active,3.36,71,0.581,0.331,18.8
DRV_000036,Lakewood,2023-08-03,comfort,active,3.44,46,0.515,0.398,16.4
DRV_000037,Lakewood,2023-09-08,economy,active,2.98,100,0.501,0.378,22.9
DRV_000038,Harbor City,2023-09-07,economy,active,3.72,56,0.49,0.512,19.1
DRV_000039,Valleyford,2023-08-13,economy,active,3.37,118,0.436,0.395,31.8
DRV_000040,Eastport,2023-08-29,comfort,active,3.21,77,0.483,0.505,10.9
DRV_000041,Summit Town,2023-08-08,economy,active,3.51,54,0.62,0.411,30.8
DRV_000042,Metro City,2023-09-04,economy,active,3.1,76,0.426,0.488,22.7
DRV_000043,Harbor City,2023-09-01,economy,suspended,3.73,23,0.64,0.334,33.5
DRV_000044,Harbor City,2023-08-16,economy,active,2.97,112,0.427,0.531,20.0
DRV_000045,Valleyford,2023-08-04,comfort,active,3.63,65,0.491,0.42,10.5
DRV_000046,Northgate,2023-09-13,xl,active,3.77,65,0.552,0.365,32.9
DRV_000047,Pinecrest,2023-08-21,economy,active,3.29,60,0.609,0.36,14.0
DRV_000048,Metro City,2023-09-10,comfort,active,3.68,86,0.436,0.366,24.3
DRV_000049,Lakewood,2023-08-31,economy,churned,2.87,98,0.435,0.392,35.0
DRV_000050,Southbrook,2023-09-05,economy,active,3.42,86,0.557,0.479,37.7
DRV_000051,Summit Town,2023-09-04,economy,active,3.16,32,0.473,0.537,17.4
DRV_000052,Summit Town,2023-08-09,xl,active,3.16,93,0.561,0.467,35.1
DRV_000053,Clearwater,2023-08-17,comfort,active,3.25,84,0.605,0.437,33.3
DRV_000054,Ridgeline,2023-08-22,economy,suspended,3.4,119,0.419,0.412,37.7
DRV_000055,Metro City,2023-08-23,comfort,active,3.42,46,0.611,0.507,34.5
DRV_000056,Pinecrest,2023-08-02,economy,active,3.08,100,0.409,0.512,12.7
DRV_000057,Eastport,2023-08-25,comfort,churned,3.18,107,0.625,0.373,38.3
DRV_000058,Clearwater,2023-08-07,xl,active,3.05,23,0.644,0.538,10.7
DRV_000059,Southbrook,2023-09-03,xl,active,3.43,111,0.567,0.399,20.3
DRV_000060,Pinecrest,2023-08-31,comfort,active,2.9,101,0.646,0.5,21.7
DRV_000061,Harbor City,2023-09-11,economy,churned,3.22,100,0.605,0.542,24.6
DRV_000062,Lakewood,2023-09-03,economy,active,3.78,119,0.411,0.476,17.1
DRV_000063,Ridgeline,2023-08-17,economy,active,3.79,40,0.401,0.34,13.7
DRV_000064,Clearwater,2023-09-13,economy,active,3.32,23,0.405,0.447,35.1
DRV_000065,Pinecrest,2023-08-19,economy,active,3.05,81,0.513,0.33,29.3
DRV_000066,Northgate,2023-08-15,comfort,active,3.38,79,0.556,0.497,24.2
DRV_000067,Eastport,2023-09-10,economy,active,3.29,105,0.52,0.37,33.2
DRV_000068,Northgate,2023-08-17,comfort,active,2.84,79,0.569,0.474,37.5
DRV_000069,Harbor City,2023-08-04,comfort,suspended,3.79,31,0.512,0.528,16.7
DRV_000070,Northgate,2023-08-22,economy,active,3.13,72,0.411,0.345,19.7
DRV_000071,Valleyford,2023-09-05,xl,active,3.2,58,0.457,0.398,38.0
DRV_000072,Southbrook,2023-08-09,comfort,active,3.31,107,0.648,0.462,26.3
DRV_000073,Eastport,2023-08-21,economy,active,3.68,90,0.486,0.405,18.4
DRV_000074,Valleyford,2023-08-06,comfort,active,3.6,101,0.481,0.344,14.7
DRV_000075,Pinecrest,2023-08-31,comfort,churned,3.01,93,0.438,0.307,39.7
DRV_000076,Westville,2023-08-22,economy,active,3.52,37,0.647,0.402,26.1
DRV_000077,Harbor City,2023-08-15,economy,active,3.67,105,0.458,0.462,35.9
DRV_000078,Harbor City,2023-08-11,economy,active,3.51,30,0.562,0.443,29.1
DRV_000079,Southbrook,2023-08-26,economy,active,2.94,46,0.411,0.339,23.3
DRV_000080,Ridgeline,2023-08-31,xl,active,3.34,36,0.417,0.413,35.7
DRV_000081,Harbor City,2023-09-12,xl,active,3.64,28,0.579,0.392,20.7
DRV_000082,Summit Town,2023-08-20,comfort,active,3.0,108,0.559,0.369,33.1
DRV_000083,Westville,2023-08-08,economy,active,3.34,33,0.57,0.482,23.6
DRV_000084,Southbrook,2023-09-07,economy,active,3.47,29,0.458,0.377,36.9
DRV_000085,Southbrook,2023-08-29,comfort,active,3.44,29,0.646,0.435,25.1
DRV_000086,Lakewood,2023-09-01,economy,active,2.91,84,0.54,0.531,19.8
DRV_000087,Pinecrest,2023-08-05,comfort,churned,3.08,42,0.642,0.435,31.8
DRV_000088,Pinecrest,2023-08-15,economy,suspended,3.35,88,0.441,0.454,35.8
DRV_000089,Summit Town,2023-09-04,xl,suspended,3.01,46,0.501,0.318,35.5
DRV_000090,Westville,2023-09-07,economy,active,3.13,41,0.484,0.345,24.4
DRV_000091,Northgate,2023-08-20,economy,churned,3.22,36,0.589,0.325,23.2
DRV_000092,Southbrook,2023-09-06,economy,active,2.81,42,0.587,0.491,14.5
DRV_000093,Pinecrest,2023-09-07,economy,active,3.31,43,0.522,0.509,11.2
DRV_000094,Metro City,2023-08-18,economy,active,3.79,103,0.404,0.347,37.9
DRV_000095,Eastport,2023-09-10,comfort,active,3.21,73,0.444,0.355,31.8
DRV_000096,Metro City,2023-08-13,xl,active,3.07,62,0.413,0.381,27.3
DRV_000097,Metro City,2023-08-11,comfort,active,3.05,110,0.612,0.448,27.5
DRV_000098,Lakewood,2023-08-31,comfort,active,3.32,69,0.472,0.455,10.7
DRV_000099,Northgate,2023-08-29,xl,active,3.26,107,0.429,0.472,23.6
DRV_000100,Valleyford,2023-08-07,economy,active,3.66,59,0.489,0.526,37.6
DRV_000101,Westville,2023-09-07,comfort,active,3.44,118,0.419,0.374,23.9
DRV_000102,Southbrook,2023-08-09,economy,churned,3.2,38,0.645,0.465,27.4
DRV_000103,Metro City,2023-09-06,comfort,active,3.19,71,0.479,0.44,21.3
DRV_000104,Harbor City,2023-08-01,comfort,suspended,3.35,63,0.633,0.376,13.2
DRV_000105,Ridgeline,2023-09-05,comfort,suspended,3.05,108,0.571,0.527,19.7
DRV_000106,Lakewood,2023-09-05,economy,active,3.22,46,0.542,0.324,12.6
DRV_000107,Westville,2023-09-05,economy,active,3.09,54,0.519,0.478,27.4
DRV_000108,Lakewood,2023-08-30,xl,active,3.32,50,0.572,0.482,39.5
DRV_000109,Clearwater,2023-08-22,xl,churned,3.35,82,0.572,0.529,20.9
DRV_000110,Ridgeline,2023-09-01,comfort,churned,3.65,40,0.403,0.43,35.8
DRV_000111,Harbor City,2023-08-13,economy,active,3.05,67,0.627,0.38,11.3
DRV_000112,Summit Town,2023-09-05,economy,churned,3.7,82,0.492,0.507,25.2
DRV_000113,Eastport,2023-08-26,economy,suspended,3.34,41,0.488,0.493,29.6
DRV_000114,Harbor City,2023-08-21,economy,active,3.53,48,0.502,0.425,19.6
DRV_000115,Northgate,2023-08-23,economy,active,3.41,34,0.571,0.492,13.0
DRV_000116,Clearwater,2023-08-26,economy,active,3.63,36,0.494,0.367,16.5
DRV_000117,Valleyford,2023-08-02,comfort,active,3.46,112,0.493,0.447,12.1
DRV_000118,Southbrook,2023-08-07,economy,active,2.81,100,0.416,0.516,36.6
DRV_000119,Clearwater,2023-08-12,economy,active,3.19,39,0.504,0.379,10.1
DRV_000120,Northgate,2023-08-06,economy,active,3.74,77,0.437,0.421,12.1
DRV_000121,Lakewood,2023-08-20,comfort,active,3.25,30,0.614,0.538,33.9
DRV_000122,Metro City,2023-08-31,economy,active,3.63,105,0.484,0.5,19.0
DRV_000123,Lakewood,2023-08-30,comfort,churned,3.67,96,0.64,0.522,20.9
DRV_000124,Ridgeline,2023-08-22,economy,active,3.13,98,0.571,0.396,19.2
DRV_000125,Ridgeline,2023-09-08,economy,active,3.66,51,0.589,0.549,36.7
DRV_000126,Pinecrest,2023-08-26,comfort,active,3.18,57,0.637,0.338,37.9
DRV_000127,Pinecrest,2023-08-04,economy,active,2.83,107,0.46,0.43,37.9
DRV_000128,Ridgeline,2023-09-04,comfort,active,3.49,76,0.542,0.42,19.2
DRV_000129,Southbrook,2023-08-26,economy,active,3.62,78,0.41,0.5,16.0
DRV_000130,Clearwater,2023-08-29,economy,churned,3.25,118,0.425,0.527,34.8
DRV_000131,Northgate,2023-08-26,economy,suspended,2.97,102,0.492,0.483,35.5
DRV_000132,Eastport,2023-08-25,economy,suspended,3.42,55,0.571,0.457,20.6
DRV_000133,Northgate,2023-08-05,economy,active,3.54,25,0.608,0.407,27.3
DRV_000134,Ridgeline,2023-08-26,xl,active,3.45,43,0.464,0.428,21.7
DRV_000135,Ridgeline,2023-09-05,economy,active,3.16,95,0.587,0.427,10.4
DRV_000136,Lakewood,2023-08-14,comfort,active,3.17,36,0.456,0.305,22.3
DRV_000137,Clearwater,2023-08-28,economy,active,3.35,50,0.402,0.426,36.8
DRV_000138,Northgate,2023-08-02,comfort,suspended,2.99,113,0.414,0.514,35.7
DRV_000139,Westville,2023-08-16,xl,churned,3.65,63,0.546,0.477,13.1
DRV_000140,Lakewood,2023-08-20,economy,suspended,2.9,44,0.524,0.499,19.2
DRV_000141,Northgate,2023-09-14,xl,churned,3.29,74,0.468,0.398,12.2
DRV_000142,Pinecrest,2023-08-10,xl,churned,3.66,112,0.402,0.432,18.9
DRV_000143,Harbor City,2023-08-13,xl,active,3.33,41,0.542,0.308,18.9
DRV_000144,Clearwater,2023-08-19,economy,active,3.56,79,0.604,0.396,11.6
DRV_000145,Valleyford,2023-09-14,comfort,active,3.04,99,0.417,0.419,36.9
DRV_000146,Ridgeline,2023-09-08,economy,active,3.25,79,0.584,0.364,35.2
DRV_000147,Lakewood,2023-08-02,economy,suspended,3.51,108,0.559,0.308,37.9
DRV_000148,Ridgeline,2023-08-11,economy,active,3.69,60,0.52,0.473,32.3
DRV_000149,Southbrook,2023-09-06,economy,active,3.44,99,0.412,0.409,32.8
DRV_000150,Summit Town,2023-08-03,comfort,active,3.04,59,0.631,0.404,33.6
DRV_000151,Ridgeline,2023-09-08,economy,active,2.95,26,0.519,0.362,30.3
DRV_000152,Pinecrest,2023-08-13,economy,active,3.64,52,0.5,0.434,15.3
DRV_000153,Eastport,2023-09-11,economy,active,3.35,34,0.615,0.41,15.3
DRV_000154,Eastport,2023-08-14,comfort,active,2.98,92,0.611,0.418,25.0
DRV_000155,Lakewood,2023-08-20,xl,active,3.29,60,0.582,0.445,30.7
DRV_000156,Valleyford,2023-08-30,economy,active,2.93,93,0.607,0.302,10.9
DRV_000157,Clearwater,2023-08-06,economy,active,2.91,94,0.431,0.527,26.4
DRV_000158,Westville,2023-08-26,economy,churned,3.72,73,0.59,0.318,36.6
DRV_000159,Westville,2023-08-23,economy,active,3.34,112,0.482,0.413,13.8
DRV_000160,Westville,2023-09-05,economy,churned,3.05,64,0.617,0.352,19.4
DRV_000161,Westville,2023-09-14,comfort,active,3.68,89,0.493,0.431,39.6
DRV_000162,Summit Town,2023-08-30,comfort,suspended,3.8,83,0.414,0.37,19.9
DRV_000163,Westville,2023-08-19,economy,active,3.68,91,0.504,0.515,10.9
DRV_000164,Westville,2023-08-19,economy,suspended,3.55,69,0.589,0.399,30.5
DRV_000165,Northgate,2023-08-19,economy,active,3.76,62,0.525,0.46,39.5
DRV_000166,Valleyford,2023-09-06,economy,active,3.0,102,0.591,0.362,16.9
DRV_000167,Clearwater,2023-08-15,comfort,active,3.68,110,0.409,0.305,16.5
DRV_000168,Pinecrest,2023-08-08,comfort,active,3.16,26,0.444,0.401,23.0
DRV_000169,Ridgeline,2023-08-16,economy,active,2.83,117,0.541,0.434,26.1
DRV_000170,Valleyford,2023-08-02,economy,active,2.83,110,0.496,0.415,34.4
DRV_000171,Westville,2023-08-05,economy,active,2.99,78,0.57,0.541,39.8
DRV_000172,Harbor City,2023-08-05,xl,churned,3.58,72,0.641,0.477,34.4
DRV_000173,Metro City,2023-09-04,economy,active,3.7,65,0.565,0.549,18.7
DRV_000174,Valleyford,2023-09-02,economy,active,2.93,70,0.504,0.374,33.6
DRV_000175,Lakewood,2023-09-01,economy,active,3.65,37,0.536,0.497,28.9
DRV_000176,Summit Town,2023-08-21,economy,active,3.56,59,0.628,0.439,24.7
DRV_000177,Ridgeline,2023-09-02,comfort,active,2.85,114,0.568,0.453,29.0
DRV_000178,Pinecrest,2023-08-08,economy,active,3.53,73,0.601,0.546,23.2
DRV_000179,Metro City,2023-09-10,economy,active,2.84,56,0.475,0.463,29.0
DRV_000180,Northgate,2023-08-23,xl,active,3.06,42,0.586,0.525,32.1
DRV_000181,Lakewood,2023-09-12,economy,churned,3.33,97,0.435,0.481,10.4
DRV_000182,Clearwater,2023-08-07,economy,churned,3.71,69,0.587,0.332,28.5
DRV_000183,Pinecrest,2023-08-23,economy,suspended,2.91,77,0.62,0.475,14.6
DRV_000184,Lakewood,2023-09-01,comfort,active,3.15,59,0.625,0.421,20.1
DRV_000185,Ridgeline,2023-08-23,xl,active,3.38,23,0.429,0.53,23.3
DRV_000186,Westville,2023-08-21,comfort,active,3.54,49,0.607,0.502,39.2
DRV_000187,Pinecrest,2023-08-08,economy,suspended,3.72,79,0.427,0.326,19.8
DRV_000188,Clearwater,2023-08-18,economy,active,3.27,41,0.52,0.333,34.6
DRV_000189,Southbrook,2023-08-11,economy,active,3.64,70,0.571,0.317,20.1
DRV_000190,Southbrook,2023-08-14,xl,active,3.42,106,0.521,0.423,16.9
DRV_000191,Summit Town,2023-08-31,xl,suspended,3.0,38,0.485,0.32,23.0
DRV_000192,Eastport,2023-08-29,comfort,active,3.38,105,0.571,0.481,12.7
DRV_000193,Pinecrest,2023-08-28,xl,active,3.11,33,0.565,0.438,34.6
DRV_000194,Ridgeline,2023-08-17,comfort,active,3.5,68,0.546,0.509,24.9
DRV_000195,Eastport,2023-09-13,comfort,active,3.08,84,0.532,0.37,30.6
DRV_000196,Summit Town,2023-08-04,comfort,churned,3.06,43,0.576,0.43,33.9
DRV_000197,Summit Town,2023-08-16,economy,active,3.75,43,0.501,0.329,22.3
DRV_000198,Clearwater,2023-08-06,comfort,active,3.71,65,0.417,0.521,23.5
DRV_000199,Ridgeline,2023-08-16,economy,active,3.25,22,0.534,0.344,17.6
DRV_000200,Northgate,2023-09-13,xl,active,3.57,112,0.581,0.326,31.4
DRV_000201,Metro City,2023-08-17,economy,active,3.78,45,0.475,0.351,35.0
DRV_000202,Pinecrest,2023-09-10,comfort,churned,2.89,97,0.435,0.502,27.2
DRV_000203,Pinecrest,2023-08-23,economy,active,3.41,48,0.628,0.326,11.2
DRV_000204,Northgate,2023-09-01,comfort,active,3.05,100,0.616,0.454,31.3
DRV_000205,Westville,2023-08-21,comfort,active,3.6,38,0.555,0.487,30.0
DRV_000206,Harbor City,2023-08-12,comfort,active,2.9,90,0.597,0.488,20.3
DRV_000207,Summit Town,2023-09-04,xl,churned,3.59,92,0.642,0.348,22.3
DRV_000208,Westville,2023-09-13,economy,active,3.0,92,0.542,0.315,24.9
DRV_000209,Northgate,2023-08-12,comfort,active,3.26,25,0.461,0.412,33.7
DRV_000210,Northgate,2023-09-05,economy,active,3.61,34,0.56,0.351,30.4
DRV_000211,Eastport,2023-08-12,xl,suspended,2.87,107,0.629,0.475,25.5
DRV_000212,Summit Town,2023-09-02,comfort,active,3.73,54,0.573,0.389,34.2
DRV_000213,Clearwater,2023-09-05,economy,active,3.02,100,0.407,0.412,35.8
DRV_000214,Lakewood,2023-08-21,xl,active,3.3,103,0.629,0.328,11.6
DRV_000215,Southbrook,2023-09-03,comfort,active,3.53,89,0.588,0.442,12.1
DRV_000216,Pinecrest,2023-08-13,comfort,churned,2.92,37,0.5,0.346,24.3
DRV_000217,Summit Town,2023-08-04,economy,active,3.41,53,0.647,0.47,33.4
DRV_000218,Lakewood,2023-08-05,economy,active,3.32,27,0.58,0.318,13.3
DRV_000219,Clearwater,2023-08-21,comfort,active,3.39,20,0.606,0.544,35.9
DRV_000220,Metro City,2023-09-10,economy,active,3.46,104,0.636,0.471,14.1
DRV_000221,Ridgeline,2023-08-06,comfort,active,3.22,67,0.41,0.345,30.9
DRV_000222,Ridgeline,2023-08-21,comfort,active,3.1,98,0.594,0.304,34.1
DRV_000223,Lakewood,2023-09-01,economy,active,2.98,35,0.497,0.384,11.4
DRV_000224,Lakewood,2023-08-10,economy,active,3.74,35,0.617,0.338,35.5
DRV_000225,Westville,2023-09-02,comfort,active,3.2,76,0.62,0.355,35.2
DRV_000226,Northgate,2023-08-14,comfort,active,3.08,72,0.607,0.518,14.4
DRV_000227,Ridgeline,2023-09-06,economy,churned,2.85,61,0.595,0.451,16.3
DRV_000228,Eastport,2023-08-27,economy,churned,3.55,24,0.599,0.344,35.8
DRV_000229,Northgate,2023-08-25,economy,active,3.33,46,0.474,0.439,39.0
DRV_000230,Lakewood,2023-08-08,economy,active,2.99,34,0.502,0.364,24.5
DRV_000231,Westville,2023-08-21,economy,active,3.69,36,0.429,0.544,13.8
DRV_000232,Clearwater,2023-09-08,economy,churned,3.73,45,0.608,0.308,18.4
DRV_000233,Clearwater,2023-08-01,economy,active,3.68,86,0.562,0.483,20.1
DRV_000234,Southbrook,2023-09-04,economy,active,3.36,90,0.553,0.493,28.9
DRV_000235,Northgate,2023-08-23,xl,active,3.17,100,0.462,0.317,31.7
DRV_000236,Harbor City,2023-09-02,comfort,active,2.96,50,0.554,0.343,28.2
DRV_000237,Clearwater,2023-08-30,economy,active,3.18,74,0.514,0.396,36.7
DRV_000238,Metro City,2023-08-20,economy,churned,3.41,101,0.649,0.517,10.3
DRV_000239,Metro City,2023-08-14,economy,active,3.03,68,0.616,0.434,21.7
DRV_000240,Pinecrest,2023-08-29,economy,active,3.26,22,0.531,0.464,18.8
DRV_000241,Pinecrest,2023-08-07,xl,active,3.37,69,0.602,0.496,32.6
DRV_000242,Valleyford,2023-08-27,economy,active,3.53,20,0.441,0.507,30.4
DRV_000243,Ridgeline,2023-08-05,xl,active,2.89,58,0.425,0.419,36.7
DRV_000244,Southbrook,2023-08-30,economy,churned,3.67,49,0.558,0.427,19.4
DRV_000245,Metro City,2023-08-29,economy,active,3.26,111,0.582,0.48,35.7
DRV_000246,Lakewood,2023-08-04,xl,active,3.38,93,0.413,0.366,26.2
DRV_000247,Westville,2023-09-04,comfort,active,3.74,85,0.45,0.514,14.6
DRV_000248,Metro City,2023-08-19,comfort,active,2.97,115,0.534,0.305,34.9
DRV_000249,Harbor City,2023-09-05,economy,active,3.68,114,0.416,0.349,17.0
DRV_000250,Summit Town,2023-08-02,economy,active,3.6,51,0.506,0.5,32.8
DRV_000251,Valleyford,2023-08-09,economy,active,3.79,75,0.521,0.385,26.1
DRV_000252,Harbor City,2023-08-23,economy,churned,3.19,75,0.63,0.337,25.4
DRV_000253,Eastport,2023-08-09,comfort,active,2.93,22,0.479,0.347,26.0
DRV_000254,Westville,2023-08-15,comfort,active,2.81,24,0.442,0.433,39.3
DRV_000255,Westville,2023-08-30,xl,active,3.59,53,0.402,0.512,27.5
DRV_000256,Pinecrest,2023-08-07,economy,churned,2.94,20,0.43,0.318,11.3
DRV_000257,Valleyford,2023-08-31,economy,active,3.11,88,0.588,0.308,38.7
DRV_000258,Valleyford,2023-08-05,xl,active,3.79,21,0.511,0.416,18.4
DRV_000259,Metro City,2023-08-08,economy,active,3.24,42,0.45,0.539,24.1
DRV_000260,Eastport,2023-08-27,economy,churned,3.03,29,0.633,0.37,34.7
DRV_000261,Lakewood,2023-09-05,economy,active,3.55,69,0.597,0.54,12.5
DRV_000262,Lakewood,2023-08-08,economy,churned,3.07,107,0.429,0.522,17.0
DRV_000263,Westville,2023-08-14,economy,active,3.33,25,0.467,0.371,36.3
DRV_000264,Lakewood,2023-09-11,economy,suspended,2.96,84,0.612,0.504,13.5
DRV_000265,Ridgeline,2023-09-14,comfort,active,3.26,74,0.573,0.471,25.5
DRV_000266,Southbrook,2023-08-27,comfort,active,2.91,109,0.636,0.428,15.6
DRV_000267,Harbor City,2023-08-21,economy,active,3.57,79,0.419,0.406,20.6
DRV_000268,Clearwater,2023-08-16,economy,active,3.17,103,0.594,0.504,33.7
DRV_000269,Westville,2023-08-28,economy,active,3.12,89,0.419,0.498,38.8
DRV_000270,Pinecrest,2023-08-27,comfort,active,3.79,96,0.484,0.489,27.2
DRV_000271,Valleyford,2023-08-14,comfort,active,3.63,68,0.588,0.55,20.9
DRV_000272,Clearwater,2023-08-02,economy,churned,3.35,55,0.578,0.42,12.4
DRV_000273,Northgate,2023-08-07,comfort,active,3.74,71,0.401,0.502,22.0
DRV_000274,Harbor City,2023-09-13,comfort,active,3.01,33,0.45,0.516,34.4
DRV_000275,Lakewood,2023-08-19,economy,active,3.37,91,0.595,0.353,32.7
DRV_000276,Valleyford,2023-08-22,xl,churned,3.73,30,0.432,0.311,20.7
DRV_000277,Eastport,2023-08-22,xl,active,3.37,113,0.482,0.401,15.1
DRV_000278,Eastport,2023-09-05,economy,active,3.11,22,0.446,0.514,26.3
DRV_000279,Northgate,2023-08-03,comfort,churned,3.61,31,0.428,0.372,35.0
DRV_000280,Northgate,2023-08-04,economy,active,2.94,37,0.609,0.475,26.9
DRV_000281,Clearwater,2023-08-13,comfort,active,2.95,38,0.415,0.302,26.3
DRV_000282,Lakewood,2023-08-22,economy,active,3.53,21,0.534,0.389,31.2
DRV_000283,Pinecrest,2023-08-31,economy,active,2.87,118,0.573,0.454,13.9
DRV_000284,Lakewood,2023-08-23,comfort,active,2.85,88,0.414,0.332,28.6
DRV_000285,Valleyford,2023-08-20,economy,active,3.18,50,0.558,0.524,12.3
DRV_000286,Metro City,2023-09-12,xl,churned,3.2,58,0.484,0.339,14.8
DRV_000287,Eastport,2023-08-08,comfort,active,3.27,42,0.608,0.527,11.5
DRV_000288,Ridgeline,2023-08-26,comfort,churned,3.54,72,0.599,0.354,28.4
DRV_000289,Northgate,2023-08-25,economy,active,3.37,59,0.598,0.549,38.9
DRV_000290,Metro City,2023-08-22,economy,active,3.51,67,0.5,0.451,14.5
DRV_000291,Valleyford,2023-09-06,comfort,active,2.85,59,0.606,0.321,24.1
DRV_000292,Eastport,2023-08-13,economy,active,3.12,48,0.557,0.316,36.8
DRV_000293,Clearwater,2023-09-12,comfort,active,3.77,70,0.495,0.319,35.5
DRV_000294,Northgate,2023-08-15,comfort,active,3.23,31,0.42,0.447,22.7
DRV_000295,Harbor City,2023-08-25,xl,churned,3.02,75,0.417,0.502,32.3
DRV_000296,Clearwater,2023-08-24,comfort,active,3.79,74,0.463,0.401,11.3
DRV_000297,Southbrook,2023-09-08,comfort,active,3.21,31,0.475,0.411,32.7
DRV_000298,Eastport,2023-08-20,comfort,suspended,3.28,106,0.632,0.447,31.8
DRV_000299,Southbrook,2023-08-13,comfort,active,3.02,115,0.65,0.433,27.5
DRV_000300,Southbrook,2023-08-01,economy,active,3.46,94,0.436,0.472,13.4
DRV_000301,Ridgeline,2023-08-17,economy,active,3.01,114,0.636,0.418,18.9
DRV_000302,Ridgeline,2023-09-07,xl,active,3.41,113,0.577,0.478,15.2
DRV_000303,Summit Town,2023-08-01,comfort,active,3.56,93,0.525,0.549,11.8
DRV_000304,Westville,2023-09-10,xl,active,3.45,55,0.639,0.388,37.0
DRV_000305,Eastport,2023-08-25,comfort,active,2.89,40,0.578,0.303,15.4
DRV_000306,Metro City,2023-08-07,economy,active,2.88,104,0.548,0.331,16.2
DRV_000307,Metro City,2023-08-14,xl,active,3.64,68,0.452,0.438,31.0
DRV_000308,Metro City,2023-08-25,economy,active,3.7,92,0.461,0.386,19.7
DRV_000309,Southbrook,2023-08-15,economy,active,2.94,109,0.628,0.535,22.1
DRV_000310,Summit Town,2023-08-05,economy,active,3.18,114,0.454,0.457,11.7
DRV_000311,Metro City,2023-08-30,comfort,churned,3.45,88,0.408,0.43,37.8
DRV_000312,Metro City,2023-08-31,comfort,active,3.64,48,0.467,0.5,39.9
DRV_000313,Northgate,2023-08-06,comfort,active,3.71,28,0.52,0.365,21.0
DRV_000314,Ridgeline,2023-08-13,comfort,churned,3.5,100,0.495,0.505,16.5
DRV_000315,Ridgeline,2023-08-11,comfort,active,2.95,22,0.634,0.301,31.2
DRV_000316,Metro City,2023-08-30,economy,active,3.57,70,0.505,0.455,32.7
DRV_000317,Metro City,2023-09-02,comfort,active,3.66,49,0.622,0.534,14.6
DRV_000318,Valleyford,2023-09-02,economy,suspended,3.15,63,0.549,0.497,24.6
DRV_000319,Valleyford,2023-09-12,xl,active,3.29,107,0.531,0.513,15.9
DRV_000320,Pinecrest,2023-09-04,economy,active,2.97,66,0.44,0.399,17.0
DRV_000321,Westville,2023-08-15,economy,active,3.1,34,0.468,0.506,24.8
DRV_000322,Summit Town,2023-08-05,economy,active,3.67,63,0.617,0.438,22.0
DRV_000323,Pinecrest,2023-08-28,economy,active,2.89,30,0.595,0.455,24.3
DRV_000324,Summit Town,2023-09-11,comfort,active,3.56,107,0.512,0.315,21.5
DRV_000325,Ridgeline,2023-09-13,comfort,churned,2.9,23,0.627,0.35,12.2
DRV_000326,Summit Town,2023-08-11,economy,active,3.09,114,0.605,0.438,12.3
DRV_000327,Westville,2023-08-11,comfort,churned,3.38,42,0.428,0.315,17.9
DRV_000328,Metro City,2023-08-02,comfort,active,2.8,86,0.551,0.485,25.7
DRV_000329,Summit Town,2023-08-07,comfort,suspended,3.48,108,0.6,0.51,16.4
DRV_000330,Ridgeline,2023-08-25,economy,active,3.12,39,0.602,0.53,28.8
DRV_000331,Ridgeline,2023-08-25,xl,active,3.55,113,0.423,0.325,32.9
DRV_000332,Pinecrest,2023-08-17,economy,active,3.78,62,0.456,0.535,36.8
DRV_000333,Summit Town,2023-08-14,xl,churned,3.22,70,0.503,0.317,38.3
DRV_000334,Westville,2023-09-07,economy,active,2.83,55,0.463,0.419,20.9
DRV_000335,Northgate,2023-08-21,economy,active,3.65,118,0.427,0.51,38.3
DRV_000336,Eastport,2023-09-06,comfort,churned,3.07,87,0.557,0.318,36.3
DRV_000337,Northgate,2023-09-13,comfort,active,2.95,55,0.527,0.305,19.5
DRV_000338,Southbrook,2023-08-15,economy,active,3.68,27,0.439,0.306,21.1
DRV_000339,Harbor City,2023-08-10,xl,active,3.03,109,0.547,0.428,15.0
DRV_000340,Clearwater,2023-09-12,economy,active,3.41,85,0.416,0.503,36.1
DRV_000341,Eastport,2023-08-29,economy,active,3.05,32,0.496,0.332,25.9
DRV_000342,Valleyford,2023-08-14,economy,active,3.51,66,0.598,0.331,16.2
DRV_000343,Harbor City,2023-08-28,comfort,active,3.45,46,0.623,0.442,34.3
DRV_000344,Valleyford,2023-08-24,comfort,active,3.31,46,0.461,0.359,35.5
DRV_000345,Valleyford,2023-09-10,xl,churned,3.36,67,0.615,0.483,29.2
DRV_000346,Northgate,2023-08-12,economy,active,3.03,26,0.623,0.537,21.8
DRV_000347,Valleyford,2023-09-14,comfort,active,2.82,44,0.552,0.492,16.6
DRV_000348,Valleyford,2023-09-12,comfort,active,3.6,25,0.646,0.519,33.0
DRV_000349,Harbor City,2023-08-09,economy,active,3.69,113,0.462,0.43,33.1
DRV_000350,Westville,2023-08-08,comfort,active,3.58,109,0.417,0.508,25.3
DRV_000351,Summit Town,2023-08-24,economy,suspended,3.51,36,0.611,0.346,32.3
DRV_000352,Summit Town,2023-08-03,comfort,active,3.27,77,0.523,0.317,16.0
DRV_000353,Southbrook,2023-08-14,economy,active,3.38,42,0.487,0.464,25.9
DRV_000354,Lakewood,2023-08-20,comfort,active,3.49,75,0.414,0.313,19.8
DRV_000355,Lakewood,2023-09-13,economy,active,2.83,65,0.416,0.523,39.7
DRV_000356,Pinecrest,2023-09-14,economy,active,3.22,21,0.423,0.473,22.7
DRV_000357,Northgate,2023-08-07,economy,active,3.02,99,0.446,0.538,16.2
DRV_000358,Summit Town,2023-09-10,economy,active,3.16,97,0.643,0.378,15.9
DRV_000359,Westville,2023-08-05,economy,churned,3.55,25,0.47,0.422,39.9
DRV_000360,Southbrook,2023-09-03,comfort,active,3.16,41,0.604,0.485,40.0
DRV_000361,Lakewood,2023-09-08,economy,active,3.54,31,0.405,0.361,34.0
DRV_000362,Northgate,2023-09-10,comfort,active,3.77,58,0.48,0.435,24.4
DRV_000363,Lakewood,2023-08-11,economy,active,3.72,64,0.627,0.465,30.0
DRV_000364,Northgate,2023-09-10,economy,active,3.63,84,0.446,0.545,31.1
DRV_000365,Southbrook,2023-08-06,comfort,churned,3.65,83,0.471,0.486,13.9
DRV_000366,Westville,2023-08-24,economy,active,3.19,33,0.607,0.33,14.3
DRV_000367,Southbrook,2023-08-22,comfort,active,3.53,67,0.43,0.419,21.8
DRV_000368,Pinecrest,2023-08-15,comfort,active,3.47,99,0.413,0.447,21.2
DRV_000369,Summit Town,2023-08-01,comfort,active,3.78,108,0.641,0.337,24.0
DRV_000370,Summit Town,2023-09-04,economy,active,3.37,103,0.501,0.408,19.1
DRV_000371,Valleyford,2023-08-16,comfort,active,3.23,49,0.564,0.371,28.5
DRV_000372,Clearwater,2023-08-30,comfort,active,3.64,71,0.432,0.33,32.6
DRV_000373,Southbrook,2023-08-19,xl,active,3.55,34,0.455,0.428,36.1
DRV_000374,Summit Town,2023-08-17,comfort,active,2.92,56,0.515,0.341,22.3
DRV_000375,Clearwater,2023-09-09,economy,active,3.4,48,0.569,0.448,18.8
DRV_000376,Eastport,2023-08-05,economy,active,3.39,45,0.473,0.342,14.5
DRV_000377,Pinecrest,2023-09-03,comfort,active,3.43,107,0.621,0.481,26.8
DRV_000378,Metro City,2023-09-03,xl,active,3.74,92,0.595,0.349,11.1
DRV_000379,Northgate,2023-08-18,economy,active,3.4,105,0.538,0.524,35.7
DRV_000380,Northgate,2023-08-12,economy,active,3.67,54,0.515,0.307,24.3
DRV_000381,Valleyford,2023-08-01,comfort,active,3.16,59,0.555,0.43,28.3
DRV_000382,Ridgeline,2023-09-12,comfort,active,2.86,100,0.583,0.38,22.0
DRV_000383,Northgate,2023-09-12,economy,suspended,3.18,24,0.434,0.356,10.1
DRV_000384,Pinecrest,2023-08-11,comfort,active,3.33,93,0.613,0.418,33.7
DRV_000385,Westville,2023-08-02,economy,active,3.63,87,0.522,0.511,24.2
DRV_000386,Valleyford,2023-08-06,economy,active,3.43,55,0.634,0.529,22.2
DRV_000387,Clearwater,2023-08-04,economy,churned,3.24,114,0.639,0.376,32.8
DRV_000388,Metro City,2023-09-07,economy,active,3.26,42,0.408,0.339,20.4
DRV_000389,Pinecrest,2023-09-10,xl,churned,3.8,53,0.496,0.48,29.4
DRV_000390,Ridgeline,2023-08-07,xl,active,2.94,55,0.532,0.445,31.8
DRV_000391,Eastport,2023-09-03,comfort,active,3.01,56,0.535,0.35,39.5
DRV_000392,Northgate,2023-08-09,economy,active,3.43,54,0.606,0.49,33.1
DRV_000393,Eastport,2023-08-17,comfort,active,3.5,67,0.435,0.43,10.7
DRV_000394,Northgate,2023-08-27,xl,churned,3.19,115,0.556,0.463,28.7
DRV_000395,Northgate,2023-09-02,xl,active,2.83,68,0.636,0.39,28.5
DRV_000396,Valleyford,2023-09-09,economy,active,3.32,82,0.649,0.41,13.7
DRV_000397,Northgate,2023-08-03,comfort,active,2.94,86,0.403,0.345,32.5
DRV_000398,Clearwater,2023-08-09,economy,active,2.86,85,0.643,0.489,21.2
DRV_000399,Harbor City,2023-08-13,comfort,active,3.14,53,0.431,0.339,28.7
DRV_000400,Ridgeline,2023-08-14,economy,churned,2.94,48,0.534,0.495,18.1
DRV_000401,Clearwater,2023-09-14,comfort,active,3.24,56,0.462,0.5,15.3
DRV_000402,Metro City,2023-09-04,comfort,churned,3.56,56,0.552,0.487,21.9
DRV_000403,Lakewood,2023-08-15,economy,active,2.85,102,0.409,0.305,16.2
DRV_000404,Northgate,2023-09-13,comfort,active,3.3,66,0.46,0.368,39.6
DRV_000405,Valleyford,2023-08-23,economy,active,3.3,113,0.475,0.417,31.8
DRV_000406,Summit Town,2023-08-23,xl,active,2.8,117,0.629,0.449,11.1
DRV_000407,Summit Town,2023-08-20,economy,churned,3.54,87,0.546,0.53,21.5
DRV_000408,Ridgeline,2023-08-07,economy,active,2.89,86,0.577,0.394,37.4
DRV_000409,Northgate,2023-09-12,comfort,active,3.73,32,0.569,0.519,27.9
DRV_000410,Clearwater,2023-08-01,xl,churned,3.44,35,0.498,0.341,24.5
DRV_000411,Harbor City,2023-08-08,comfort,active,3.09,91,0.404,0.393,26.1
DRV_000412,Lakewood,2023-08-11,xl,active,3.73,119,0.427,0.313,19.1
DRV_000413,Lakewood,2023-08-13,economy,active,3.2,100,0.515,0.486,21.7
DRV_000414,Lakewood,2023-08-06,economy,active,3.06,46,0.635,0.338,15.9
DRV_000415,Clearwater,2023-08-01,xl,active,3.18,87,0.462,0.364,31.3
DRV_000416,Harbor City,2023-08-31,economy,suspended,3.41,82,0.575,0.494,17.1
DRV_000417,Clearwater,2023-09-13,xl,active,3.52,25,0.607,0.434,22.7
DRV_000418,Clearwater,2023-08-06,xl,suspended,3.46,107,0.627,0.303,37.8
DRV_000419,Northgate,2023-08-14,economy,active,3.72,54,0.473,0.301,22.2
DRV_000420,Summit Town,2023-08-23,comfort,active,3.76,81,0.633,0.428,20.1
DRV_000421,Southbrook,2023-09-11,comfort,active,3.0,53,0.552,0.376,22.7
DRV_000422,Harbor City,2023-09-01,economy,active,3.71,112,0.527,0.345,17.5
DRV_000423,Summit Town,2023-09-04,economy,active,2.91,66,0.595,0.453,32.0
DRV_000424,Summit Town,2023-08-27,xl,suspended,3.76,104,0.46,0.357,30.4
DRV_000425,Westville,2023-08-19,economy,churned,3.06,113,0.603,0.448,17.6
DRV_000426,Valleyford,2023-08-09,economy,active,3.07,23,0.562,0.395,22.6
DRV_000427,Harbor City,2023-09-08,economy,active,3.22,62,0.6,0.347,26.0
DRV_000428,Valleyford,2023-09-06,economy,active,2.98,88,0.614,0.335,36.0
DRV_000429,Clearwater,2023-08-02,economy,churned,3.63,104,0.554,0.359,20.1
DRV_000430,Summit Town,2023-09-02,economy,active,2.92,92,0.409,0.307,27.3
DRV_000431,Westville,2023-08-04,comfort,active,3.24,85,0.474,0.377,38.2
DRV_000432,Westville,2023-09-03,xl,active,3.71,57,0.62,0.525,17.8
DRV_000433,Ridgeline,2023-09-07,economy,suspended,3.44,36,0.557,0.508,31.8
DRV_000434,Metro City,2023-08-06,comfort,active,3.41,110,0.623,0.393,29.7
DRV_000435,Ridgeline,2023-08-20,comfort,active,3.79,24,0.496,0.444,14.5
DRV_000436,Westville,2023-08-06,comfort,active,2.82,100,0.526,0.442,39.5
DRV_000437,Pinecrest,2023-08-26,economy,churned,3.12,23,0.616,0.507,33.5
DRV_000438,Harbor City,2023-09-11,economy,active,2.93,56,0.591,0.359,22.9
DRV_000439,Summit Town,2023-08-04,economy,churned,2.98,105,0.494,0.374,26.8
DRV_000440,Clearwater,2023-08-18,comfort,active,3.02,42,0.406,0.375,20.8
DRV_000441,Northgate,2023-09-13,economy,churned,3.43,46,0.62,0.31,17.9
DRV_000442,Metro City,2023-08-14,economy,active,3.07,41,0.597,0.379,36.9
DRV_000443,Harbor City,2023-08-06,economy,active,3.46,88,0.512,0.519,27.6
DRV_000444,Harbor City,2023-08-22,comfort,churned,3.54,42,0.537,0.528,21.1
DRV_000445,Lakewood,2023-08-23,comfort,active,3.2,89,0.451,0.327,35.5
DRV_000446,Ridgeline,2023-08-30,economy,active,3.34,78,0.503,0.415,23.3
DRV_000447,Pinecrest,2023-08-15,economy,active,2.93,109,0.441,0.395,15.5
DRV_000448,Ridgeline,2023-09-13,economy,active,3.55,84,0.453,0.422,14.6
DRV_000449,Summit Town,2023-08-24,economy,active,3.22,60,0.612,0.439,38.2
DRV_000450,Northgate,2023-08-13,economy,suspended,3.63,34,0.491,0.305,21.5
DRV_000451,Harbor City,2023-09-13,economy,active,3.33,64,0.604,0.511,21.9
DRV_000452,Eastport,2023-09-11,xl,churned,3.5,74,0.518,0.543,26.1
DRV_000453,Pinecrest,2023-08-23,economy,churned,3.16,113,0.418,0.463,27.3
DRV_000454,Metro City,2023-08-02,comfort,active,3.17,45,0.49,0.465,23.0
DRV_000455,Ridgeline,2023-08-27,comfort,active,3.24,58,0.44,0.432,38.1
DRV_000456,Westville,2023-08-25,economy,active,3.44,111,0.573,0.384,19.9
DRV_000457,Metro City,2023-08-07,economy,suspended,3.31,111,0.628,0.337,13.4
DRV_000458,Metro City,2023-08-29,economy,churned,3.6,105,0.591,0.446,39.9
DRV_000459,Ridgeline,2023-09-07,economy,active,2.85,37,0.595,0.311,16.6
DRV_000460,Lakewood,2023-08-05,xl,active,3.7,31,0.615,0.506,38.3
DRV_000461,Harbor City,2023-09-02,xl,active,3.73,57,0.594,0.405,35.4
DRV_000462,Ridgeline,2023-08-07,xl,active,3.04,45,0.542,0.404,33.3
DRV_000463,Eastport,2023-09-03,economy,active,2.9,51,0.579,0.382,14.0
DRV_000464,Ridgeline,2023-08-19,economy,churned,3.37,114,0.504,0.542,11.0
DRV_000465,Lakewood,2023-08-01,comfort,active,2.86,73,0.418,0.344,15.1
DRV_000466,Pinecrest,2023-09-13,economy,active,3.03,49,0.576,0.338,22.1
DRV_000467,Lakewood,2023-08-08,economy,active,3.31,92,0.58,0.341,33.8
DRV_000468,Metro City,2023-08-27,economy,active,3.41,101,0.456,0.465,21.8
DRV_000469,Westville,2023-08-09,economy,active,2.99,63,0.638,0.548,10.9
DRV_000470,Harbor City,2023-09-11,economy,suspended,3.73,25,0.413,0.359,12.2
DRV_000471,Metro City,2023-09-03,economy,active,2.98,66,0.584,0.526,23.8
DRV_000472,Eastport,2023-09-06,comfort,active,2.95,58,0.642,0.37,10.9
DRV_000473,Summit Town,2023-08-20,comfort,active,2.96,38,0.477,0.462,32.7
DRV_000474,Ridgeline,2023-08-22,economy,churned,3.73,81,0.628,0.31,17.4
DRV_000475,Valleyford,2023-08-29,economy,active,3.68,93,0.607,0.424,24.6
DRV_000476,Valleyford,2023-09-05,economy,active,2.83,59,0.586,0.464,33.8
DRV_000477,Valleyford,2023-09-08,economy,active,3.53,58,0.638,0.434,26.6
DRV_000478,Ridgeline,2023-08-01,comfort,active,2.87,99,0.564,0.359,36.5
DRV_000479,Harbor City,2023-08-30,economy,active,2.88,37,0.524,0.507,35.4
DRV_000480,Southbrook,2023-08-05,economy,active,2.88,117,0.569,0.543,15.2
DRV_000481,Pinecrest,2023-08-13,comfort,active,3.63,61,0.503,0.415,10.7
DRV_000482,Southbrook,2023-09-07,economy,churned,3.23,71,0.481,0.459,35.9
DRV_000483,Ridgeline,2023-08-12,economy,churned,3.36,79,0.421,0.498,29.7
DRV_000484,Harbor City,2023-09-05,economy,active,2.83,66,0.495,0.36,37.6
DRV_000485,Northgate,2023-08-21,economy,churned,3.7,24,0.601,0.516,12.5
DRV_000486,Clearwater,2023-08-11,economy,active,3.78,90,0.636,0.37,39.6
DRV_000487,Summit Town,2023-08-16,xl,active,3.04,109,0.644,0.494,39.5
DRV_000488,Ridgeline,2023-08-24,comfort,active,3.46,95,0.452,0.328,18.0
DRV_000489,Southbrook,2023-09-04,economy,active,3.48,88,0.543,0.372,11.8
DRV_000490,Westville,2023-08-28,comfort,active,3.77,25,0.544,0.433,21.2
DRV_000491,Pinecrest,2023-09-11,xl,active,3.28,98,0.444,0.431,23.0
DRV_000492,Valleyford,2023-09-09,economy,active,3.04,63,0.545,0.513,18.1
DRV_000493,Ridgeline,2023-09-03,economy,churned,3.16,50,0.491,0.549,11.6
DRV_000494,Metro City,2023-08-28,economy,active,3.44,69,0.636,0.327,36.0
DRV_000495,Clearwater,2023-08-14,comfort,churned,3.27,42,0.464,0.368,16.3
DRV_000496,Southbrook,2023-08-19,economy,active,2.88,50,0.609,0.389,36.2
DRV_000497,Metro City,2023-08-06,economy,suspended,3.61,101,0.624,0.42,17.8
DRV_000498,Southbrook,2023-08-17,comfort,churned,3.66,95,0.584,0.423,35.5
DRV_000499,Harbor City,2023-09-11,economy,active,3.28,75,0.454,0.514,18.5
DRV_000500,Ridgeline,2023-08-20,comfort,active,3.32,108,0.465,0.493,13.0
DRV_000501,Summit Town,2023-08-06,comfort,active,3.29,35,0.643,0.305,34.7
DRV_000502,Clearwater,2023-08-30,comfort,active,3.33,104,0.419,0.414,18.3
DRV_000503,Eastport,2023-09-13,comfort,active,2.9,67,0.429,0.455,19.3
DRV_000504,Northgate,2023-09-09,xl,churned,3.23,83,0.645,0.415,22.2
DRV_000505,Summit Town,2023-08-13,comfort,active,3.25,103,0.594,0.333,28.2
DRV_000506,Ridgeline,2023-08-21,comfort,active,3.8,99,0.587,0.399,29.1
DRV_000507,Clearwater,2023-08-24,xl,active,2.85,119,0.44,0.403,12.3
DRV_000508,Harbor City,2023-08-12,economy,churned,3.11,43,0.522,0.347,38.6
DRV_000509,Northgate,2023-08-13,economy,active,3.3,36,0.61,0.489,11.6
DRV_000510,Ridgeline,2023-08-11,comfort,active,3.65,22,0.482,0.38,35.1
DRV_000511,Valleyford,2023-09-14,economy,churned,3.26,87,0.448,0.447,31.5
DRV_000512,Metro City,2023-09-03,economy,active,3.09,71,0.403,0.429,18.7
DRV_000513,Westville,2023-09-07,comfort,suspended,3.34,86,0.556,0.519,27.9
DRV_000514,Harbor City,2023-09-06,economy,active,3.1,60,0.473,0.331,26.5
DRV_000515,Summit Town,2023-09-13,economy,active,3.35,54,0.616,0.329,30.0
DRV_000516,Summit Town,2023-08-05,comfort,active,3.49,108,0.471,0.375,32.1
DRV_000517,Southbrook,2023-09-09,economy,active,3.33,38,0.438,0.408,25.4
DRV_000518,Eastport,2023-08-03,economy,churned,3.41,98,0.64,0.375,31.5
DRV_000519,Southbrook,2023-08-22,economy,active,2.84,30,0.641,0.491,15.9
DRV_000520,Valleyford,2023-08-27,economy,active,3.46,58,0.571,0.361,30.8
DRV_000521,Pinecrest,2023-08-17,comfort,active,3.77,24,0.632,0.321,22.8
DRV_000522,Pinecrest,2023-08-07,xl,churned,3.29,21,0.44,0.403,38.2
DRV_000523,Ridgeline,2023-08-09,economy,active,3.6,23,0.515,0.493,35.7
DRV_000524,Summit Town,2023-09-07,economy,active,3.35,47,0.451,0.513,10.0
DRV_000525,Clearwater,2023-08-15,comfort,active,3.5,114,0.52,0.483,32.8
DRV_000526,Northgate,2023-08-14,economy,active,3.11,56,0.598,0.439,28.1
DRV_000527,Valleyford,2023-09-11,comfort,active,3.77,81,0.611,0.481,31.4
DRV_000528,Clearwater,2023-08-07,xl,active,3.02,87,0.401,0.47,17.7
DRV_000529,Summit Town,2023-09-11,economy,active,2.96,107,0.497,0.359,34.0
DRV_000530,Northgate,2023-09-11,economy,active,2.85,110,0.649,0.438,14.2
DRV_000531,Southbrook,2023-08-27,economy,active,3.34,23,0.547,0.493,37.0
DRV_000532,Lakewood,2023-08-08,economy,active,3.42,42,0.474,0.379,23.0
DRV_000533,Harbor City,2023-08-08,comfort,churned,3.45,96,0.497,0.463,13.2
DRV_000534,Lakewood,2023-08-13,economy,churned,2.97,98,0.481,0.42,31.0
DRV_000535,Summit Town,2023-08-26,economy,active,3.45,118,0.512,0.426,21.6
DRV_000536,Pinecrest,2023-08-07,economy,active,2.97,92,0.511,0.323,17.6
DRV_000537,Southbrook,2023-08-21,comfort,active,3.55,73,0.527,0.467,30.1
DRV_000538,Eastport,2023-08-06,economy,active,3.08,55,0.516,0.516,20.0
DRV_000539,Westville,2023-08-25,economy,active,3.22,67,0.529,0.335,16.5
DRV_000540,Southbrook,2023-08-01,comfort,active,3.17,21,0.407,0.392,28.1
DRV_000541,Clearwater,2023-09-01,economy,active,3.17,88,0.414,0.312,20.5
DRV_000542,Summit Town,2023-08-03,economy,active,3.52,23,0.493,0.307,11.6
DRV_000543,Valleyford,2023-08-09,economy,active,3.8,84,0.621,0.547,16.8
DRV_000544,Ridgeline,2023-08-08,economy,churned,3.33,81,0.598,0.423,23.5
DRV_000545,Metro City,2023-09-07,xl,active,3.2,118,0.428,0.389,27.2
DRV_000546,Harbor City,2023-08-03,economy,active,3.09,104,0.524,0.369,24.6
DRV_000547,Metro City,2023-08-20,economy,active,3.42,92,0.551,0.545,37.6
DRV_000548,Metro City,2023-08-27,economy,active,3.25,83,0.52,0.363,20.2
DRV_000549,Northgate,2023-08-24,economy,churned,3.57,49,0.574,0.481,36.0
DRV_000550,Summit Town,2023-08-31,economy,active,3.41,97,0.649,0.371,24.4
DRV_000551,Lakewood,2023-09-06,economy,active,3.21,75,0.424,0.318,30.4
DRV_000552,Valleyford,2023-08-18,economy,churned,3.75,70,0.529,0.471,26.2
DRV_000553,Valleyford,2023-09-07,economy,active,2.81,82,0.528,0.3,13.3
DRV_000554,Summit Town,2023-08-15,economy,active,3.49,46,0.541,0.469,22.7
DRV_000555,Summit Town,2023-09-14,economy,active,3.21,46,0.442,0.363,30.3
DRV_000556,Southbrook,2023-08-23,comfort,active,2.92,23,0.56,0.487,18.3
DRV_000557,Clearwater,2023-09-03,economy,active,2.89,58,0.411,0.492,19.9
DRV_000558,Westville,2023-09-09,economy,active,3.45,101,0.585,0.481,31.0
DRV_000559,Harbor City,2023-09-05,comfort,active,2.95,28,0.566,0.306,32.0
DRV_000560,Pinecrest,2023-09-08,xl,active,3.66,67,0.483,0.476,26.1
DRV_000561,Valleyford,2023-08-25,xl,active,3.11,105,0.647,0.548,32.1
DRV_000562,Pinecrest,2023-08-02,economy,active,3.14,107,0.607,0.361,35.3
DRV_000563,Clearwater,2023-08-23,economy,churned,3.46,113,0.535,0.369,25.3
DRV_000564,Clearwater,2023-08-09,comfort,active,3.02,57,0.648,0.503,30.9
DRV_000565,Ridgeline,2023-09-10,xl,active,2.81,53,0.608,0.34,10.4
DRV_000566,Metro City,2023-08-11,comfort,active,3.25,47,0.434,0.465,10.9
DRV_000567,Westville,2023-08-11,economy,active,3.33,61,0.548,0.489,28.1
DRV_000568,Ridgeline,2023-08-12,comfort,active,3.25,86,0.545,0.309,29.1
DRV_000569,Pinecrest,2023-08-29,economy,active,3.26,87,0.563,0.438,18.8
DRV_000570,Westville,2023-08-26,economy,active,3.47,80,0.635,0.444,28.5
DRV_000571,Westville,2023-09-12,xl,churned,3.65,66,0.523,0.376,13.1
DRV_000572,Lakewood,2023-08-19,xl,active,3.17,90,0.419,0.519,33.1
DRV_000573,Clearwater,2023-08-13,comfort,active,3.59,54,0.52,0.341,20.6
DRV_000574,Summit Town,2023-08-03,economy,active,2.86,29,0.597,0.391,27.1
DRV_000575,Eastport,2023-08-01,economy,active,3.28,116,0.49,0.512,39.4
DRV_000576,Pinecrest,2023-08-17,economy,active,3.18,28,0.407,0.348,25.5
DRV_000577,Valleyford,2023-09-11,economy,churned,3.27,105,0.476,0.505,25.8
DRV_000578,Northgate,2023-08-24,economy,suspended,2.89,77,0.571,0.32,13.1
DRV_000579,Valleyford,2023-09-10,economy,active,2.94,118,0.422,0.422,11.3
DRV_000580,Ridgeline,2023-08-05,economy,active,3.09,74,0.494,0.319,37.7
DRV_000581,Summit Town,2023-08-05,xl,active,3.07,25,0.433,0.469,36.0
DRV_000582,Lakewood,2023-09-07,economy,active,3.19,29,0.519,0.498,34.3
DRV_000583,Eastport,2023-08-05,economy,active,3.26,28,0.435,0.512,39.8
DRV_000584,Lakewood,2023-08-03,economy,churned,3.02,63,0.427,0.545,12.9
DRV_000585,Southbrook,2023-08-19,comfort,active,3.42,95,0.574,0.468,33.0
DRV_000586,Metro City,2023-09-11,economy,active,3.18,83,0.44,0.492,13.4
DRV_000587,Westville,2023-09-01,comfort,active,2.86,101,0.439,0.426,29.0
DRV_000588,Ridgeline,2023-08-05,comfort,active,3.04,74,0.548,0.528,31.5
DRV_000589,Ridgeline,2023-09-07,economy,active,3.36,32,0.411,0.461,30.8
DRV_000590,Ridgeline,2023-09-07,comfort,active,3.41,38,0.408,0.521,17.9
DRV_000591,Eastport,2023-09-06,economy,active,3.6,36,0.508,0.359,36.5
DRV_000592,Westville,2023-09-10,comfort,active,3.05,112,0.491,0.424,27.0
DRV_000593,Clearwater,2023-08-11,xl,active,3.36,100,0.536,0.482,37.4
DRV_000594,Westville,2023-09-14,economy,active,3.28,23,0.648,0.351,23.3
DRV_000595,Clearwater,2023-08-15,economy,active,3.65,41,0.509,0.353,20.3
DRV_000596,Lakewood,2023-09-06,xl,active,3.53,47,0.544,0.545,37.0
DRV_000597,Lakewood,2023-08-27,xl,suspended,2.93,91,0.63,0.409,34.5
DRV_000598,Harbor City,2023-09-05,economy,active,3.76,26,0.521,0.345,12.6
DRV_000599,Pinecrest,2023-08-29,economy,active,3.16,117,0.595,0.383,23.2
DRV_000600,Eastport,2023-08-29,comfort,active,3.75,48,0.537,0.399,12.3
DRV_000601,Westville,2023-08-28,economy,active,3.09,105,0.559,0.456,36.1
DRV_000602,Valleyford,2023-09-05,economy,active,3.27,88,0.633,0.531,24.4
DRV_000603,Westville,2023-09-03,comfort,active,3.35,58,0.4,0.547,17.8
DRV_000604,Pinecrest,2023-08-07,economy,active,2.86,22,0.625,0.463,12.1
DRV_000605,Metro City,2023-09-07,comfort,active,3.52,75,0.524,0.475,18.8
DRV_000606,Eastport,2023-08-25,comfort,active,2.9,23,0.552,0.38,20.9
DRV_000607,Ridgeline,2023-08-15,economy,active,2.96,91,0.513,0.514,39.1
DRV_000608,Valleyford,2023-08-24,economy,suspended,3.09,40,0.465,0.354,39.7
DRV_000609,Westville,2023-09-13,economy,active,3.76,115,0.417,0.327,23.9
DRV_000610,Ridgeline,2023-09-08,economy,active,3.77,22,0.636,0.543,37.4
DRV_000611,Metro City,2023-09-07,economy,active,3.29,54,0.556,0.516,34.0
DRV_000612,Northgate,2023-08-21,comfort,active,3.33,59,0.618,0.376,33.1
DRV_000613,Clearwater,2023-09-05,economy,active,3.01,96,0.473,0.469,18.1
DRV_000614,Valleyford,2023-08-18,economy,active,3.22,43,0.469,0.417,32.3
DRV_000615,Harbor City,2023-08-31,comfort,active,3.78,97,0.484,0.381,39.7
DRV_000616,Harbor City,2023-08-29,economy,churned,3.59,52,0.458,0.372,35.2
DRV_000617,Eastport,2023-08-12,economy,active,3.5,28,0.524,0.334,26.3
DRV_000618,Lakewood,2023-08-12,xl,active,3.08,103,0.634,0.437,10.0
DRV_000619,Westville,2023-08-03,comfort,active,3.56,39,0.619,0.412,21.3
DRV_000620,Metro City,2023-08-07,economy,active,3.77,63,0.524,0.428,29.6
DRV_000621,Eastport,2023-08-20,economy,active,3.79,80,0.487,0.354,14.2
DRV_000622,Valleyford,2023-08-22,economy,active,3.4,21,0.553,0.535,22.2
DRV_000623,Southbrook,2023-08-08,comfort,active,2.96,84,0.553,0.46,31.3
DRV_000624,Northgate,2023-08-19,comfort,active,3.76,74,0.571,0.525,36.7
DRV_000625,Westville,2023-08-28,comfort,active,3.34,97,0.534,0.327,31.0
DRV_000626,Northgate,2023-08-11,comfort,suspended,2.84,30,0.407,0.456,28.3
DRV_000627,Lakewood,2023-08-16,economy,active,2.88,107,0.419,0.512,16.8
DRV_000628,Clearwater,2023-08-17,comfort,active,3.38,25,0.643,0.383,30.1
DRV_000629,Westville,2023-08-23,comfort,active,3.64,113,0.587,0.349,35.2
DRV_000630,Westville,2023-08-17,comfort,active,3.74,52,0.637,0.366,23.1
DRV_000631,Metro City,2023-09-03,economy,active,3.74,27,0.485,0.368,36.7
DRV_000632,Summit Town,2023-08-15,comfort,churned,3.38,47,0.534,0.412,20.2
DRV_000633,Summit Town,2023-08-20,comfort,churned,3.78,69,0.48,0.381,29.0
DRV_000634,Northgate,2023-08-18,economy,active,2.95,31,0.627,0.368,35.2
DRV_000635,Northgate,2023-08-09,comfort,churned,2.89,49,0.472,0.462,36.6
DRV_000636,Southbrook,2023-08-31,economy,active,2.83,49,0.573,0.313,24.1
DRV_000637,Westville,2023-08-11,economy,active,3.57,36,0.444,0.385,23.8
DRV_000638,Pinecrest,2023-08-14,comfort,active,3.72,68,0.426,0.472,38.4
DRV_000639,Summit Town,2023-09-05,economy,active,3.64,22,0.439,0.344,24.0
DRV_000640,Southbrook,2023-09-12,xl,active,3.74,45,0.532,0.355,10.1
DRV_000641,Eastport,2023-08-31,economy,active,3.35,34,0.611,0.35,24.5
DRV_000642,Northgate,2023-09-11,xl,active,3.56,23,0.65,0.3,28.1
DRV_000643,Eastport,2023-09-08,economy,active,3.14,68,0.556,0.418,32.3
DRV_000644,Westville,2023-08-22,economy,active,3.57,109,0.533,0.31,12.4
DRV_000645,Pinecrest,2023-09-04,economy,active,3.55,54,0.597,0.368,27.3
DRV_000646,Northgate,2023-08-15,economy,active,3.24,85,0.416,0.549,28.3
DRV_000647,Harbor City,2023-08-21,comfort,active,2.84,34,0.602,0.53,30.4
DRV_000648,Summit Town,2023-08-25,comfort,active,3.07,90,0.59,0.354,18.2
DRV_000649,Southbrook,2023-09-13,comfort,churned,3.69,88,0.532,0.378,33.0
DRV_000650,Westville,2023-09-08,xl,active,3.39,60,0.406,0.416,33.7
DRV_000651,Eastport,2023-08-23,economy,active,3.21,47,0.451,0.511,14.1
DRV_000652,Summit Town,2023-08-30,comfort,active,3.75,77,0.492,0.501,33.2
DRV_000653,Pinecrest,2023-08-10,xl,active,3.17,80,0.635,0.332,28.5
DRV_000654,Harbor City,2023-09-06,economy,active,3.13,90,0.56,0.331,23.1
DRV_000655,Westville,2023-08-25,economy,active,3.57,39,0.528,0.404,33.4
DRV_000656,Pinecrest,2023-08-24,economy,active,3.16,55,0.522,0.518,13.8
DRV_000657,Westville,2023-09-04,xl,active,3.25,102,0.595,0.521,20.7
DRV_000658,Valleyford,2023-08-29,xl,churned,3.52,103,0.481,0.327,36.8
DRV_000659,Southbrook,2023-08-04,comfort,active,3.23,101,0.424,0.444,14.3
DRV_000660,Metro City,2023-08-13,economy,active,3.12,97,0.569,0.339,37.8
DRV_000661,Clearwater,2023-08-08,economy,active,2.82,28,0.482,0.472,28.9
DRV_000662,Summit Town,2023-09-03,xl,churned,3.66,48,0.481,0.529,10.2
DRV_000663,Pinecrest,2023-08-02,economy,active,3.33,48,0.514,0.414,14.7
DRV_000664,Valleyford,2023-08-10,economy,churned,3.65,53,0.461,0.321,11.6
DRV_000665,Lakewood,2023-08-27,economy,active,3.42,68,0.63,0.445,33.2
DRV_000666,Valleyford,2023-09-01,xl,active,3.0,38,0.612,0.402,17.6
DRV_000667,Eastport,2023-08-23,comfort,suspended,3.16,98,0.648,0.503,27.1
DRV_000668,Lakewood,2023-09-08,comfort,churned,3.22,70,0.641,0.385,35.5
DRV_000669,Clearwater,2023-09-11,economy,churned,3.54,28,0.479,0.519,37.1
DRV_000670,Ridgeline,2023-08-06,economy,active,3.35,101,0.495,0.368,35.2
DRV_000671,Ridgeline,2023-09-12,comfort,churned,3.44,51,0.575,0.339,25.1
DRV_000672,Harbor City,2023-08-28,economy,active,3.55,76,0.404,0.377,14.3
DRV_000673,Westville,2023-08-29,comfort,active,3.07,61,0.648,0.309,20.4
DRV_000674,Westville,2023-08-05,economy,active,3.68,55,0.403,0.37,20.0
DRV_000675,Metro City,2023-08-28,economy,active,3.25,53,0.533,0.465,39.7
DRV_000676,Eastport,2023-09-02,comfort,active,3.46,61,0.567,0.336,34.2
DRV_000677,Westville,2023-08-27,economy,churned,3.02,26,0.629,0.328,19.7
DRV_000678,Valleyford,2023-08-04,economy,active,3.03,89,0.561,0.333,22.4
DRV_000679,Ridgeline,2023-08-24,comfort,active,3.53,84,0.549,0.319,18.2
DRV_000680,Lakewood,2023-09-12,economy,active,3.15,71,0.475,0.519,22.1
DRV_000681,Southbrook,2023-09-02,economy,active,3.68,108,0.548,0.536,12.4
DRV_000682,Eastport,2023-08-07,economy,active,3.46,75,0.587,0.312,35.1
DRV_000683,Pinecrest,2023-09-13,xl,active,3.47,58,0.529,0.49,26.0
DRV_000684,Clearwater,2023-09-13,comfort,active,3.18,80,0.595,0.484,28.2
DRV_000685,Harbor City,2023-08-08,comfort,active,3.7,99,0.417,0.549,15.9
DRV_000686,Eastport,2023-09-06,xl,active,3.74,93,0.484,0.387,23.6
DRV_000687,Lakewood,2023-08-19,economy,active,3.06,77,0.64,0.371,23.9
DRV_000688,Summit Town,2023-08-27,economy,active,3.31,82,0.481,0.413,12.9
DRV_000689,Pinecrest,2023-08-21,comfort,active,3.71,118,0.555,0.514,10.9
DRV_000690,Valleyford,2023-09-05,xl,churned,2.9,88,0.53,0.482,28.5
DRV_000691,Northgate,2023-09-14,xl,active,3.1,90,0.634,0.418,27.2
DRV_000692,Valleyford,2023-09-05,economy,active,3.75,86,0.441,0.361,29.4
DRV_000693,Pinecrest,2023-09-11,economy,active,3.28,115,0.475,0.482,36.9
DRV_000694,Harbor City,2023-09-12,economy,active,3.75,112,0.616,0.514,40.0
DRV_000695,Summit Town,2023-08-05,economy,churned,3.18,54,0.567,0.4,35.2
DRV_000696,Harbor City,2023-08-12,economy,churned,3.33,93,0.536,0.467,10.7
DRV_000697,Eastport,2023-09-02,economy,active,3.25,85,0.499,0.4,19.2
DRV_000698,Westville,2023-08-27,economy,active,3.26,74,0.503,0.42,33.3
DRV_000699,Westville,2023-08-03,economy,active,3.72,71,0.634,0.431,37.0
DRV_000700,Summit Town,2023-08-05,economy,active,3.49,109,0.568,0.494,37.4
DRV_000701,Harbor City,2023-08-24,economy,active,3.75,111,0.632,0.544,30.1
DRV_000702,Southbrook,2023-08-28,economy,active,3.13,110,0.643,0.411,35.4
DRV_000703,Northgate,2023-08-08,economy,active,3.79,50,0.537,0.386,14.8
DRV_000704,Harbor City,2023-08-08,comfort,active,3.51,55,0.552,0.393,21.8
DRV_000705,Clearwater,2023-08-06,xl,active,2.93,28,0.564,0.333,12.5
DRV_000706,Metro City,2023-08-26,comfort,active,3.21,100,0.61,0.374,18.7
DRV_000707,Pinecrest,2023-08-01,economy,churned,3.05,88,0.565,0.322,33.3
DRV_000708,Eastport,2023-08-26,economy,active,3.04,118,0.429,0.407,15.6
DRV_000709,Southbrook,2023-08-22,comfort,suspended,3.73,93,0.636,0.342,32.3
DRV_000710,Clearwater,2023-08-21,economy,suspended,3.76,40,0.565,0.387,33.1
DRV_000711,Pinecrest,2023-08-31,comfort,active,2.81,49,0.617,0.498,36.4
DRV_000712,Lakewood,2023-08-24,comfort,active,2.94,59,0.506,0.361,39.0
DRV_000713,Clearwater,2023-09-02,economy,churned,3.08,95,0.519,0.453,32.4
DRV_000714,Southbrook,2023-09-04,economy,active,3.65,61,0.572,0.525,30.3
DRV_000715,Northgate,2023-09-11,comfort,active,3.41,116,0.594,0.442,33.5
DRV_000716,Northgate,2023-09-05,economy,active,3.37,81,0.42,0.348,15.7
DRV_000717,Valleyford,2023-08-24,economy,active,3.4,56,0.502,0.386,32.2
DRV_000718,Summit Town,2023-08-23,economy,active,3.75,116,0.592,0.448,37.3
DRV_000719,Northgate,2023-08-11,economy,active,3.08,74,0.648,0.427,23.6
DRV_000720,Pinecrest,2023-08-27,economy,churned,2.92,50,0.403,0.337,10.7
DRV_000721,Ridgeline,2023-08-07,comfort,active,3.41,59,0.466,0.412,20.1
DRV_000722,Lakewood,2023-09-11,economy,active,3.77,95,0.516,0.436,12.9
DRV_000723,Lakewood,2023-09-08,economy,churned,3.51,28,0.456,0.367,28.8
DRV_000724,Summit Town,2023-08-06,economy,active,3.69,97,0.407,0.453,35.0
DRV_000725,Clearwater,2023-09-05,economy,active,3.7,30,0.535,0.318,12.7
DRV_000726,Harbor City,2023-08-06,economy,churned,3.02,89,0.562,0.384,22.8
DRV_000727,Harbor City,2023-09-02,economy,churned,3.49,92,0.504,0.501,30.2
DRV_000728,Summit Town,2023-08-04,economy,churned,3.66,78,0.492,0.365,37.2
DRV_000729,Eastport,2023-08-22,economy,churned,2.9,38,0.646,0.451,16.6
DRV_000730,Westville,2023-08-30,economy,active,3.45,77,0.519,0.403,25.8
DRV_000731,Valleyford,2023-09-02,comfort,churned,3.07,102,0.6,0.379,10.5
DRV_000732,Southbrook,2023-08-19,economy,active,3.62,48,0.472,0.529,21.7
DRV_000733,Metro City,2023-09-11,economy,active,3.02,111,0.608,0.386,20.4
DRV_000734,Harbor City,2023-09-04,economy,churned,3.17,33,0.606,0.359,15.3
DRV_000735,Summit Town,2023-08-10,economy,active,3.48,109,0.467,0.527,14.3
DRV_000736,Eastport,2023-08-31,economy,active,3.36,53,0.564,0.486,21.1
DRV_000737,Clearwater,2023-09-02,economy,active,2.92,90,0.571,0.47,11.8
DRV_000738,Ridgeline,2023-08-16,economy,active,3.03,42,0.511,0.312,37.2
DRV_000739,Summit Town,2023-09-03,xl,active,3.69,82,0.593,0.333,38.6
DRV_000740,Pinecrest,2023-09-10,economy,active,3.79,85,0.477,0.46,35.9
DRV_000741,Summit Town,2023-09-06,xl,suspended,3.49,69,0.521,0.352,10.1
DRV_000742,Eastport,2023-09-04,economy,churned,2.81,105,0.648,0.356,20.3
DRV_000743,Lakewood,2023-08-29,comfort,active,3.54,110,0.445,0.495,23.1
DRV_000744,Southbrook,2023-08-13,economy,active,3.44,35,0.437,0.371,19.9
DRV_000745,Ridgeline,2023-09-05,economy,churned,3.21,101,0.436,0.318,34.0
DRV_000746,Summit Town,2023-08-17,xl,active,3.03,85,0.65,0.309,30.3
DRV_000747,Ridgeline,2023-08-24,xl,active,2.97,72,0.44,0.411,15.9
DRV_000748,Ridgeline,2023-08-15,comfort,active,2.88,32,0.448,0.454,12.6
DRV_000749,Valleyford,2023-08-15,comfort,active,3.44,80,0.574,0.517,28.0
DRV_000750,Pinecrest,2023-08-08,economy,active,3.14,58,0.59,0.328,35.3
DRV_000751,Westville,2023-09-13,economy,churned,3.32,23,0.532,0.349,29.0
DRV_000752,Valleyford,2023-08-07,economy,active,3.33,37,0.646,0.432,17.4
DRV_000753,Harbor City,2023-08-04,comfort,active,3.41,28,0.41,0.391,26.7
DRV_000754,Eastport,2023-09-12,economy,active,3.39,49,0.555,0.421,25.9
DRV_000755,Eastport,2023-08-25,xl,active,3.32,37,0.552,0.531,33.6
DRV_000756,Pinecrest,2023-08-20,comfort,active,2.96,105,0.48,0.436,22.8
DRV_000757,Valleyford,2023-09-03,economy,active,2.83,48,0.625,0.404,31.6
DRV_000758,Clearwater,2023-08-18,economy,active,3.38,61,0.538,0.547,17.8
DRV_000759,Northgate,2023-08-06,economy,active,3.22,94,0.462,0.316,10.7
DRV_000760,Summit Town,2023-09-02,economy,active,3.21,30,0.422,0.533,33.1
DRV_000761,Eastport,2023-08-08,xl,churned,3.23,55,0.427,0.425,39.6
DRV_000762,Westville,2023-08-25,xl,churned,2.91,39,0.624,0.426,39.6
DRV_000763,Eastport,2023-09-12,comfort,active,2.98,71,0.463,0.53,32.5
DRV_000764,Eastport,2023-09-12,economy,active,3.46,104,0.627,0.427,30.0
DRV_000765,Metro City,2023-08-17,xl,churned,3.31,74,0.43,0.41,21.2
DRV_000766,Metro City,2023-09-05,xl,active,3.41,61,0.646,0.368,37.7
DRV_000767,Metro City,2023-08-28,comfort,active,2.93,28,0.608,0.465,24.4
DRV_000768,Southbrook,2023-08-22,economy,active,3.61,113,0.429,0.442,31.8
DRV_000769,Metro City,2023-08-07,economy,active,3.17,66,0.422,0.354,27.0
DRV_000770,Northgate,2023-08-17,economy,active,3.41,76,0.601,0.477,36.9
DRV_000771,Lakewood,2023-08-30,economy,active,3.27,70,0.42,0.461,30.7
DRV_000772,Ridgeline,2023-09-14,comfort,churned,3.27,70,0.466,0.399,19.2
DRV_000773,Eastport,2023-08-01,comfort,active,3.58,30,0.6,0.301,37.5
DRV_000774,Eastport,2023-09-02,xl,active,2.91,65,0.627,0.412,15.3
DRV_000775,Valleyford,2023-09-08,economy,active,2.87,62,0.592,0.302,16.4
DRV_000776,Pinecrest,2023-09-12,economy,active,2.9,97,0.622,0.319,20.8
DRV_000777,Southbrook,2023-08-20,economy,active,3.8,62,0.54,0.408,21.0
DRV_000778,Summit Town,2023-08-06,economy,active,3.73,103,0.595,0.32,34.7
DRV_000779,Harbor City,2023-08-13,economy,active,3.5,85,0.486,0.369,23.1
DRV_000780,Westville,2023-09-08,comfort,active,3.25,32,0.596,0.464,36.2
DRV_000781,Westville,2023-09-09,comfort,active,2.89,108,0.57,0.377,20.0
DRV_000782,Eastport,2023-08-29,comfort,active,3.62,60,0.544,0.549,21.6
DRV_000783,Northgate,2023-08-06,economy,active,2.99,90,0.648,0.529,32.9
DRV_000784,Eastport,2023-08-06,comfort,active,3.07,48,0.517,0.446,17.4
DRV_000785,Pinecrest,2023-08-22,comfort,active,3.64,95,0.555,0.542,13.7
DRV_000786,Summit Town,2023-08-27,economy,active,3.06,109,0.527,0.517,14.2
DRV_000787,Harbor City,2023-08-02,comfort,suspended,3.64,22,0.465,0.38,17.0
DRV_000788,Harbor City,2023-08-31,economy,active,3.59,93,0.483,0.487,28.0
DRV_000789,Clearwater,2023-08-25,economy,active,3.64,94,0.645,0.334,11.2
DRV_000790,Northgate,2023-08-01,economy,active,3.47,49,0.498,0.471,29.9
DRV_000791,Harbor City,2023-08-05,comfort,active,3.15,59,0.57,0.423,33.0
DRV_000792,Southbrook,2023-08-21,comfort,active,3.45,60,0.542,0.304,32.4
DRV_000793,Summit Town,2023-09-02,comfort,active,3.63,64,0.622,0.369,29.0
DRV_000794,Valleyford,2023-09-07,economy,suspended,3.55,61,0.589,0.539,23.2
DRV_000795,Ridgeline,2023-08-20,economy,active,3.66,110,0.42,0.379,39.5
DRV_000796,Valleyford,2023-08-14,comfort,active,3.78,113,0.489,0.345,12.7
DRV_000797,Valleyford,2023-09-13,economy,churned,3.49,114,0.578,0.347,32.7
DRV_000798,Lakewood,2023-08-21,comfort,churned,3.73,67,0.44,0.42,21.5
DRV_000799,Harbor City,2023-08-15,economy,active,3.07,89,0.526,0.511,34.8
DRV_000800,Northgate,2023-08-20,comfort,active,3.77,21,0.479,0.49,28.9
DRV_000801,Westville,2023-08-01,comfort,active,3.71,21,0.416,0.409,14.2
DRV_000802,Summit Town,2023-08-14,comfort,active,2.84,93,0.649,0.352,35.2
DRV_000803,Westville,2023-08-24,economy,active,3.39,86,0.632,0.312,12.3
DRV_000804,Clearwater,2023-09-11,economy,active,3.3,29,0.587,0.416,34.3
DRV_000805,Harbor City,2023-09-03,economy,active,3.62,86,0.45,0.504,27.0
DRV_000806,Metro City,2023-09-05,xl,active,2.93,83,0.647,0.482,14.5
DRV_000807,Valleyford,2023-08-25,xl,active,3.33,94,0.558,0.402,27.8
DRV_000808,Harbor City,2023-08-05,economy,active,3.3,71,0.642,0.449,26.6
DRV_000809,Eastport,2023-08-18,economy,churned,3.2,96,0.411,0.409,19.5
DRV_000810,Metro City,2023-09-14,economy,active,3.79,96,0.443,0.445,34.4
DRV_000811,Pinecrest,2023-08-02,economy,active,3.34,79,0.569,0.429,13.8
DRV_000812,Harbor City,2023-09-09,comfort,churned,3.21,75,0.627,0.47,14.2
DRV_000813,Lakewood,2023-08-31,xl,active,3.66,99,0.444,0.427,17.3
DRV_000814,Summit Town,2023-08-13,economy,churned,2.94,37,0.479,0.535,36.0
DRV_000815,Summit Town,2023-09-05,comfort,suspended,3.09,118,0.547,0.407,15.0
DRV_000816,Metro City,2023-09-07,xl,active,3.08,109,0.65,0.304,34.2
DRV_000817,Northgate,2023-08-02,comfort,active,3.73,73,0.6,0.359,33.2
DRV_000818,Northgate,2023-08-05,comfort,active,3.68,110,0.631,0.425,28.3
DRV_000819,Southbrook,2023-08-30,economy,active,3.41,92,0.569,0.435,24.1
DRV_000820,Harbor City,2023-09-14,comfort,active,3.12,62,0.619,0.438,20.7
DRV_000821,Pinecrest,2023-08-02,economy,active,3.27,63,0.527,0.479,16.5
DRV_000822,Northgate,2023-08-30,comfort,active,3.37,80,0.431,0.369,30.9
DRV_000823,Northgate,2023-08-07,xl,active,3.34,45,0.577,0.466,23.9
DRV_000824,Westville,2023-08-30,economy,active,3.06,75,0.55,0.476,18.2
DRV_000825,Metro City,2023-08-29,economy,active,2.93,61,0.521,0.403,19.7
DRV_000826,Northgate,2023-08-05,economy,active,3.71,73,0.469,0.401,14.2
DRV_000827,Ridgeline,2023-08-31,economy,active,3.44,60,0.596,0.345,11.3
DRV_000828,Southbrook,2023-09-10,economy,active,2.95,29,0.605,0.403,23.1
DRV_000829,Eastport,2023-09-08,comfort,churned,3.79,91,0.491,0.497,39.3
DRV_000830,Northgate,2023-08-02,xl,churned,3.21,69,0.632,0.527,38.3
DRV_000831,Summit Town,2023-08-12,economy,active,3.53,39,0.492,0.448,14.1
DRV_000832,Summit Town,2023-08-11,comfort,churned,2.98,42,0.427,0.375,26.5
DRV_000833,Ridgeline,2023-08-21,comfort,active,3.73,71,0.442,0.471,20.4
DRV_000834,Summit Town,2023-08-07,economy,active,2.88,99,0.524,0.485,29.5
DRV_000835,Summit Town,2023-09-08,economy,active,3.76,45,0.42,0.383,10.8
DRV_000836,Ridgeline,2023-09-04,xl,active,3.53,104,0.58,0.507,26.3
DRV_000837,Valleyford,2023-09-06,economy,active,3.03,99,0.599,0.318,23.8
DRV_000838,Metro City,2023-08-09,xl,active,2.98,21,0.537,0.303,26.8
DRV_000839,Eastport,2023-08-01,comfort,active,3.64,33,0.623,0.331,14.6
DRV_000840,Metro City,2023-09-10,comfort,suspended,2.84,93,0.639,0.339,28.6
DRV_000841,Pinecrest,2023-08-14,economy,churned,2.91,75,0.512,0.52,18.9
DRV_000842,Pinecrest,2023-08-30,economy,active,3.47,31,0.422,0.406,25.3
DRV_000843,Lakewood,2023-09-10,economy,active,2.88,119,0.458,0.369,36.1
DRV_000844,Pinecrest,2023-08-02,economy,churned,3.34,20,0.564,0.407,12.8
DRV_000845,Clearwater,2023-08-01,xl,active,3.37,60,0.501,0.399,21.9
DRV_000846,Eastport,2023-08-01,comfort,active,2.82,21,0.571,0.375,26.5
DRV_000847,Pinecrest,2023-08-08,economy,active,3.18,110,0.567,0.334,22.4
DRV_000848,Clearwater,2023-08-03,economy,active,2.83,66,0.551,0.464,24.4
DRV_000849,Pinecrest,2023-09-06,economy,active,3.77,82,0.439,0.334,31.6
DRV_000850,Pinecrest,2023-08-28,economy,active,3.02,101,0.471,0.494,30.1
DRV_000851,Pinecrest,2023-09-14,economy,churned,3.49,46,0.494,0.35,24.3
DRV_000852,Eastport,2023-09-06,economy,churned,3.47,51,0.606,0.483,17.7
DRV_000853,Eastport,2023-09-13,economy,active,3.57,82,0.571,0.501,17.7
DRV_000854,Clearwater,2023-08-11,economy,active,3.14,112,0.561,0.331,32.9
DRV_000855,Northgate,2023-08-13,economy,active,2.98,38,0.568,0.322,23.5
DRV_000856,Pinecrest,2023-09-08,economy,active,3.33,62,0.526,0.537,19.9
DRV_000857,Lakewood,2023-08-12,economy,active,3.49,46,0.41,0.416,30.6
DRV_000858,Clearwater,2023-08-03,economy,active,3.56,38,0.45,0.458,25.1
DRV_000859,Northgate,2023-08-31,economy,active,2.85,39,0.435,0.306,23.2
DRV_000860,Clearwater,2023-09-06,comfort,active,3.55,65,0.416,0.37,14.2
DRV_000861,Clearwater,2023-09-13,economy,active,2.91,31,0.48,0.426,37.0
DRV_000862,Metro City,2023-09-11,economy,active,3.32,82,0.597,0.522,34.9
DRV_000863,Ridgeline,2023-08-06,economy,active,3.36,38,0.429,0.368,35.1
DRV_000864,Harbor City,2023-09-04,economy,suspended,2.93,70,0.428,0.494,15.6
DRV_000865,Lakewood,2023-09-08,comfort,active,3.76,43,0.431,0.466,25.1
DRV_000866,Westville,2023-09-01,xl,active,3.44,64,0.467,0.329,38.4
DRV_000867,Ridgeline,2023-09-06,economy,churned,3.02,34,0.451,0.373,37.8
DRV_000868,Southbrook,2023-09-07,economy,active,2.85,38,0.403,0.359,11.2
DRV_000869,Harbor City,2023-08-21,comfort,active,3.58,52,0.469,0.411,10.2
DRV_000870,Northgate,2023-08-02,economy,active,3.64,89,0.649,0.459,25.3
DRV_000871,Clearwater,2023-08-21,comfort,active,2.89,62,0.484,0.408,16.4
DRV_000872,Harbor City,2023-08-10,comfort,active,3.06,55,0.453,0.361,16.3
DRV_000873,Lakewood,2023-08-06,comfort,suspended,3.44,77,0.524,0.474,23.9
DRV_000874,Clearwater,2023-08-06,economy,churned,3.22,117,0.457,0.446,11.4
DRV_000875,Westville,2023-09-01,economy,suspended,3.14,100,0.54,0.43,30.1
DRV_000876,Westville,2023-08-23,economy,churned,3.22,60,0.5,0.439,20.5
DRV_000877,Eastport,2023-08-25,comfort,active,3.31,70,0.624,0.355,12.2
DRV_000878,Lakewood,2023-09-03,xl,active,2.98,42,0.632,0.47,35.5
DRV_000879,Westville,2023-08-25,economy,active,3.19,92,0.578,0.397,25.7
DRV_000880,Clearwater,2023-08-29,economy,active,2.87,105,0.454,0.391,37.5
DRV_000881,Pinecrest,2023-08-04,comfort,active,2.81,106,0.518,0.337,10.1
DRV_000882,Lakewood,2023-09-08,economy,active,3.78,40,0.476,0.449,27.5
DRV_000883,Southbrook,2023-08-21,economy,active,2.85,94,0.6,0.451,24.1
DRV_000884,Northgate,2023-08-07,economy,active,2.84,36,0.407,0.385,38.1
DRV_000885,Summit Town,2023-09-06,comfort,churned,3.69,20,0.566,0.515,15.3
DRV_000886,Harbor City,2023-09-03,economy,active,3.78,91,0.481,0.511,26.4
DRV_000887,Lakewood,2023-08-03,comfort,active,3.64,62,0.52,0.327,15.2
DRV_000888,Metro City,2023-08-09,comfort,active,2.94,49,0.481,0.474,35.8
DRV_000889,Eastport,2023-08-01,economy,churned,3.44,70,0.491,0.398,20.0
DRV_000890,Lakewood,2023-08-13,xl,active,3.5,61,0.569,0.55,23.5
DRV_000891,Lakewood,2023-08-05,comfort,active,3.57,44,0.549,0.356,30.6
DRV_000892,Harbor City,2023-09-01,economy,active,2.91,65,0.461,0.37,18.1
DRV_000893,Westville,2023-08-24,economy,active,3.19,23,0.411,0.411,13.6
DRV_000894,Eastport,2023-09-14,economy,active,3.08,98,0.614,0.367,23.4
DRV_000895,Southbrook,2023-09-03,comfort,active,3.45,113,0.523,0.473,21.1
DRV_000896,Northgate,2023-08-28,comfort,active,3.14,77,0.555,0.42,20.6
DRV_000897,Westville,2023-08-23,economy,active,3.31,82,0.522,0.355,10.2
DRV_000898,Westville,2023-08-03,comfort,active,3.43,94,0.555,0.427,33.4
DRV_000899,Clearwater,2023-08-04,comfort,active,3.67,68,0.557,0.522,32.2
DRV_000900,Clearwater,2023-08-28,economy,active,3.72,118,0.404,0.498,31.1
DRV_000901,Valleyford,2023-08-01,economy,active,3.49,48,0.533,0.425,22.3
DRV_000902,Metro City,2023-08-02,xl,suspended,2.96,91,0.526,0.372,24.9
DRV_000903,Pinecrest,2023-08-10,economy,churned,3.69,48,0.424,0.345,29.9
DRV_000904,Clearwater,2023-09-09,xl,active,3.0,47,0.586,0.52,38.7
DRV_000905,Westville,2023-08-21,comfort,active,2.85,63,0.459,0.478,18.5
DRV_000906,Summit Town,2023-09-01,comfort,active,3.24,96,0.414,0.443,32.4
DRV_000907,Pinecrest,2023-08-19,comfort,active,3.48,60,0.601,0.52,28.4
DRV_000908,Harbor City,2023-08-08,economy,active,2.95,104,0.616,0.33,29.0
DRV_000909,Westville,2023-08-17,economy,active,3.1,58,0.46,0.471,12.8
DRV_000910,Clearwater,2023-08-05,economy,active,2.88,63,0.572,0.354,32.9
DRV_000911,Summit Town,2023-09-04,comfort,active,3.42,72,0.401,0.33,22.3
DRV_000912,Harbor City,2023-08-09,xl,active,3.51,85,0.58,0.416,19.9
DRV_000913,Harbor City,2023-08-17,economy,active,3.32,63,0.516,0.397,23.0
DRV_000914,Metro City,2023-09-14,economy,suspended,3.24,69,0.598,0.535,36.2
DRV_000915,Metro City,2023-08-27,economy,active,3.65,26,0.498,0.381,29.6
DRV_000916,Eastport,2023-08-21,comfort,active,3.22,32,0.488,0.504,10.3
DRV_000917,Metro City,2023-08-25,comfort,active,3.24,34,0.61,0.487,17.0
DRV_000918,Summit Town,2023-09-05,comfort,active,3.38,92,0.41,0.467,30.8
DRV_000919,Lakewood,2023-08-12,economy,active,3.5,56,0.447,0.53,36.3
DRV_000920,Valleyford,2023-08-29,comfort,active,3.58,64,0.503,0.402,26.1
DRV_000921,Southbrook,2023-09-09,economy,churned,2.84,73,0.549,0.397,27.8
DRV_000922,Summit Town,2023-08-26,xl,active,3.65,54,0.401,0.34,18.4
DRV_000923,Harbor City,2023-08-21,comfort,active,3.25,32,0.544,0.369,14.2
DRV_000924,Lakewood,2023-08-07,economy,active,3.71,66,0.495,0.52,23.1
DRV_000925,Metro City,2023-08-12,economy,churned,3.34,54,0.558,0.419,26.1
DRV_000926,Eastport,2023-09-12,comfort,active,3.28,78,0.627,0.385,26.9
DRV_000927,Northgate,2023-08-25,comfort,active,3.0,82,0.51,0.354,15.7
DRV_000928,Northgate,2023-08-14,economy,churned,3.27,95,0.539,0.421,12.3
DRV_000929,Northgate,2023-08-19,economy,active,3.29,71,0.516,0.479,20.1
DRV_000930,Valleyford,2023-08-27,economy,active,3.69,110,0.43,0.372,34.1
DRV_000931,Pinecrest,2023-08-25,economy,churned,3.69,119,0.598,0.489,18.2
DRV_000932,Eastport,2023-09-01,economy,active,3.29,88,0.621,0.457,30.5
DRV_000933,Lakewood,2023-08-12,economy,active,3.67,113,0.603,0.497,17.8
DRV_000934,Ridgeline,2023-08-30,economy,active,3.65,119,0.637,0.363,17.0
DRV_000935,Valleyford,2023-08-20,economy,active,3.75,103,0.517,0.458,16.3
DRV_000936,Clearwater,2023-09-12,economy,suspended,3.16,35,0.563,0.338,22.9
DRV_000937,Southbrook,2023-08-08,economy,active,3.01,87,0.442,0.391,18.1
DRV_000938,Valleyford,2023-08-07,economy,active,3.74,35,0.644,0.481,20.9
DRV_000939,Eastport,2023-08-21,comfort,active,3.38,49,0.545,0.458,27.3
DRV_000940,Lakewood,2023-08-23,xl,churned,3.27,99,0.465,0.347,35.0
DRV_000941,Northgate,2023-09-01,economy,active,3.21,74,0.601,0.515,33.0
DRV_000942,Southbrook,2023-08-19,economy,active,2.88,83,0.547,0.313,23.1
DRV_000943,Eastport,2023-09-11,economy,active,3.0,59,0.637,0.449,19.1
DRV_000944,Ridgeline,2023-08-22,economy,suspended,3.09,106,0.592,0.546,29.7
DRV_000945,Clearwater,2023-08-06,comfort,active,3.35,54,0.619,0.433,23.0
DRV_000946,Lakewood,2023-08-06,economy,active,3.32,87,0.537,0.5,32.7
DRV_000947,Northgate,2023-09-13,comfort,churned,3.34,97,0.529,0.449,35.8
DRV_000948,Northgate,2023-08-07,comfort,active,2.88,21,0.589,0.496,18.6
DRV_000949,Harbor City,2023-09-12,comfort,active,2.81,104,0.426,0.464,21.5
DRV_000950,Westville,2023-08-13,comfort,active,3.26,87,0.414,0.473,10.9
DRV_000951,Eastport,2023-08-05,economy,active,2.99,39,0.646,0.357,22.9
DRV_000952,Northgate,2023-08-14,comfort,active,3.69,41,0.629,0.485,23.1
DRV_000953,Ridgeline,2023-08-28,economy,active,3.23,26,0.639,0.359,37.5
DRV_000954,Westville,2023-08-20,xl,active,3.15,64,0.416,0.545,22.2
DRV_000955,Clearwater,2023-09-05,economy,active,3.34,25,0.467,0.357,22.8
DRV_000956,Metro City,2023-08-28,comfort,churned,3.43,89,0.625,0.359,19.9
DRV_000957,Valleyford,2023-08-19,xl,churned,2.88,27,0.422,0.515,13.1
DRV_000958,Clearwater,2023-08-29,economy,active,3.54,85,0.513,0.361,28.1
DRV_000959,Summit Town,2023-09-13,economy,active,2.94,93,0.485,0.39,16.3
DRV_000960,Ridgeline,2023-08-19,economy,active,3.19,58,0.62,0.479,25.6
DRV_000961,Clearwater,2022-04-23,economy,active,3.85,375,0.772,0.044,160.8
DRV_000962,Summit Town,2022-10-26,economy,active,4.63,466,0.82,0.118,48.2
DRV_000963,Northgate,2023-09-06,comfort,active,3.79,856,0.888,0.147,39.2
DRV_000964,Pinecrest,2022-06-08,comfort,churned,4.93,955,0.927,0.143,34.1
DRV_000965,Westville,2023-11-24,economy,active,3.73,975,0.896,0.098,75.5
DRV_000966,Pinecrest,2023-03-06,comfort,suspended,5.0,1024,0.951,0.137,150.9
DRV_000967,Pinecrest,2023-03-16,xl,active,3.84,1181,0.766,0.113,168.3
DRV_000968,Lakewood,2022-08-20,xl,active,4.57,486,0.885,0.052,165.5
DRV_000969,Westville,2023-11-03,economy,suspended,3.96,1078,0.949,0.029,169.7
DRV_000970,Ridgeline,2022-01-27,comfort,churned,3.62,521,0.786,0.079,74.8
DRV_000971,Westville,2022-08-07,comfort,suspended,3.54,1002,0.924,0.03,112.8
DRV_000972,Westville,2022-11-02,xl,active,3.72,1171,0.963,0.083,82.6
DRV_000973,Harbor City,2022-12-15,economy,active,4.11,951,0.88,0.153,135.9
DRV_000974,Ridgeline,2022-12-13,comfort,active,4.37,484,0.746,0.155,166.3
DRV_000975,Southbrook,2022-04-18,economy,active,4.22,483,0.773,0.025,54.7
DRV_000976,Ridgeline,2022-06-14,comfort,churned,4.45,772,0.89,0.031,102.3
DRV_000977,Ridgeline,2022-03-11,economy,active,3.64,1198,0.943,0.127,97.3
DRV_000978,Lakewood,2023-02-22,economy,active,4.51,205,0.707,0.1,166.2
DRV_000979,Ridgeline,2022-09-14,economy,active,4.68,346,0.791,0.044,162.9
DRV_000980,Ridgeline,2023-02-18,xl,active,3.85,543,0.765,0.149,159.2
DRV_000981,Ridgeline,2023-03-07,comfort,churned,4.69,978,0.818,0.055,141.9
DRV_000982,Valleyford,2023-05-28,xl,active,3.88,327,0.915,0.033,167.6
DRV_000983,Ridgeline,2023-02-04,comfort,active,4.17,571,0.841,0.14,179.5
DRV_000984,Southbrook,2023-04-19,economy,active,4.71,329,0.845,0.117,49.5
DRV_000985,Eastport,2023-03-05,comfort,churned,4.53,863,0.871,0.083,166.8
DRV_000986,Northgate,2023-04-22,comfort,active,4.26,319,0.844,0.131,112.8
DRV_000987,Lakewood,2023-03-27,economy,churned,4.05,160,0.893,0.166,70.3
DRV_000988,Northgate,2022-08-19,comfort,active,4.35,595,0.73,0.025,115.4
DRV_000989,Metro City,2022-06-29,economy,active,4.28,51,0.706,0.12,104.4
DRV_000990,Clearwater,2023-07-29,economy,suspended,4.96,388,0.932,0.055,111.1
DRV_000991,Pinecrest,2022-09-08,economy,active,4.74,1161,0.834,0.096,85.8
DRV_000992,Summit Town,2023-02-05,economy,active,3.67,989,0.784,0.088,126.9
DRV_000993,Clearwater,2022-05-24,economy,active,4.12,772,0.827,0.082,131.6
DRV_000994,Valleyford,2022-11-11,economy,active,4.38,566,0.882,0.05,39.3
DRV_000995,Summit Town,2023-01-22,comfort,active,4.56,980,0.734,0.148,145.5
DRV_000996,Pinecrest,2023-04-02,economy,active,3.77,113,0.847,0.081,111.8
DRV_000997,Summit Town,2023-01-20,xl,active,4.75,549,0.731,0.162,161.1
DRV_000998,Clearwater,2022-09-21,economy,active,4.44,554,0.941,0.077,127.6
DRV_000999,Harbor City,2023-12-04,comfort,active,3.6,69,0.857,0.154,179.0
DRV_001000,Valleyford,2023-01-10,economy,active,3.59,164,0.927,0.107,141.3
DRV_001001,Harbor City,2023-08-14,economy,active,4.53,546,0.902,0.082,96.4
DRV_001002,Northgate,2023-06-22,comfort,active,4.63,219,0.928,0.133,65.8
DRV_001003,Westville,2023-02-12,economy,suspended,3.97,1187,0.796,0.146,125.0
DRV_001004,Northgate,2023-10-10,economy,active,3.74,205,0.739,0.097,104.6
DRV_001005,Valleyford,2022-04-04,comfort,active,3.83,83,0.95,0.088,94.8
DRV_001006,Clearwater,2023-11-04,economy,suspended,4.09,961,0.948,0.112,154.3
DRV_001007,Summit Town,2023-09-13,xl,active,4.45,516,0.947,0.114,167.6
DRV_001008,Clearwater,2023-01-03,economy,active,3.78,543,0.977,0.088,98.5
DRV_001009,Westville,2023-06-20,xl,active,4.69,355,0.867,0.141,34.6
DRV_001010,Northgate,2023-01-15,economy,active,3.87,51,0.843,0.084,161.9
DRV_001011,Ridgeline,2022-07-16,xl,active,4.71,875,0.923,0.092,36.5
DRV_001012,Northgate,2023-08-07,economy,active,4.89,638,0.731,0.117,97.4
DRV_001013,Eastport,2022-06-29,economy,churned,3.75,506,0.919,0.178,79.8
DRV_001014,Summit Town,2022-08-18,economy,active,4.88,281,0.927,0.062,84.1
DRV_001015,Valleyford,2023-01-15,comfort,churned,4.56,205,0.862,0.057,125.9
DRV_001016,Harbor City,2023-09-04,comfort,active,4.83,874,0.809,0.048,158.4
DRV_001017,Westville,2022-10-08,economy,active,4.02,127,0.884,0.13,138.0
DRV_001018,Valleyford,2022-12-27,comfort,churned,4.8,1132,0.956,0.092,95.4
DRV_001019,Harbor City,2022-01-31,economy,active,4.22,666,0.744,0.082,145.7
DRV_001020,Metro City,2022-03-26,economy,suspended,3.78,245,0.787,0.053,126.9
DRV_001021,Pinecrest,2022-02-10,economy,active,4.99,1067,0.888,0.163,103.7
DRV_001022,Harbor City,2022-02-22,comfort,active,4.92,367,0.933,0.091,80.1
DRV_001023,Ridgeline,2023-09-27,comfort,churned,3.69,393,0.883,0.117,103.2
DRV_001024,Southbrook,2023-09-07,economy,active,4.18,869,0.865,0.038,148.0
DRV_001025,Harbor City,2023-08-23,economy,suspended,4.98,189,0.724,0.037,132.8
DRV_001026,Northgate,2022-02-10,economy,active,4.32,777,0.821,0.031,151.2
DRV_001027,Southbrook,2022-02-26,economy,active,4.25,365,0.949,0.079,177.7
DRV_001028,Northgate,2022-07-24,comfort,active,3.79,1002,0.801,0.096,175.6
DRV_001029,Eastport,2023-02-17,xl,active,4.13,584,0.807,0.059,167.8
DRV_001030,Clearwater,2022-09-01,economy,active,4.25,796,0.8,0.076,143.2
DRV_001031,Northgate,2022-12-22,comfort,active,4.57,580,0.802,0.021,179.0
DRV_001032,Metro City,2022-05-07,economy,active,4.18,269,0.813,0.076,101.2
DRV_001033,Lakewood,2023-06-18,comfort,active,4.45,419,0.917,0.039,51.5
DRV_001034,Pinecrest,2022-08-18,economy,active,3.65,1010,0.827,0.041,151.1
DRV_001035,Pinecrest,2022-02-18,economy,active,4.65,636,0.87,0.021,56.0
DRV_001036,Harbor City,2023-06-27,economy,active,3.5,234,0.824,0.131,107.0
DRV_001037,Metro City,2023-10-22,economy,active,4.46,127,0.945,0.169,165.2
DRV_001038,Southbrook,2022-01-11,economy,active,4.74,146,0.75,0.119,147.7
DRV_001039,Ridgeline,2022-11-15,economy,active,4.65,987,0.734,0.035,77.4
DRV_001040,Clearwater,2023-08-27,xl,active,3.72,1130,0.814,0.178,65.0
DRV_001041,Ridgeline,2023-05-31,xl,active,4.77,628,0.973,0.176,121.3
DRV_001042,Valleyford,2023-09-18,economy,active,3.62,721,0.896,0.095,143.4
DRV_001043,Clearwater,2022-10-31,economy,active,3.6,646,0.873,0.037,144.7
DRV_001044,Ridgeline,2022-09-29,economy,active,4.73,430,0.809,0.135,144.9
DRV_001045,Harbor City,2023-06-02,comfort,active,3.77,933,0.783,0.174,30.4
DRV_001046,Lakewood,2022-04-23,economy,churned,4.17,344,0.968,0.145,135.2
DRV_001047,Southbrook,2022-06-24,economy,active,4.9,894,0.82,0.12,128.6
DRV_001048,Clearwater,2023-03-15,economy,active,3.81,147,0.899,0.118,90.2
DRV_001049,Westville,2023-05-03,economy,suspended,4.67,716,0.927,0.176,179.8
DRV_001050,Summit Town,2022-03-29,economy,active,4.38,693,0.884,0.032,97.3
DRV_001051,Ridgeline,2023-01-07,xl,active,4.11,201,0.765,0.044,40.5
DRV_001052,Pinecrest,2022-09-24,xl,suspended,4.19,1050,0.781,0.153,38.9
DRV_001053,Ridgeline,2023-01-02,economy,active,4.12,266,0.706,0.043,93.9
DRV_001054,Lakewood,2023-12-01,economy,active,4.74,831,0.971,0.081,122.4
DRV_001055,Valleyford,2022-02-25,comfort,active,4.72,598,0.934,0.065,179.9
DRV_001056,Summit Town,2023-12-28,xl,active,4.06,926,0.813,0.059,95.3
DRV_001057,Northgate,2022-11-25,economy,active,4.55,550,0.95,0.024,116.0
DRV_001058,Metro City,2023-07-18,comfort,active,4.3,738,0.743,0.111,156.5
DRV_001059,Southbrook,2022-11-06,economy,active,4.62,899,0.712,0.084,136.5
DRV_001060,Clearwater,2022-08-16,economy,churned,3.58,61,0.738,0.108,166.7
DRV_001061,Westville,2023-07-17,comfort,suspended,4.0,293,0.947,0.069,125.9
DRV_001062,Northgate,2023-05-17,economy,active,4.0,561,0.745,0.171,170.7
DRV_001063,Valleyford,2022-04-16,economy,active,4.4,462,0.719,0.115,126.2
DRV_001064,Lakewood,2023-05-30,xl,active,3.81,91,0.752,0.174,49.2
DRV_001065,Harbor City,2023-07-04,xl,active,4.3,782,0.816,0.076,81.5
DRV_001066,Westville,2022-10-11,economy,churned,4.97,143,0.839,0.02,99.5
DRV_001067,Valleyford,2023-11-07,comfort,active,3.57,924,0.766,0.145,150.1
DRV_001068,Lakewood,2023-04-13,economy,churned,4.26,252,0.926,0.152,74.6
DRV_001069,Harbor City,2022-09-01,comfort,active,3.71,741,0.969,0.029,103.9
DRV_001070,Eastport,2022-01-08,economy,active,4.37,1072,0.781,0.12,63.6
DRV_001071,Metro City,2023-05-08,economy,active,3.86,467,0.961,0.126,86.2
DRV_001072,Northgate,2022-06-02,economy,churned,4.85,297,0.929,0.043,72.0
DRV_001073,Eastport,2023-07-07,economy,active,3.98,313,0.948,0.108,170.9
DRV_001074,Harbor City,2023-01-19,economy,churned,4.94,569,0.717,0.059,165.7
DRV_001075,Northgate,2022-12-07,economy,active,3.51,388,0.934,0.023,139.6
DRV_001076,Summit Town,2022-04-30,economy,suspended,4.75,1057,0.864,0.159,48.4
DRV_001077,Northgate,2023-06-04,economy,active,3.89,1017,0.711,0.099,171.4
DRV_001078,Eastport,2022-05-02,comfort,active,3.8,829,0.911,0.145,53.5
DRV_001079,Northgate,2022-11-01,economy,active,4.83,446,0.768,0.136,38.2
DRV_001080,Southbrook,2023-09-03,economy,churned,3.96,202,0.923,0.179,36.6
DRV_001081,Valleyford,2023-11-03,economy,active,4.38,316,0.875,0.09,72.0
DRV_001082,Eastport,2023-12-24,comfort,churned,4.61,581,0.838,0.088,54.2
DRV_001083,Valleyford,2023-12-01,xl,active,4.13,987,0.707,0.065,55.6
DRV_001084,Harbor City,2023-02-10,xl,active,3.65,936,0.949,0.12,72.6
DRV_001085,Valleyford,2022-05-27,economy,active,4.88,1174,0.741,0.098,162.3
DRV_001086,Northgate,2023-09-05,comfort,active,4.47,560,0.932,0.137,165.7
DRV_001087,Lakewood,2023-08-09,economy,churned,4.84,685,0.893,0.077,165.9
DRV_001088,Eastport,2023-12-24,economy,active,4.65,300,0.719,0.041,147.4
DRV_001089,Lakewood,2023-04-21,comfort,suspended,4.66,842,0.852,0.158,129.0
DRV_001090,Ridgeline,2022-04-14,economy,active,4.38,790,0.969,0.152,118.4
DRV_001091,Harbor City,2023-01-03,comfort,active,3.51,129,0.958,0.076,179.1
DRV_001092,Eastport,2022-11-24,xl,churned,4.82,518,0.741,0.13,76.8
DRV_001093,Pinecrest,2023-09-08,economy,active,4.75,1122,0.748,0.099,140.1
DRV_001094,Harbor City,2022-10-14,economy,active,4.59,640,0.743,0.142,39.7
DRV_001095,Harbor City,2022-08-28,economy,active,4.82,551,0.912,0.082,43.2
DRV_001096,Metro City,2022-02-28,economy,active,3.78,193,0.745,0.106,117.8
DRV_001097,Southbrook,2023-09-02,comfort,active,3.92,962,0.718,0.029,158.6
DRV_001098,Pinecrest,2023-07-06,economy,active,3.74,1090,0.809,0.048,165.3
DRV_001099,Southbrook,2022-01-31,economy,active,4.47,1091,0.971,0.145,34.1
DRV_001100,Metro City,2022-11-13,economy,active,4.16,1109,0.786,0.081,72.6
DRV_001101,Northgate,2022-12-17,comfort,active,3.65,1137,0.903,0.026,158.3
DRV_001102,Pinecrest,2022-12-09,xl,active,4.36,398,0.74,0.047,112.6
DRV_001103,Eastport,2023-11-02,economy,active,4.01,920,0.874,0.086,54.8
DRV_001104,Westville,2022-04-20,comfort,active,4.24,386,0.863,0.135,98.5
DRV_001105,Pinecrest,2022-08-12,comfort,active,3.89,466,0.953,0.078,148.3
DRV_001106,Pinecrest,2022-05-13,comfort,active,3.74,246,0.901,0.139,146.6
DRV_001107,Ridgeline,2022-06-28,xl,active,4.18,98,0.734,0.157,158.8
DRV_001108,Metro City,2023-10-25,comfort,active,3.84,723,0.813,0.075,33.2
DRV_001109,Northgate,2023-11-18,economy,active,4.11,141,0.7,0.148,76.3
DRV_001110,Northgate,2022-02-02,comfort,churned,4.07,278,0.767,0.04,75.5
DRV_001111,Southbrook,2023-04-07,comfort,churned,4.91,269,0.972,0.086,68.9
DRV_001112,Pinecrest,2022-06-19,economy,active,3.78,756,0.828,0.036,95.5
DRV_001113,Clearwater,2022-05-21,economy,active,3.93,621,0.943,0.028,92.2
DRV_001114,Ridgeline,2022-08-02,comfort,churned,4.69,1137,0.707,0.03,90.0
DRV_001115,Westville,2022-05-22,comfort,active,3.94,806,0.946,0.037,95.4
DRV_001116,Northgate,2022-12-24,economy,suspended,4.22,257,0.949,0.154,76.8
DRV_001117,Westville,2023-12-28,comfort,active,4.64,340,0.883,0.107,177.2
DRV_001118,Lakewood,2023-03-05,comfort,churned,3.51,309,0.733,0.172,115.6
DRV_001119,Eastport,2023-06-12,economy,active,4.93,574,0.945,0.106,99.5
DRV_001120,Northgate,2022-12-27,comfort,active,4.19,154,0.952,0.121,65.9
DRV_001121,Lakewood,2022-01-11,comfort,active,4.64,540,0.756,0.05,68.3
DRV_001122,Metro City,2022-03-03,xl,churned,4.88,412,0.963,0.106,143.9
DRV_001123,Ridgeline,2022-07-16,economy,active,4.82,170,0.947,0.082,92.3
DRV_001124,Harbor City,2022-06-27,economy,active,3.83,1063,0.757,0.169,78.8
DRV_001125,Lakewood,2023-09-06,economy,active,4.33,445,0.81,0.169,57.9
DRV_001126,Summit Town,2023-09-08,comfort,churned,4.12,68,0.794,0.052,179.1
DRV_001127,Southbrook,2023-09-16,economy,churned,4.3,896,0.84,0.119,84.3
DRV_001128,Harbor City,2023-04-11,comfort,active,4.67,781,0.949,0.122,58.9
DRV_001129,Harbor City,2023-02-11,comfort,active,4.03,453,0.945,0.11,140.6
DRV_001130,Southbrook,2023-04-19,economy,suspended,4.22,491,0.749,0.04,165.5
DRV_001131,Summit Town,2022-10-24,xl,active,4.41,278,0.854,0.125,143.5
DRV_001132,Lakewood,2023-05-05,economy,active,3.91,415,0.85,0.148,85.8
DRV_001133,Summit Town,2023-08-03,xl,active,4.41,239,0.826,0.075,139.9
DRV_001134,Pinecrest,2023-07-11,economy,active,3.72,248,0.9,0.102,77.9
DRV_001135,Summit Town,2023-03-25,economy,active,4.43,497,0.881,0.039,103.1
DRV_001136,Westville,2022-02-12,economy,active,3.71,1007,0.777,0.169,45.4
DRV_001137,Ridgeline,2023-06-14,xl,active,4.66,247,0.797,0.038,72.8
DRV_001138,Lakewood,2022-09-25,economy,active,3.79,996,0.949,0.053,106.2
DRV_001139,Lakewood,2023-06-27,economy,active,4.47,1002,0.791,0.068,41.0
DRV_001140,Eastport,2023-01-29,economy,active,4.37,97,0.824,0.152,140.1
DRV_001141,Valleyford,2023-10-06,economy,active,4.14,366,0.972,0.132,91.9
DRV_001142,Ridgeline,2022-09-05,comfort,active,4.47,713,0.94,0.021,109.5
DRV_001143,Lakewood,2023-11-11,economy,active,4.77,236,0.896,0.049,98.9
DRV_001144,Summit Town,2023-09-09,economy,active,3.68,527,0.785,0.14,136.6
DRV_001145,Lakewood,2022-08-30,comfort,active,4.51,856,0.876,0.085,125.4
DRV_001146,Eastport,2022-12-19,comfort,active,4.12,57,0.88,0.024,135.8
DRV_001147,Harbor City,2023-01-23,economy,active,4.51,784,0.815,0.174,64.8
DRV_001148,Southbrook,2023-07-16,economy,active,4.81,401,0.71,0.044,124.2
DRV_001149,Lakewood,2023-05-19,economy,churned,4.48,953,0.803,0.102,108.1
DRV_001150,Northgate,2023-09-14,xl,active,3.74,266,0.842,0.06,41.2
DRV_001151,Harbor City,2022-09-28,economy,active,4.12,855,0.966,0.138,38.3
DRV_001152,Southbrook,2023-01-04,economy,churned,4.32,927,0.904,0.144,117.1
DRV_001153,Clearwater,2022-11-11,economy,active,3.69,552,0.73,0.084,117.6
DRV_001154,Lakewood,2023-10-26,economy,active,4.47,564,0.784,0.125,145.9
DRV_001155,Metro City,2022-08-11,economy,suspended,4.57,513,0.846,0.165,144.7
DRV_001156,Valleyford,2023-03-05,economy,active,4.64,967,0.826,0.15,98.4
DRV_001157,Harbor City,2022-03-29,comfort,active,3.68,521,0.701,0.086,94.3
DRV_001158,Harbor City,2023-09-13,economy,active,4.56,1164,0.962,0.091,88.3
DRV_001159,Westville,2022-10-08,economy,churned,4.05,227,0.953,0.162,171.4
DRV_001160,Harbor City,2022-09-06,comfort,active,3.82,511,0.959,0.025,133.4
DRV_001161,Valleyford,2023-03-02,comfort,active,4.29,678,0.82,0.024,82.3
DRV_001162,Metro City,2022-12-31,xl,active,4.36,688,0.933,0.053,135.5
DRV_001163,Harbor City,2023-09-12,comfort,churned,4.19,575,0.898,0.152,111.0
DRV_001164,Metro City,2023-01-23,xl,active,4.76,1168,0.843,0.045,116.4
DRV_001165,Westville,2023-01-13,economy,churned,3.73,610,0.722,0.066,167.2
DRV_001166,Clearwater,2022-03-18,economy,active,4.11,241,0.747,0.121,121.0
DRV_001167,Harbor City,2022-01-17,economy,active,3.9,488,0.767,0.049,165.9
DRV_001168,Valleyford,2022-10-18,comfort,active,3.57,112,0.951,0.068,109.5
DRV_001169,Northgate,2023-12-30,economy,active,4.01,384,0.886,0.095,144.9
DRV_001170,Westville,2023-11-01,economy,active,4.58,590,0.975,0.056,109.2
DRV_001171,Westville,2023-04-05,economy,suspended,4.28,140,0.859,0.179,114.8
DRV_001172,Clearwater,2023-04-06,comfort,active,4.13,611,0.724,0.046,94.5
DRV_001173,Clearwater,2022-10-13,comfort,churned,4.21,303,0.834,0.156,128.6
DRV_001174,Summit Town,2022-05-10,comfort,churned,3.97,1118,0.731,0.095,40.2
DRV_001175,Harbor City,2022-01-07,comfort,active,3.68,210,0.952,0.041,132.5
DRV_001176,Pinecrest,2022-09-05,economy,active,4.39,573,0.778,0.039,108.3
DRV_001177,Eastport,2022-08-20,comfort,active,4.72,259,0.755,0.1,138.7
DRV_001178,Lakewood,2022-05-20,comfort,churned,4.68,560,0.843,0.077,31.6
DRV_001179,Lakewood,2022-07-09,economy,active,3.85,602,0.926,0.058,73.7
DRV_001180,Eastport,2022-01-19,economy,active,4.15,622,0.843,0.173,115.1
DRV_001181,Westville,2023-03-20,economy,suspended,4.33,594,0.711,0.094,99.6
DRV_001182,Clearwater,2023-11-09,economy,active,4.7,562,0.908,0.169,46.4
DRV_001183,Southbrook,2023-05-20,economy,active,3.79,380,0.71,0.046,38.1
DRV_001184,Southbrook,2022-11-24,xl,active,3.7,1083,0.869,0.049,90.6
DRV_001185,Harbor City,2022-11-03,economy,active,4.9,796,0.873,0.115,92.4
DRV_001186,Eastport,2022-08-13,economy,active,3.72,760,0.758,0.063,87.0
DRV_001187,Westville,2022-04-14,comfort,active,4.98,518,0.825,0.05,170.9
DRV_001188,Harbor City,2023-03-13,economy,active,4.4,965,0.702,0.035,60.9
DRV_001189,Clearwater,2023-02-18,economy,active,4.25,833,0.779,0.032,137.3
DRV_001190,Clearwater,2022-01-06,economy,active,3.78,227,0.873,0.141,57.3
DRV_001191,Eastport,2022-10-31,economy,active,4.79,548,0.78,0.065,36.7
DRV_001192,Clearwater,2022-07-22,economy,active,3.76,1057,0.713,0.177,123.2
DRV_001193,Southbrook,2022-05-05,comfort,active,4.1,1061,0.889,0.049,156.5
DRV_001194,Valleyford,2023-05-29,comfort,active,3.57,1165,0.908,0.077,79.5
DRV_001195,Northgate,2023-01-19,comfort,active,3.53,912,0.942,0.08,111.5
DRV_001196,Northgate,2023-04-08,economy,active,4.59,1150,0.945,0.1,124.5
DRV_001197,Lakewood,2023-06-05,economy,active,3.81,339,0.839,0.159,130.3
DRV_001198,Valleyford,2023-12-18,comfort,churned,4.4,1180,0.814,0.154,120.5
DRV_001199,Southbrook,2023-08-10,economy,active,4.59,1140,0.864,0.022,164.5
DRV_001200,Clearwater,2023-03-29,economy,active,4.24,851,0.922,0.085,57.4
DRV_001201,Clearwater,2023-10-04,economy,active,4.48,830,0.833,0.152,141.2
DRV_001202,Clearwater,2022-12-15,economy,churned,3.86,822,0.979,0.02,172.0
DRV_001203,Eastport,2023-12-20,comfort,active,4.73,176,0.879,0.105,82.4
DRV_001204,Ridgeline,2023-07-10,economy,active,3.81,127,0.786,0.062,146.7
DRV_001205,Northgate,2023-04-21,economy,active,4.39,324,0.922,0.086,122.1
DRV_001206,Harbor City,2023-10-22,comfort,active,4.75,375,0.742,0.087,71.4
DRV_001207,Westville,2023-01-12,comfort,active,4.69,118,0.962,0.083,90.7
DRV_001208,Clearwater,2023-06-11,economy,active,3.58,955,0.795,0.163,161.5
DRV_001209,Southbrook,2022-07-27,economy,churned,4.05,89,0.892,0.106,102.1
DRV_001210,Harbor City,2023-12-05,comfort,active,4.78,465,0.875,0.165,74.0
DRV_001211,Northgate,2023-04-01,economy,active,4.78,172,0.727,0.136,179.5
DRV_001212,Eastport,2023-07-25,economy,suspended,4.45,763,0.902,0.076,75.3
DRV_001213,Eastport,2022-12-03,economy,active,3.66,1143,0.787,0.099,36.3
DRV_001214,Lakewood,2023-09-25,comfort,active,4.11,724,0.807,0.082,59.9
DRV_001215,Valleyford,2022-02-24,comfort,active,4.94,693,0.727,0.153,175.0
DRV_001216,Clearwater,2022-03-25,economy,active,3.66,717,0.927,0.05,76.6
DRV_001217,Northgate,2023-01-06,xl,active,4.7,360,0.941,0.17,159.1
DRV_001218,Metro City,2023-06-19,economy,churned,4.13,475,0.738,0.113,160.8
DRV_001219,Eastport,2023-08-14,economy,churned,4.62,412,0.928,0.118,33.2
DRV_001220,Southbrook,2022-11-18,economy,active,3.58,1067,0.951,0.103,140.2
DRV_001221,Ridgeline,2023-04-20,comfort,active,3.52,467,0.727,0.109,111.5
DRV_001222,Clearwater,2023-02-08,economy,active,3.95,336,0.979,0.127,123.7
DRV_001223,Lakewood,2023-12-03,xl,churned,4.81,631,0.701,0.125,95.6
DRV_001224,Harbor City,2023-04-23,comfort,churned,4.52,935,0.936,0.054,48.8
DRV_001225,Southbrook,2022-11-01,economy,active,4.42,482,0.856,0.113,50.8
DRV_001226,Southbrook,2023-12-09,economy,active,5.0,79,0.968,0.077,33.9
DRV_001227,Valleyford,2022-03-20,economy,active,4.02,519,0.795,0.122,69.2
DRV_001228,Pinecrest,2023-12-20,economy,active,4.78,1014,0.801,0.108,128.3
DRV_001229,Pinecrest,2022-04-23,economy,active,3.66,1039,0.935,0.049,72.2
DRV_001230,Ridgeline,2022-07-30,economy,active,3.76,921,0.899,0.138,86.9
DRV_001231,Valleyford,2023-08-23,comfort,active,4.22,657,0.868,0.093,118.3
DRV_001232,Harbor City,2023-06-20,comfort,active,4.94,1175,0.88,0.108,125.3
DRV_001233,Summit Town,2023-12-10,comfort,active,4.56,172,0.891,0.128,159.1
DRV_001234,Eastport,2023-07-02,comfort,churned,3.67,188,0.713,0.124,84.1
DRV_001235,Ridgeline,2023-04-11,economy,active,4.93,869,0.733,0.14,139.3
DRV_001236,Summit Town,2022-09-10,economy,active,4.65,974,0.751,0.053,81.8
DRV_001237,Eastport,2022-01-04,economy,active,4.6,290,0.75,0.038,136.6
DRV_001238,Westville,2022-04-01,economy,active,4.33,405,0.936,0.127,169.7
DRV_001239,Metro City,2022-08-06,economy,active,4.09,314,0.81,0.058,80.4
DRV_001240,Pinecrest,2022-01-30,comfort,churned,3.66,335,0.837,0.038,104.3
DRV_001241,Metro City,2023-01-06,xl,active,4.43,72,0.725,0.041,67.3
DRV_001242,Pinecrest,2023-07-22,comfort,active,3.69,285,0.944,0.07,108.4
DRV_001243,Harbor City,2023-12-05,economy,churned,4.38,842,0.703,0.179,107.6
DRV_001244,Westville,2022-12-24,comfort,active,4.31,876,0.723,0.045,151.8
DRV_001245,Northgate,2023-10-01,economy,active,4.39,1059,0.927,0.068,147.2
DRV_001246,Westville,2023-12-21,xl,active,4.74,1133,0.737,0.167,92.2
DRV_001247,Northgate,2023-09-20,comfort,active,4.12,294,0.922,0.174,55.8
DRV_001248,Southbrook,2022-12-06,economy,churned,4.15,799,0.798,0.057,68.0
DRV_001249,Valleyford,2022-08-26,economy,suspended,3.59,507,0.917,0.161,105.3
DRV_001250,Metro City,2023-12-15,comfort,churned,3.93,355,0.714,0.042,175.5
DRV_001251,Ridgeline,2022-06-26,xl,active,3.62,836,0.796,0.142,131.8
DRV_001252,Summit Town,2022-10-28,economy,active,3.71,509,0.835,0.022,70.1
DRV_001253,Northgate,2022-02-24,comfort,active,4.14,744,0.875,0.085,178.9
DRV_001254,Clearwater,2023-08-03,comfort,churned,4.11,327,0.934,0.06,155.3
DRV_001255,Valleyford,2023-04-20,economy,active,4.9,539,0.768,0.133,96.4
DRV_001256,Summit Town,2022-03-03,economy,active,3.68,130,0.884,0.023,132.6
DRV_001257,Northgate,2022-06-12,economy,active,3.72,91,0.742,0.094,47.3
DRV_001258,Summit Town,2023-02-10,economy,suspended,4.63,932,0.923,0.131,177.4
DRV_001259,Valleyford,2023-01-30,economy,suspended,3.53,1073,0.961,0.027,54.2
DRV_001260,Eastport,2023-08-09,economy,active,4.48,170,0.713,0.164,157.9
DRV_001261,Valleyford,2022-07-14,economy,active,4.62,823,0.722,0.078,101.5
DRV_001262,Valleyford,2023-11-07,economy,active,4.44,796,0.921,0.046,142.3
DRV_001263,Westville,2022-11-21,comfort,churned,3.93,367,0.946,0.056,79.4
DRV_001264,Lakewood,2023-08-24,economy,active,3.66,542,0.882,0.074,106.3
DRV_001265,Clearwater,2022-06-24,economy,active,4.99,388,0.829,0.052,119.4
DRV_001266,Metro City,2022-01-27,economy,active,4.79,133,0.915,0.102,91.9
DRV_001267,Summit Town,2022-02-10,comfort,active,4.6,994,0.784,0.121,99.9
DRV_001268,Harbor City,2022-09-30,comfort,active,3.78,396,0.978,0.089,176.4
DRV_001269,Southbrook,2023-11-27,comfort,active,4.15,658,0.937,0.088,98.0
DRV_001270,Metro City,2022-02-05,comfort,active,4.56,136,0.948,0.145,54.1
DRV_001271,Ridgeline,2022-09-27,economy,active,3.65,98,0.939,0.068,103.0
DRV_001272,Summit Town,2022-03-21,economy,active,4.94,773,0.961,0.12,165.8
DRV_001273,Southbrook,2023-11-12,comfort,active,4.93,527,0.718,0.163,67.9
DRV_001274,Valleyford,2023-05-08,economy,suspended,3.73,817,0.954,0.055,75.8
DRV_001275,Northgate,2023-07-11,xl,active,3.8,1063,0.77,0.119,70.4
DRV_001276,Valleyford,2023-06-05,economy,churned,4.05,1078,0.801,0.172,85.8
DRV_001277,Summit Town,2023-04-25,economy,suspended,4.18,136,0.804,0.105,100.9
DRV_001278,Metro City,2023-07-19,xl,active,4.16,379,0.765,0.176,80.2
DRV_001279,Northgate,2022-01-06,comfort,active,4.53,285,0.823,0.07,58.0
DRV_001280,Metro City,2023-09-24,economy,active,4.21,252,0.842,0.11,81.0
DRV_001281,Valleyford,2023-06-25,economy,active,3.78,575,0.742,0.07,92.3
DRV_001282,Northgate,2023-06-24,comfort,active,3.89,595,0.801,0.021,103.4
DRV_001283,Summit Town,2022-10-15,comfort,active,4.12,1163,0.797,0.18,128.3
DRV_001284,Valleyford,2023-08-08,xl,active,4.28,986,0.889,0.058,140.8
DRV_001285,Westville,2022-10-06,comfort,active,4.88,117,0.863,0.176,153.9
DRV_001286,Harbor City,2022-02-05,comfort,churned,3.64,700,0.901,0.124,67.6
DRV_001287,Lakewood,2023-10-25,comfort,active,4.71,302,0.92,0.165,122.3
DRV_001288,Ridgeline,2022-06-21,xl,active,3.97,1135,0.887,0.175,57.6
DRV_001289,Ridgeline,2022-03-16,economy,active,4.59,342,0.768,0.111,123.0
DRV_001290,Westville,2023-03-30,economy,active,3.89,152,0.841,0.18,167.9
DRV_001291,Ridgeline,2022-06-20,comfort,churned,4.08,1131,0.831,0.143,160.7
DRV_001292,Lakewood,2023-09-19,economy,active,4.16,877,0.721,0.104,121.2
DRV_001293,Northgate,2022-11-20,comfort,active,4.63,853,0.95,0.125,71.5
DRV_001294,Lakewood,2022-01-04,economy,active,3.75,812,0.726,0.051,50.8
DRV_001295,Summit Town,2023-11-26,economy,active,4.02,884,0.973,0.022,96.9
DRV_001296,Summit Town,2023-01-11,comfort,active,4.29,329,0.709,0.061,89.8
DRV_001297,Northgate,2022-07-11,xl,active,4.49,819,0.904,0.09,131.2
DRV_001298,Valleyford,2023-05-10,economy,churned,3.61,289,0.781,0.056,46.0
DRV_001299,Valleyford,2023-01-23,economy,active,3.64,1092,0.953,0.102,36.9
DRV_001300,Westville,2022-01-22,economy,churned,4.58,489,0.931,0.125,138.8
DRV_001301,Harbor City,2023-07-09,economy,active,4.05,1121,0.707,0.125,120.3
DRV_001302,Lakewood,2022-10-20,comfort,active,3.75,420,0.706,0.163,83.1
DRV_001303,Lakewood,2023-05-26,economy,active,3.89,264,0.869,0.175,141.7
DRV_001304,Valleyford,2023-10-16,xl,active,4.4,435,0.742,0.163,96.5
DRV_001305,Summit Town,2023-03-22,economy,active,4.93,687,0.704,0.119,148.8
DRV_001306,Valleyford,2023-05-06,economy,active,4.6,880,0.971,0.053,155.6
DRV_001307,Westville,2022-07-05,economy,active,4.7,77,0.877,0.171,142.0
DRV_001308,Lakewood,2022-06-23,economy,active,4.41,153,0.703,0.048,170.0
DRV_001309,Summit Town,2022-10-30,comfort,active,4.06,371,0.837,0.044,40.8
DRV_001310,Valleyford,2023-09-15,comfort,active,4.94,910,0.744,0.071,49.0
DRV_001311,Clearwater,2023-01-18,xl,active,3.62,383,0.925,0.112,148.7
DRV_001312,Lakewood,2022-09-12,economy,active,4.71,624,0.708,0.129,139.4
DRV_001313,Valleyford,2023-07-24,economy,active,3.89,1189,0.804,0.022,93.9
DRV_001314,Metro City,2023-09-15,xl,suspended,4.41,250,0.767,0.144,109.9
DRV_001315,Lakewood,2023-10-21,comfort,churned,4.97,274,0.975,0.048,60.6
DRV_001316,Valleyford,2022-08-07,economy,active,4.76,819,0.722,0.067,81.1
DRV_001317,Harbor City,2023-06-03,economy,churned,4.78,945,0.902,0.072,41.7
DRV_001318,Summit Town,2023-03-07,economy,active,4.73,479,0.834,0.073,35.1
DRV_001319,Metro City,2022-11-24,economy,active,4.18,274,0.929,0.142,128.8
DRV_001320,Northgate,2022-10-17,economy,active,4.09,202,0.76,0.027,118.9
DRV_001321,Lakewood,2022-03-25,economy,active,4.28,1166,0.939,0.051,135.1
DRV_001322,Ridgeline,2022-07-20,economy,active,3.93,725,0.966,0.024,87.8
DRV_001323,Northgate,2023-02-06,economy,suspended,4.22,483,0.76,0.145,150.8
DRV_001324,Southbrook,2023-10-10,comfort,active,3.69,417,0.768,0.177,86.5
DRV_001325,Harbor City,2023-09-25,xl,churned,4.84,231,0.97,0.126,76.2
DRV_001326,Southbrook,2022-05-17,economy,active,4.6,376,0.822,0.114,119.7
DRV_001327,Harbor City,2023-05-11,xl,churned,3.59,947,0.934,0.165,111.9
DRV_001328,Summit Town,2022-03-03,economy,active,4.49,599,0.936,0.061,138.4
DRV_001329,Harbor City,2023-05-08,economy,active,4.64,1093,0.787,0.031,98.7
DRV_001330,Summit Town,2022-09-07,economy,active,4.79,647,0.75,0.102,172.1
DRV_001331,Southbrook,2022-11-25,economy,active,3.99,746,0.803,0.062,103.5
DRV_001332,Westville,2023-06-08,comfort,active,4.45,858,0.866,0.092,32.4
DRV_001333,Pinecrest,2022-11-07,economy,active,3.91,255,0.839,0.093,116.7
DRV_001334,Pinecrest,2023-08-13,economy,active,4.77,616,0.906,0.071,144.3
DRV_001335,Eastport,2023-01-25,xl,churned,4.81,1049,0.854,0.098,105.0
DRV_001336,Eastport,2023-12-31,xl,active,3.61,663,0.926,0.081,76.1
DRV_001337,Westville,2023-04-11,economy,active,3.93,337,0.729,0.038,112.6
DRV_001338,Harbor City,2022-08-05,economy,active,3.65,706,0.823,0.159,131.3
DRV_001339,Southbrook,2023-07-20,economy,active,4.1,812,0.704,0.132,124.0
DRV_001340,Valleyford,2022-10-25,comfort,active,3.51,1116,0.734,0.027,91.1
DRV_001341,Summit Town,2023-01-25,economy,active,4.67,927,0.793,0.039,87.3
DRV_001342,Eastport,2022-04-10,economy,active,4.15,166,0.952,0.035,151.6
DRV_001343,Lakewood,2022-03-29,xl,active,4.3,721,0.806,0.03,69.2
DRV_001344,Northgate,2023-02-24,xl,active,4.61,812,0.777,0.029,87.7
DRV_001345,Eastport,2022-05-17,economy,active,4.57,905,0.888,0.045,129.3
DRV_001346,Summit Town,2023-12-30,xl,active,3.97,92,0.897,0.156,92.2
DRV_001347,Pinecrest,2023-09-17,economy,active,4.67,374,0.835,0.153,89.5
DRV_001348,Lakewood,2023-05-27,economy,active,4.46,347,0.781,0.145,48.7
DRV_001349,Westville,2023-06-21,economy,active,3.83,279,0.785,0.118,107.1
DRV_001350,Metro City,2023-03-11,economy,active,3.54,959,0.752,0.136,178.4
DRV_001351,Pinecrest,2022-02-14,comfort,active,4.63,578,0.802,0.138,158.4
DRV_001352,Southbrook,2022-10-14,comfort,churned,3.75,465,0.747,0.162,147.6
DRV_001353,Metro City,2022-12-28,comfort,active,3.67,679,0.88,0.137,102.7
DRV_001354,Lakewood,2023-10-31,comfort,active,4.13,80,0.951,0.138,153.4
DRV_001355,Southbrook,2022-06-10,economy,active,4.88,317,0.771,0.149,166.9
DRV_001356,Valleyford,2022-12-29,xl,active,4.58,640,0.768,0.109,62.7
DRV_001357,Harbor City,2022-09-09,comfort,active,4.7,282,0.951,0.054,104.5
DRV_001358,Southbrook,2022-04-09,xl,active,3.9,553,0.859,0.034,158.5
DRV_001359,Metro City,2022-03-17,comfort,active,4.75,419,0.904,0.087,153.3
DRV_001360,Westville,2022-09-24,economy,suspended,4.12,1115,0.949,0.035,162.5
DRV_001361,Ridgeline,2022-03-02,comfort,suspended,4.97,1061,0.886,0.047,173.7
DRV_001362,Valleyford,2022-02-19,economy,churned,4.35,1133,0.908,0.024,73.1
DRV_001363,Eastport,2022-09-14,economy,churned,4.41,485,0.808,0.068,117.8
DRV_001364,Southbrook,2022-05-28,comfort,active,4.87,370,0.963,0.175,53.9
DRV_001365,Westville,2023-02-10,economy,active,4.92,642,0.897,0.081,108.8
DRV_001366,Metro City,2022-01-13,comfort,active,3.53,993,0.72,0.059,41.0
DRV_001367,Pinecrest,2022-08-09,economy,active,3.85,975,0.867,0.085,92.9
DRV_001368,Valleyford,2022-11-27,xl,churned,4.42,641,0.727,0.068,108.1
DRV_001369,Valleyford,2023-12-05,comfort,active,3.51,699,0.846,0.128,134.4
DRV_001370,Summit Town,2023-04-09,economy,active,3.98,671,0.725,0.122,62.2
DRV_001371,Pinecrest,2023-10-05,economy,active,3.79,584,0.876,0.024,161.6
DRV_001372,Summit Town,2022-09-08,economy,active,4.29,181,0.828,0.102,34.1
DRV_001373,Northgate,2022-11-25,economy,active,4.4,434,0.855,0.026,122.2
DRV_001374,Ridgeline,2022-11-03,economy,active,3.78,1012,0.882,0.128,166.9
DRV_001375,Northgate,2023-10-10,economy,active,4.3,1044,0.77,0.17,159.8
DRV_001376,Northgate,2023-12-02,economy,churned,4.1,746,0.789,0.165,108.6
DRV_001377,Northgate,2023-12-04,comfort,active,4.99,1175,0.835,0.053,51.5
DRV_001378,Clearwater,2023-07-03,comfort,active,3.6,1148,0.859,0.139,44.6
DRV_001379,Pinecrest,2023-01-03,xl,active,4.76,626,0.959,0.147,136.8
DRV_001380,Eastport,2023-01-30,economy,active,5.0,950,0.799,0.158,48.7
DRV_001381,Harbor City,2023-12-17,xl,active,4.31,291,0.866,0.062,39.0
DRV_001382,Pinecrest,2022-07-27,comfort,active,4.52,586,0.958,0.092,97.2
DRV_001383,Valleyford,2022-09-11,comfort,churned,3.69,526,0.901,0.055,57.7
DRV_001384,Clearwater,2023-10-17,economy,active,4.03,1035,0.792,0.024,151.1
DRV_001385,Pinecrest,2022-10-10,economy,active,3.77,528,0.816,0.125,111.3
DRV_001386,Summit Town,2022-06-21,economy,active,4.37,415,0.946,0.089,158.3
DRV_001387,Valleyford,2023-02-14,economy,active,4.91,492,0.823,0.06,88.4
DRV_001388,Harbor City,2022-08-26,economy,active,3.54,1042,0.771,0.156,168.3
DRV_001389,Westville,2023-10-13,economy,active,4.24,764,0.846,0.099,176.6
DRV_001390,Summit Town,2023-10-26,economy,active,4.59,183,0.752,0.179,112.8
DRV_001391,Lakewood,2022-08-12,comfort,churned,4.15,80,0.863,0.147,58.1
DRV_001392,Metro City,2023-01-22,economy,active,4.31,437,0.978,0.159,38.0
DRV_001393,Lakewood,2023-12-20,comfort,active,4.18,993,0.971,0.144,167.7
DRV_001394,Metro City,2023-06-26,economy,suspended,4.4,1048,0.872,0.037,106.4
DRV_001395,Northgate,2022-06-07,xl,active,3.6,228,0.948,0.03,60.3
DRV_001396,Valleyford,2023-03-08,economy,active,4.32,77,0.928,0.166,86.2
DRV_001397,Valleyford,2023-03-29,xl,active,4.27,351,0.966,0.042,169.6
DRV_001398,Summit Town,2023-04-23,economy,active,3.77,1048,0.944,0.083,174.1
DRV_001399,Eastport,2022-01-19,economy,active,4.3,541,0.952,0.118,60.9
DRV_001400,Westville,2022-08-07,economy,active,4.19,96,0.764,0.054,105.8
DRV_001401,Northgate,2023-09-16,xl,churned,4.39,626,0.744,0.056,150.9
DRV_001402,Southbrook,2022-06-26,comfort,suspended,4.35,807,0.712,0.095,138.3
DRV_001403,Eastport,2022-08-07,economy,active,4.11,162,0.885,0.078,128.3
DRV_001404,Summit Town,2022-08-24,economy,active,4.67,783,0.961,0.128,154.3
DRV_001405,Valleyford,2022-05-10,comfort,active,4.04,970,0.978,0.032,152.2
DRV_001406,Clearwater,2022-04-24,xl,active,4.21,116,0.939,0.098,120.7
DRV_001407,Ridgeline,2022-09-11,economy,active,4.14,111,0.933,0.048,103.7
DRV_001408,Southbrook,2023-10-01,economy,active,4.23,1013,0.845,0.117,152.8
DRV_001409,Northgate,2022-01-02,xl,suspended,4.7,585,0.827,0.039,144.6
DRV_001410,Clearwater,2022-07-26,economy,active,4.56,148,0.879,0.052,59.4
DRV_001411,Westville,2022-02-14,economy,active,3.56,205,0.706,0.149,105.7
DRV_001412,Lakewood,2023-02-14,xl,active,4.24,1029,0.922,0.058,118.8
DRV_001413,Metro City,2022-07-02,comfort,suspended,3.69,1033,0.884,0.138,174.8
DRV_001414,Southbrook,2023-08-02,economy,active,4.59,1180,0.748,0.064,101.7
DRV_001415,Summit Town,2023-03-04,economy,active,4.98,845,0.878,0.058,71.0
DRV_001416,Ridgeline,2023-07-27,economy,active,4.43,822,0.868,0.068,58.7
DRV_001417,Westville,2023-04-09,economy,active,4.07,1084,0.921,0.161,169.8
DRV_001418,Northgate,2022-11-17,comfort,active,3.61,1119,0.934,0.084,112.4
DRV_001419,Westville,2023-09-21,economy,active,4.0,80,0.771,0.059,67.7
DRV_001420,Ridgeline,2022-12-14,economy,active,4.29,769,0.928,0.106,93.2
DRV_001421,Lakewood,2023-11-25,economy,active,4.82,920,0.751,0.082,34.4
DRV_001422,Northgate,2023-12-28,comfort,active,4.27,1178,0.81,0.146,30.5
DRV_001423,Pinecrest,2023-03-06,economy,active,4.98,111,0.838,0.178,81.4
DRV_001424,Harbor City,2023-05-08,comfort,active,4.05,966,0.925,0.104,136.1
DRV_001425,Pinecrest,2022-07-06,comfort,active,3.5,687,0.952,0.092,139.9
DRV_001426,Valleyford,2023-08-18,xl,active,4.44,831,0.705,0.075,30.7
DRV_001427,Eastport,2023-05-06,economy,active,3.83,1199,0.906,0.176,132.5
DRV_001428,Clearwater,2023-10-21,xl,active,3.87,1187,0.946,0.097,143.8
DRV_001429,Westville,2022-07-14,economy,active,3.53,260,0.967,0.048,64.7
DRV_001430,Metro City,2023-07-29,xl,active,4.3,606,0.775,0.175,53.0
DRV_001431,Metro City,2022-12-10,comfort,active,3.87,524,0.748,0.174,135.9
DRV_001432,Pinecrest,2022-05-16,economy,churned,4.99,606,0.84,0.09,115.1
DRV_001433,Metro City,2022-05-05,economy,active,4.75,532,0.952,0.076,89.5
DRV_001434,Clearwater,2023-02-15,comfort,active,4.58,1029,0.788,0.129,116.8
DRV_001435,Pinecrest,2022-08-22,economy,active,4.03,1073,0.841,0.153,151.5
DRV_001436,Pinecrest,2022-03-16,comfort,active,3.61,825,0.979,0.1,44.0
DRV_001437,Northgate,2022-11-08,economy,churned,4.5,792,0.828,0.073,106.9
DRV_001438,Eastport,2023-04-22,economy,churned,3.53,215,0.876,0.068,71.5
DRV_001439,Northgate,2022-08-21,economy,active,4.16,447,0.979,0.072,72.7
DRV_001440,Pinecrest,2023-11-29,xl,active,3.58,404,0.803,0.039,146.0
DRV_001441,Eastport,2023-07-24,economy,active,4.34,182,0.776,0.145,127.4
DRV_001442,Valleyford,2023-01-10,economy,churned,4.34,722,0.779,0.037,163.1
DRV_001443,Southbrook,2023-11-14,comfort,suspended,4.3,787,0.873,0.084,84.9
DRV_001444,Eastport,2022-11-13,comfort,active,4.57,68,0.746,0.154,105.8
DRV_001445,Southbrook,2022-04-12,economy,active,3.84,579,0.746,0.085,51.6
DRV_001446,Clearwater,2022-01-27,comfort,active,3.86,636,0.773,0.067,157.9
DRV_001447,Northgate,2023-11-16,economy,active,4.12,574,0.851,0.172,122.8
DRV_001448,Northgate,2023-12-02,comfort,active,4.55,319,0.936,0.04,166.6
DRV_001449,Pinecrest,2023-06-24,xl,active,3.68,77,0.848,0.162,124.8
DRV_001450,Summit Town,2022-03-17,xl,active,4.83,322,0.919,0.03,50.1
DRV_001451,Eastport,2022-08-03,economy,active,3.88,1185,0.968,0.086,114.5
DRV_001452,Lakewood,2022-01-30,economy,churned,3.69,1079,0.907,0.121,172.4
DRV_001453,Valleyford,2022-02-07,xl,active,4.4,850,0.88,0.079,55.2
DRV_001454,Westville,2022-06-29,comfort,churned,3.91,374,0.702,0.106,79.2
DRV_001455,Eastport,2023-02-22,xl,active,4.11,72,0.826,0.053,126.9
DRV_001456,Pinecrest,2022-02-17,comfort,active,3.59,1082,0.775,0.111,115.4
DRV_001457,Northgate,2023-12-20,xl,suspended,4.2,541,0.843,0.042,57.5
DRV_001458,Harbor City,2022-11-29,economy,active,3.96,663,0.966,0.147,54.1
DRV_001459,Lakewood,2022-07-12,economy,active,3.75,1162,0.79,0.113,52.0
DRV_001460,Valleyford,2023-01-12,comfort,active,4.08,1117,0.745,0.097,110.4
DRV_001461,Lakewood,2023-07-31,comfort,active,4.66,684,0.931,0.029,166.8
DRV_001462,Northgate,2022-08-17,economy,suspended,4.65,888,0.977,0.1,105.3
DRV_001463,Northgate,2022-02-04,comfort,active,4.04,692,0.918,0.11,91.5
DRV_001464,Metro City,2022-02-07,economy,active,4.96,526,0.739,0.063,61.4
DRV_001465,Westville,2023-09-14,comfort,active,3.69,325,0.854,0.128,162.9
DRV_001466,Eastport,2022-03-23,economy,active,4.78,90,0.813,0.032,178.0
DRV_001467,Clearwater,2023-04-09,comfort,active,4.97,1132,0.877,0.053,136.5
DRV_001468,Lakewood,2022-10-08,economy,suspended,4.36,1075,0.887,0.138,107.3
DRV_001469,Summit Town,2023-07-22,economy,active,3.59,501,0.926,0.044,167.0
DRV_001470,Metro City,2022-02-14,comfort,active,4.88,863,0.767,0.059,108.8
DRV_001471,Summit Town,2023-10-18,xl,active,4.16,167,0.97,0.124,81.8
DRV_001472,Ridgeline,2023-05-25,comfort,active,3.76,204,0.76,0.137,58.0
DRV_001473,Lakewood,2022-11-24,xl,active,4.84,1039,0.735,0.028,50.6
DRV_001474,Harbor City,2022-06-01,economy,active,4.14,1125,0.932,0.04,97.4
DRV_001475,Summit Town,2023-12-15,economy,active,4.25,751,0.83,0.091,88.4
DRV_001476,Eastport,2022-08-09,economy,suspended,4.36,611,0.837,0.115,61.1
DRV_001477,Northgate,2022-12-25,comfort,active,4.86,796,0.789,0.093,106.3
DRV_001478,Valleyford,2022-10-15,economy,active,4.26,83,0.713,0.124,139.3
DRV_001479,Metro City,2022-06-18,economy,active,4.83,419,0.754,0.141,122.4
DRV_001480,Ridgeline,2022-11-01,economy,active,3.76,390,0.913,0.172,146.0
DRV_001481,Ridgeline,2022-04-21,comfort,active,4.43,652,0.763,0.076,151.4
DRV_001482,Harbor City,2022-01-02,comfort,churned,4.29,1038,0.978,0.046,50.4
DRV_001483,Lakewood,2022-07-31,comfort,churned,3.99,147,0.92,0.062,178.8
DRV_001484,Pinecrest,2022-03-23,xl,active,3.82,531,0.938,0.044,54.5
DRV_001485,Summit Town,2022-10-30,comfort,active,3.6,930,0.945,0.083,140.8
DRV_001486,Ridgeline,2023-09-22,economy,suspended,3.89,978,0.901,0.16,115.4
DRV_001487,Valleyford,2022-04-29,xl,suspended,4.52,1036,0.831,0.076,107.8
DRV_001488,Metro City,2022-01-01,comfort,active,3.92,513,0.957,0.044,165.3
DRV_001489,Westville,2022-03-23,xl,active,4.59,1138,0.819,0.104,148.4
DRV_001490,Harbor City,2023-01-06,economy,active,4.81,204,0.727,0.179,38.5
DRV_001491,Valleyford,2022-07-20,economy,active,4.54,989,0.867,0.05,124.1
DRV_001492,Northgate,2022-12-24,comfort,active,4.71,273,0.73,0.144,104.2
DRV_001493,Pinecrest,2022-01-22,economy,churned,4.36,827,0.884,0.152,92.0
DRV_001494,Valleyford,2022-09-01,xl,active,4.92,1063,0.979,0.084,35.1
DRV_001495,Ridgeline,2022-10-27,comfort,active,4.64,842,0.889,0.119,161.7
DRV_001496,Ridgeline,2022-11-11,economy,active,3.98,258,0.759,0.089,79.1
DRV_001497,Eastport,2023-02-07,economy,active,4.59,1058,0.739,0.062,179.9
DRV_001498,Ridgeline,2023-07-24,economy,active,4.51,1125,0.8,0.088,152.3
DRV_001499,Westville,2022-12-08,economy,active,4.63,609,0.741,0.035,150.4
DRV_001500,Harbor City,2023-09-07,economy,active,3.98,381,0.86,0.133,118.9
DRV_001501,Clearwater,2023-01-22,economy,active,4.26,789,0.919,0.153,154.4
DRV_001502,Northgate,2022-07-10,comfort,active,4.82,1167,0.884,0.069,67.7
DRV_001503,Valleyford,2022-06-17,economy,churned,4.96,1163,0.873,0.111,118.9
DRV_001504,Ridgeline,2022-08-24,economy,suspended,4.04,161,0.822,0.057,117.5
DRV_001505,Harbor City,2023-03-13,comfort,active,4.23,209,0.748,0.04,94.6
DRV_001506,Valleyford,2022-06-27,economy,active,4.0,680,0.879,0.126,115.0
DRV_001507,Ridgeline,2023-10-30,xl,active,4.58,1041,0.817,0.041,143.4
DRV_001508,Southbrook,2022-12-17,economy,churned,3.56,90,0.786,0.145,58.1
DRV_001509,Westville,2023-09-23,comfort,active,4.93,839,0.885,0.063,176.4
DRV_001510,Southbrook,2023-05-14,economy,active,4.32,345,0.806,0.151,100.3
DRV_001511,Ridgeline,2022-09-01,economy,active,3.91,389,0.747,0.079,133.9
DRV_001512,Summit Town,2022-06-16,economy,active,3.56,1033,0.835,0.079,166.0
DRV_001513,Summit Town,2023-06-28,economy,suspended,4.34,381,0.781,0.14,175.3
DRV_001514,Valleyford,2022-08-30,economy,churned,4.38,265,0.905,0.102,118.0
DRV_001515,Pinecrest,2022-06-30,economy,active,4.54,1158,0.713,0.052,173.9
DRV_001516,Metro City,2023-11-11,economy,churned,4.29,1075,0.939,0.156,116.4
DRV_001517,Harbor City,2022-12-19,economy,suspended,4.27,1113,0.829,0.074,68.3
DRV_001518,Northgate,2022-02-05,xl,suspended,3.96,728,0.704,0.036,112.7
DRV_001519,Lakewood,2022-12-28,economy,active,3.79,350,0.737,0.087,47.7
DRV_001520,Clearwater,2022-12-03,comfort,active,3.88,885,0.965,0.112,138.9
DRV_001521,Eastport,2023-09-23,xl,active,4.06,925,0.85,0.118,65.2
DRV_001522,Valleyford,2023-06-04,xl,active,4.66,463,0.915,0.154,92.3
DRV_001523,Metro City,2022-05-20,comfort,active,3.68,717,0.947,0.107,86.5
DRV_001524,Eastport,2022-04-20,economy,active,4.47,1182,0.79,0.056,65.4
DRV_001525,Lakewood,2023-03-17,xl,active,3.56,709,0.853,0.062,138.0
DRV_001526,Lakewood,2022-02-04,xl,active,3.56,1000,0.882,0.036,77.8
DRV_001527,Northgate,2022-08-21,comfort,active,3.91,83,0.936,0.138,171.3
DRV_001528,Eastport,2022-04-11,comfort,active,4.04,1098,0.818,0.037,31.0
DRV_001529,Lakewood,2022-01-16,economy,active,3.78,1159,0.966,0.117,98.0
DRV_001530,Ridgeline,2023-11-02,comfort,active,4.83,217,0.87,0.116,99.6
DRV_001531,Harbor City,2022-03-07,economy,churned,3.96,548,0.945,0.146,117.7
DRV_001532,Westville,2022-01-07,economy,active,4.2,356,0.723,0.032,48.0
DRV_001533,Ridgeline,2023-11-13,economy,churned,4.99,686,0.83,0.052,159.1
DRV_001534,Northgate,2022-05-18,economy,active,3.88,1017,0.75,0.166,63.3
DRV_001535,Ridgeline,2023-08-20,economy,active,4.43,264,0.955,0.112,87.4
DRV_001536,Westville,2022-01-23,economy,active,4.62,819,0.766,0.093,114.7
DRV_001537,Metro City,2022-04-23,economy,churned,3.91,198,0.9,0.14,30.7
DRV_001538,Summit Town,2022-03-22,economy,suspended,3.59,492,0.718,0.164,123.4
DRV_001539,Westville,2023-05-31,economy,active,4.69,679,0.756,0.062,60.5
DRV_001540,Eastport,2023-03-29,comfort,active,3.93,584,0.79,0.164,144.1
DRV_001541,Northgate,2022-12-14,economy,churned,3.98,189,0.919,0.037,73.1
DRV_001542,Harbor City,2022-06-26,economy,active,4.12,554,0.77,0.176,120.2
DRV_001543,Southbrook,2022-03-06,xl,active,3.56,434,0.929,0.046,105.0
DRV_001544,Eastport,2023-02-20,comfort,suspended,4.78,691,0.921,0.063,162.2
DRV_001545,Harbor City,2022-06-18,comfort,active,4.79,432,0.978,0.035,83.4
DRV_001546,Westville,2023-03-07,comfort,active,4.81,612,0.89,0.149,105.4
DRV_001547,Ridgeline,2023-05-17,xl,churned,3.77,1146,0.878,0.177,110.3
DRV_001548,Metro City,2023-09-13,comfort,active,4.96,572,0.868,0.068,46.6
DRV_001549,Southbrook,2022-12-27,economy,active,4.49,892,0.731,0.072,111.5
DRV_001550,Metro City,2022-01-04,economy,active,4.39,426,0.844,0.065,103.4
DRV_001551,Northgate,2022-07-24,comfort,active,4.58,825,0.938,0.045,55.6
DRV_001552,Harbor City,2023-09-15,xl,churned,4.63,566,0.706,0.146,123.3
DRV_001553,Westville,2023-01-25,economy,active,4.12,765,0.735,0.03,106.7
DRV_001554,Harbor City,2023-03-28,economy,suspended,4.38,254,0.868,0.175,51.2
DRV_001555,Northgate,2022-12-01,economy,churned,4.38,1009,0.937,0.168,124.2
DRV_001556,Northgate,2022-04-29,economy,active,3.51,269,0.786,0.039,100.5
DRV_001557,Southbrook,2023-10-17,comfort,active,3.51,245,0.944,0.105,165.8
DRV_001558,Summit Town,2023-07-19,economy,churned,4.21,841,0.795,0.179,110.8
DRV_001559,Pinecrest,2023-12-28,economy,active,4.34,390,0.83,0.156,66.5
DRV_001560,Lakewood,2023-09-17,xl,active,4.56,1159,0.967,0.134,141.1
DRV_001561,Eastport,2022-08-01,economy,active,4.63,833,0.817,0.024,93.6
DRV_001562,Valleyford,2022-07-05,comfort,churned,4.38,294,0.868,0.031,155.2
DRV_001563,Harbor City,2022-07-01,xl,active,3.93,1169,0.962,0.147,97.6
DRV_001564,Harbor City,2023-11-02,comfort,active,4.43,1099,0.774,0.08,61.6
DRV_001565,Clearwater,2023-02-11,economy,active,3.89,389,0.726,0.127,104.8
DRV_001566,Eastport,2022-11-28,economy,active,4.73,769,0.968,0.138,45.5
DRV_001567,Summit Town,2023-12-08,comfort,active,4.13,557,0.857,0.088,89.2
DRV_001568,Westville,2023-03-17,comfort,active,4.84,1145,0.97,0.043,114.8
DRV_001569,Pinecrest,2023-10-26,economy,active,3.69,1155,0.943,0.082,122.6
DRV_001570,Eastport,2023-12-20,comfort,active,4.56,504,0.866,0.159,86.4
DRV_001571,Metro City,2022-02-27,comfort,churned,4.14,1092,0.832,0.073,53.5
DRV_001572,Pinecrest,2022-09-21,comfort,active,3.69,843,0.834,0.03,78.0
DRV_001573,Ridgeline,2023-06-20,economy,active,4.34,155,0.746,0.173,106.3
DRV_001574,Pinecrest,2023-08-17,comfort,active,3.82,675,0.827,0.129,111.9
DRV_001575,Metro City,2022-04-19,economy,active,3.94,498,0.93,0.107,156.2
DRV_001576,Eastport,2022-08-21,economy,active,4.18,1174,0.977,0.153,38.0
DRV_001577,Southbrook,2023-02-05,comfort,active,4.05,274,0.969,0.086,110.4
DRV_001578,Summit Town,2023-08-07,economy,active,4.08,119,0.969,0.178,57.8
DRV_001579,Summit Town,2022-03-24,economy,active,4.1,212,0.705,0.157,162.5
DRV_001580,Clearwater,2023-03-15,economy,churned,3.53,117,0.844,0.065,132.8
DRV_001581,Pinecrest,2022-08-05,comfort,active,4.05,624,0.756,0.079,70.6
DRV_001582,Eastport,2022-06-07,comfort,active,4.09,1043,0.872,0.064,117.2
DRV_001583,Valleyford,2023-01-12,economy,active,4.39,617,0.965,0.125,159.9
DRV_001584,Northgate,2022-10-30,comfort,active,4.22,111,0.945,0.122,51.8
DRV_001585,Southbrook,2023-04-10,economy,churned,3.76,1041,0.943,0.104,77.6
DRV_001586,Summit Town,2022-08-20,economy,suspended,4.38,1093,0.802,0.175,101.7
DRV_001587,Northgate,2023-08-24,economy,active,3.55,925,0.84,0.096,67.3
DRV_001588,Summit Town,2022-02-27,economy,active,4.0,158,0.779,0.145,50.0
DRV_001589,Valleyford,2023-09-22,economy,churned,4.43,310,0.855,0.125,58.6
DRV_001590,Southbrook,2022-01-22,economy,active,4.44,179,0.785,0.103,79.8
DRV_001591,Northgate,2023-06-22,economy,active,3.77,812,0.926,0.027,144.0
DRV_001592,Clearwater,2022-09-10,comfort,suspended,4.01,430,0.83,0.125,177.4
DRV_001593,Summit Town,2022-10-07,comfort,active,4.19,108,0.896,0.123,62.3
DRV_001594,Summit Town,2022-01-14,economy,suspended,4.12,885,0.944,0.04,152.0
DRV_001595,Northgate,2023-05-28,economy,churned,4.53,904,0.784,0.147,96.9
DRV_001596,Clearwater,2022-05-01,comfort,active,4.61,713,0.874,0.095,47.6
DRV_001597,Southbrook,2023-04-27,comfort,churned,3.56,248,0.937,0.072,119.7
DRV_001598,Pinecrest,2023-06-14,comfort,churned,4.62,1095,0.966,0.152,88.7
DRV_001599,Ridgeline,2023-09-10,comfort,active,4.82,508,0.746,0.075,76.1
DRV_001600,Lakewood,2023-06-01,economy,churned,4.87,774,0.891,0.119,85.7
DRV_001601,Southbrook,2022-08-09,economy,active,3.58,64,0.822,0.119,106.8
DRV_001602,Harbor City,2023-06-24,comfort,active,4.83,735,0.78,0.028,104.8
DRV_001603,Metro City,2023-08-26,economy,active,3.75,1076,0.744,0.088,89.4
DRV_001604,Pinecrest,2022-08-20,economy,active,4.01,705,0.864,0.056,46.2
DRV_001605,Metro City,2022-04-01,xl,churned,4.07,373,0.794,0.052,107.6
DRV_001606,Northgate,2023-10-12,economy,active,3.95,516,0.887,0.125,164.8
DRV_001607,Ridgeline,2022-04-18,comfort,churned,3.94,354,0.779,0.022,89.4
DRV_001608,Pinecrest,2023-03-10,xl,active,3.75,785,0.7,0.175,111.3
DRV_001609,Valleyford,2022-06-22,economy,active,4.49,662,0.915,0.083,125.2
DRV_001610,Harbor City,2022-04-02,xl,active,4.37,1169,0.745,0.068,94.3
DRV_001611,Harbor City,2023-07-21,comfort,active,4.42,77,0.771,0.167,149.3
DRV_001612,Harbor City,2022-04-15,comfort,churned,4.28,1167,0.766,0.098,35.1
DRV_001613,Clearwater,2023-05-05,economy,active,3.83,370,0.796,0.118,47.6
DRV_001614,Clearwater,2023-05-21,economy,active,4.38,177,0.836,0.131,34.1
DRV_001615,Lakewood,2022-02-13,economy,active,4.48,349,0.927,0.159,170.8
DRV_001616,Summit Town,2022-05-07,economy,active,3.58,573,0.882,0.041,44.6
DRV_001617,Northgate,2023-08-03,comfort,churned,4.98,911,0.741,0.033,151.5
DRV_001618,Northgate,2023-01-06,xl,active,4.37,731,0.751,0.179,44.3
DRV_001619,Westville,2022-03-30,xl,active,4.46,313,0.937,0.021,95.7
DRV_001620,Valleyford,2023-12-25,economy,active,4.35,873,0.77,0.133,111.6
DRV_001621,Harbor City,2022-07-13,economy,active,4.54,94,0.761,0.118,148.3
DRV_001622,Ridgeline,2022-01-03,economy,active,4.49,395,0.701,0.108,53.4
DRV_001623,Valleyford,2023-11-06,economy,active,4.7,1155,0.917,0.146,127.5
DRV_001624,Northgate,2022-01-13,economy,active,3.74,1180,0.907,0.179,160.3
DRV_001625,Eastport,2023-02-08,economy,active,3.75,413,0.797,0.028,172.3
DRV_001626,Ridgeline,2023-12-26,economy,active,3.83,527,0.702,0.118,177.5
DRV_001627,Metro City,2023-02-26,economy,churned,4.95,456,0.92,0.135,169.1
DRV_001628,Ridgeline,2023-03-03,economy,active,4.04,378,0.728,0.069,82.2
DRV_001629,Eastport,2022-10-11,economy,active,3.97,266,0.829,0.163,59.5
DRV_001630,Valleyford,2022-04-03,economy,active,3.84,947,0.935,0.093,93.3
DRV_001631,Eastport,2023-02-23,economy,active,4.22,799,0.768,0.046,62.0
DRV_001632,Southbrook,2023-10-18,comfort,active,4.86,726,0.806,0.157,169.2
DRV_001633,Pinecrest,2022-03-08,xl,active,4.51,940,0.885,0.171,99.0
DRV_001634,Valleyford,2023-10-05,economy,churned,3.78,1090,0.888,0.036,76.5
DRV_001635,Clearwater,2022-10-30,economy,active,4.76,1031,0.83,0.14,168.0
DRV_001636,Eastport,2023-01-27,comfort,churned,4.92,172,0.821,0.054,74.8
DRV_001637,Clearwater,2022-05-01,economy,active,4.57,932,0.817,0.021,104.5
DRV_001638,Lakewood,2023-03-30,xl,churned,4.39,112,0.836,0.062,98.8
DRV_001639,Lakewood,2022-05-14,economy,active,4.51,870,0.797,0.157,155.8
DRV_001640,Ridgeline,2022-07-19,xl,active,4.6,1134,0.772,0.043,102.7
DRV_001641,Summit Town,2023-06-11,economy,churned,4.79,1121,0.788,0.041,82.8
DRV_001642,Ridgeline,2022-02-06,xl,active,4.49,562,0.834,0.138,48.7
DRV_001643,Southbrook,2022-11-23,economy,active,4.3,1166,0.807,0.085,110.9
DRV_001644,Metro City,2023-03-11,xl,active,3.77,298,0.864,0.044,129.8
DRV_001645,Clearwater,2022-04-07,economy,active,4.06,1108,0.877,0.057,68.8
DRV_001646,Southbrook,2022-08-04,economy,active,3.63,904,0.979,0.147,129.6
DRV_001647,Valleyford,2022-09-08,comfort,churned,4.59,961,0.872,0.12,99.3
DRV_001648,Northgate,2023-04-30,economy,active,4.99,1197,0.906,0.142,36.5
DRV_001649,Westville,2023-12-14,comfort,active,3.64,931,0.727,0.036,36.6
DRV_001650,Summit Town,2023-09-03,economy,active,4.16,1198,0.913,0.093,38.9
DRV_001651,Westville,2022-05-19,economy,churned,4.55,550,0.842,0.148,92.3
DRV_001652,Summit Town,2022-01-14,comfort,churned,3.54,1157,0.943,0.063,153.0
DRV_001653,Eastport,2022-02-07,comfort,active,4.16,986,0.972,0.047,78.3
DRV_001654,Southbrook,2023-03-11,comfort,active,4.69,230,0.765,0.081,124.3
DRV_001655,Westville,2022-04-25,economy,churned,3.94,478,0.96,0.073,156.7
DRV_001656,Valleyford,2022-06-18,comfort,churned,4.49,1027,0.888,0.05,114.0
DRV_001657,Metro City,2023-09-11,economy,active,4.41,759,0.907,0.173,168.5
DRV_001658,Harbor City,2023-09-30,economy,active,4.55,192,0.832,0.097,75.9
DRV_001659,Summit Town,2023-09-05,comfort,active,3.86,734,0.799,0.117,106.3
DRV_001660,Southbrook,2022-07-05,economy,active,3.75,460,0.924,0.039,111.8
DRV_001661,Eastport,2023-03-29,economy,churned,3.53,182,0.706,0.118,56.3
DRV_001662,Valleyford,2023-03-22,economy,active,4.22,255,0.851,0.109,104.9
DRV_001663,Ridgeline,2022-05-16,comfort,active,3.78,286,0.721,0.169,127.9
DRV_001664,Summit Town,2023-02-09,economy,suspended,4.48,459,0.771,0.086,44.9
DRV_001665,Lakewood,2023-01-19,economy,churned,4.32,1079,0.903,0.145,126.3
DRV_001666,Southbrook,2022-10-17,economy,active,4.75,335,0.911,0.069,108.8
DRV_001667,Northgate,2023-07-03,xl,active,4.7,253,0.949,0.113,85.7
DRV_001668,Eastport,2023-05-10,comfort,active,4.04,1081,0.9,0.168,87.2
DRV_001669,Harbor City,2023-01-24,xl,churned,3.94,615,0.889,0.12,158.4
DRV_001670,Summit Town,2023-06-14,economy,active,3.62,1185,0.965,0.134,174.5
DRV_001671,Ridgeline,2023-07-12,economy,active,4.63,402,0.85,0.16,83.0
DRV_001672,Pinecrest,2023-02-18,xl,churned,4.24,249,0.883,0.168,98.8
DRV_001673,Pinecrest,2022-07-15,comfort,active,4.0,1039,0.943,0.053,102.3
DRV_001674,Eastport,2023-07-08,xl,active,4.56,199,0.914,0.051,128.0
DRV_001675,Valleyford,2023-06-08,economy,active,3.91,898,0.916,0.108,66.1
DRV_001676,Metro City,2023-12-19,comfort,active,4.22,239,0.85,0.179,83.5
DRV_001677,Lakewood,2022-04-20,comfort,active,4.15,1028,0.848,0.098,50.9
DRV_001678,Ridgeline,2022-11-03,comfort,active,3.91,700,0.882,0.073,31.2
DRV_001679,Westville,2023-11-06,economy,active,4.69,211,0.896,0.106,58.1
DRV_001680,Ridgeline,2023-01-11,comfort,active,4.56,1064,0.853,0.03,36.8
DRV_001681,Metro City,2023-11-20,economy,active,4.28,371,0.752,0.048,66.3
DRV_001682,Eastport,2022-01-10,comfort,active,4.54,907,0.77,0.044,84.0
DRV_001683,Valleyford,2022-01-26,economy,churned,3.63,262,0.838,0.024,39.6
DRV_001684,Ridgeline,2023-08-05,economy,active,4.14,535,0.757,0.136,174.0
DRV_001685,Summit Town,2022-09-19,economy,churned,4.4,345,0.819,0.072,50.2
DRV_001686,Westville,2023-01-15,economy,churned,4.09,1152,0.741,0.047,158.4
DRV_001687,Clearwater,2022-11-09,xl,active,4.57,182,0.741,0.102,137.2
DRV_001688,Southbrook,2022-10-25,comfort,active,4.28,669,0.936,0.072,145.4
DRV_001689,Valleyford,2023-11-17,economy,churned,4.07,359,0.852,0.083,63.3
DRV_001690,Northgate,2022-03-10,comfort,active,4.12,952,0.919,0.07,170.9
DRV_001691,Valleyford,2023-07-18,economy,active,4.57,685,0.703,0.021,64.5
DRV_001692,Clearwater,2023-10-12,comfort,active,3.6,624,0.78,0.13,33.3
DRV_001693,Pinecrest,2023-04-25,economy,churned,4.76,976,0.705,0.038,53.1
DRV_001694,Northgate,2022-10-16,economy,suspended,3.59,816,0.701,0.055,82.6
DRV_001695,Clearwater,2022-04-27,comfort,active,3.7,805,0.709,0.05,42.1
DRV_001696,Northgate,2023-05-14,xl,active,4.72,482,0.846,0.073,151.7
DRV_001697,Westville,2022-12-09,economy,suspended,4.06,316,0.725,0.046,114.1
DRV_001698,Valleyford,2022-04-20,economy,churned,4.19,110,0.924,0.076,169.0
DRV_001699,Eastport,2022-09-20,economy,active,4.06,691,0.845,0.059,118.1
DRV_001700,Metro City,2023-12-03,comfort,active,3.64,754,0.769,0.03,39.5
DRV_001701,Metro City,2022-07-13,xl,active,4.41,326,0.935,0.159,110.5
DRV_001702,Pinecrest,2022-05-11,economy,active,4.53,382,0.843,0.069,41.8
DRV_001703,Metro City,2023-05-13,economy,active,3.78,115,0.798,0.035,170.8
DRV_001704,Metro City,2022-05-26,comfort,active,4.63,683,0.859,0.103,128.5
DRV_001705,Summit Town,2023-11-03,economy,active,3.65,1137,0.888,0.04,82.2
DRV_001706,Metro City,2023-09-20,economy,active,4.66,799,0.856,0.144,121.4
DRV_001707,Pinecrest,2023-12-19,comfort,active,4.55,131,0.961,0.03,142.8
DRV_001708,Lakewood,2023-10-29,economy,churned,4.87,569,0.799,0.094,171.0
DRV_001709,Southbrook,2022-06-27,xl,active,4.72,1106,0.815,0.171,124.0
DRV_001710,Summit Town,2022-06-04,economy,churned,4.77,230,0.94,0.045,131.2
DRV_001711,Southbrook,2022-09-08,comfort,active,4.94,350,0.878,0.052,90.2
DRV_001712,Westville,2022-12-09,xl,churned,4.77,975,0.971,0.116,63.7
DRV_001713,Southbrook,2023-10-05,economy,active,4.69,825,0.922,0.177,82.8
DRV_001714,Northgate,2023-06-20,economy,active,3.79,248,0.844,0.082,129.3
DRV_001715,Valleyford,2023-04-16,economy,active,4.63,57,0.878,0.124,160.8
DRV_001716,Pinecrest,2023-10-04,economy,active,4.45,198,0.814,0.044,129.8
DRV_001717,Westville,2023-04-17,economy,active,4.94,692,0.736,0.123,173.5
DRV_001718,Clearwater,2022-10-04,economy,active,4.58,414,0.814,0.06,130.8
DRV_001719,Clearwater,2022-10-29,comfort,active,3.89,251,0.779,0.118,124.4
DRV_001720,Lakewood,2023-01-13,economy,active,3.75,116,0.89,0.034,31.9
DRV_001721,Southbrook,2022-03-06,comfort,active,3.92,153,0.887,0.104,121.5
DRV_001722,Lakewood,2023-06-26,economy,suspended,4.22,456,0.962,0.058,40.9
DRV_001723,Harbor City,2023-04-22,economy,active,4.48,314,0.722,0.129,108.3
DRV_001724,Northgate,2023-06-18,economy,active,3.82,921,0.831,0.14,117.9
DRV_001725,Lakewood,2023-01-25,xl,active,3.85,917,0.812,0.156,126.9
DRV_001726,Southbrook,2023-07-26,economy,active,3.95,958,0.848,0.179,160.7
DRV_001727,Summit Town,2023-11-25,economy,active,4.71,870,0.733,0.093,100.9
DRV_001728,Westville,2023-02-21,comfort,active,4.05,575,0.838,0.127,102.1
DRV_001729,Metro City,2022-11-21,economy,active,3.62,261,0.884,0.023,112.3
DRV_001730,Westville,2022-03-18,economy,churned,4.32,261,0.788,0.165,80.2
DRV_001731,Westville,2023-07-23,economy,active,3.51,766,0.882,0.119,70.7
DRV_001732,Pinecrest,2023-10-22,economy,suspended,4.51,1169,0.774,0.087,46.0
DRV_001733,Southbrook,2023-05-26,xl,suspended,4.76,895,0.803,0.089,156.0
DRV_001734,Lakewood,2023-09-24,economy,active,3.75,997,0.954,0.141,36.3
DRV_001735,Valleyford,2023-09-21,economy,active,4.77,1012,0.707,0.153,177.2
DRV_001736,Valleyford,2023-08-06,comfort,active,4.52,56,0.776,0.149,73.4
DRV_001737,Clearwater,2023-01-03,economy,suspended,3.65,1096,0.962,0.102,135.3
DRV_001738,Ridgeline,2022-03-14,economy,churned,3.84,748,0.741,0.079,139.7
DRV_001739,Valleyford,2022-01-03,comfort,active,3.84,1049,0.811,0.171,89.6
DRV_001740,Metro City,2022-05-30,comfort,active,3.81,1137,0.827,0.121,91.6
DRV_001741,Northgate,2022-11-11,economy,active,4.0,199,0.883,0.107,119.7
DRV_001742,Harbor City,2023-06-27,economy,active,4.86,1118,0.871,0.116,40.4
DRV_001743,Clearwater,2022-11-29,economy,active,3.84,673,0.875,0.121,33.3
DRV_001744,Harbor City,2022-01-17,economy,churned,4.89,509,0.963,0.134,138.4
DRV_001745,Pinecrest,2022-06-03,comfort,active,4.32,1163,0.81,0.109,107.9
DRV_001746,Westville,2023-12-16,economy,active,4.28,753,0.837,0.16,179.7
DRV_001747,Valleyford,2023-12-23,comfort,churned,4.51,796,0.97,0.158,74.8
DRV_001748,Summit Town,2022-10-03,economy,active,4.71,758,0.736,0.091,85.9
DRV_001749,Southbrook,2023-08-11,economy,active,4.94,776,0.965,0.047,125.2
DRV_001750,Valleyford,2023-06-10,comfort,active,3.5,889,0.966,0.112,133.1
DRV_001751,Eastport,2023-11-11,economy,active,4.1,456,0.967,0.119,88.0
DRV_001752,Clearwater,2023-10-10,economy,suspended,3.77,1132,0.719,0.104,48.3
DRV_001753,Pinecrest,2023-04-04,comfort,active,3.73,825,0.862,0.162,40.2
DRV_001754,Ridgeline,2022-10-16,comfort,churned,3.72,586,0.935,0.035,30.3
DRV_001755,Ridgeline,2023-04-03,economy,active,4.56,662,0.788,0.066,85.6
DRV_001756,Valleyford,2022-08-21,comfort,active,3.58,120,0.865,0.159,71.8
DRV_001757,Northgate,2022-09-12,economy,active,4.76,152,0.772,0.17,33.2
DRV_001758,Eastport,2023-03-21,comfort,active,4.63,880,0.736,0.088,128.9
DRV_001759,Ridgeline,2023-02-22,xl,active,4.11,485,0.939,0.051,83.2
DRV_001760,Clearwater,2023-03-01,comfort,active,4.14,1138,0.975,0.087,111.7
DRV_001761,Summit Town,2022-10-08,xl,active,4.52,540,0.72,0.093,159.6
DRV_001762,Summit Town,2022-10-26,economy,active,3.52,1051,0.734,0.103,84.5
DRV_001763,Westville,2022-01-08,economy,suspended,4.08,877,0.865,0.064,62.5
DRV_001764,Metro City,2023-03-16,economy,active,3.77,78,0.724,0.07,71.7
DRV_001765,Eastport,2023-02-25,comfort,active,3.77,433,0.877,0.125,36.0
DRV_001766,Ridgeline,2023-11-14,economy,active,4.33,1065,0.901,0.119,63.8
DRV_001767,Southbrook,2023-01-04,economy,active,3.87,960,0.816,0.126,165.3
DRV_001768,Westville,2022-12-08,comfort,active,4.06,219,0.912,0.08,48.9
DRV_001769,Southbrook,2022-02-19,comfort,active,4.58,315,0.732,0.074,79.6
DRV_001770,Ridgeline,2022-05-24,comfort,active,4.43,1175,0.784,0.076,49.3
DRV_001771,Metro City,2022-09-04,economy,active,4.0,586,0.926,0.172,38.8
DRV_001772,Clearwater,2022-10-03,xl,active,3.57,902,0.725,0.083,86.8
DRV_001773,Southbrook,2022-09-22,economy,active,3.54,609,0.78,0.117,153.4
DRV_001774,Eastport,2022-10-15,comfort,active,4.23,195,0.874,0.104,35.7
DRV_001775,Southbrook,2023-07-16,economy,suspended,4.13,699,0.769,0.16,132.9
DRV_001776,Lakewood,2022-04-06,economy,active,4.69,165,0.835,0.079,37.5
DRV_001777,Valleyford,2022-08-31,economy,active,3.62,1112,0.934,0.089,138.9
DRV_001778,Westville,2022-04-29,economy,active,4.77,369,0.776,0.155,174.8
DRV_001779,Lakewood,2022-08-13,economy,active,3.82,1009,0.822,0.046,71.4
DRV_001780,Ridgeline,2023-05-15,economy,active,4.03,313,0.705,0.115,98.6
DRV_001781,Valleyford,2022-02-04,economy,active,4.79,134,0.898,0.084,112.2
DRV_001782,Westville,2022-09-05,economy,active,4.76,54,0.799,0.178,64.1
DRV_001783,Westville,2022-01-18,xl,active,4.27,173,0.941,0.135,36.9
DRV_001784,Summit Town,2023-11-29,economy,active,3.62,1073,0.725,0.022,40.2
DRV_001785,Summit Town,2023-06-15,xl,active,4.39,164,0.919,0.154,85.5
DRV_001786,Northgate,2022-06-27,economy,active,4.64,195,0.928,0.133,61.0
DRV_001787,Lakewood,2022-05-25,comfort,active,3.89,301,0.917,0.11,107.0
DRV_001788,Eastport,2022-03-14,xl,suspended,3.77,1187,0.906,0.058,39.6
DRV_001789,Valleyford,2022-12-12,comfort,active,4.25,984,0.767,0.044,133.1
DRV_001790,Summit Town,2023-07-05,economy,active,4.62,353,0.817,0.121,53.0
DRV_001791,Harbor City,2023-03-03,comfort,churned,4.26,545,0.808,0.09,35.0
DRV_001792,Ridgeline,2023-10-06,xl,churned,3.86,710,0.767,0.158,67.8
DRV_001793,Pinecrest,2022-09-08,economy,active,4.8,368,0.838,0.062,132.8
DRV_001794,Lakewood,2022-07-23,comfort,active,4.81,853,0.895,0.122,47.2
DRV_001795,Lakewood,2022-12-15,economy,churned,4.49,357,0.834,0.06,146.1
DRV_001796,Valleyford,2022-05-28,comfort,active,3.61,396,0.973,0.122,124.0
DRV_001797,Northgate,2023-12-14,economy,active,3.85,1106,0.898,0.028,76.2
DRV_001798,Clearwater,2022-05-16,comfort,active,4.43,574,0.824,0.083,43.6
DRV_001799,Southbrook,2022-12-16,economy,active,4.67,1109,0.813,0.048,166.4
DRV_001800,Valleyford,2023-01-17,comfort,active,4.21,938,0.863,0.117,64.9
DRV_001801,Lakewood,2022-02-11,economy,active,3.96,410,0.821,0.071,124.9
DRV_001802,Southbrook,2022-12-08,comfort,active,4.83,124,0.762,0.143,133.7
DRV_001803,Westville,2022-11-28,economy,active,4.07,221,0.846,0.038,109.8
DRV_001804,Southbrook,2022-07-09,xl,active,4.87,465,0.888,0.109,117.6
DRV_001805,Pinecrest,2022-04-04,economy,active,4.3,914,0.8,0.115,74.4
DRV_001806,Harbor City,2022-02-02,xl,active,4.42,958,0.779,0.024,118.1
DRV_001807,Ridgeline,2022-01-07,economy,active,3.69,515,0.761,0.026,153.6
DRV_001808,Ridgeline,2022-12-18,xl,active,3.9,431,0.802,0.069,146.5
DRV_001809,Lakewood,2022-03-07,economy,active,4.96,875,0.768,0.117,63.5
DRV_001810,Northgate,2023-12-02,economy,active,4.58,118,0.914,0.174,147.4
DRV_001811,Eastport,2022-06-28,xl,active,4.22,516,0.879,0.035,132.0
DRV_001812,Westville,2023-04-22,economy,active,4.28,265,0.78,0.133,95.4
DRV_001813,Pinecrest,2023-05-07,economy,active,3.63,827,0.978,0.131,102.9
DRV_001814,Lakewood,2022-12-28,economy,active,4.67,828,0.881,0.127,107.4
DRV_001815,Metro City,2023-10-08,economy,churned,3.61,1029,0.74,0.103,146.8
DRV_001816,Valleyford,2022-03-22,comfort,active,4.08,1162,0.932,0.175,121.8
DRV_001817,Southbrook,2022-06-20,economy,active,4.12,294,0.911,0.1,157.1
DRV_001818,Northgate,2022-07-04,comfort,active,4.4,313,0.84,0.154,153.1
DRV_001819,Lakewood,2022-04-09,comfort,suspended,4.12,518,0.765,0.062,167.1
DRV_001820,Southbrook,2022-08-04,economy,active,4.94,645,0.927,0.149,161.2
DRV_001821,Southbrook,2022-08-17,xl,churned,4.7,886,0.735,0.179,33.1
DRV_001822,Northgate,2023-07-13,economy,active,4.94,326,0.817,0.166,84.4
DRV_001823,Metro City,2022-08-09,comfort,churned,4.28,699,0.929,0.069,86.0
DRV_001824,Ridgeline,2023-10-02,comfort,suspended,3.95,1111,0.924,0.155,133.0
DRV_001825,Pinecrest,2023-07-19,comfort,active,4.97,130,0.876,0.035,115.0
DRV_001826,Summit Town,2023-10-21,economy,active,3.62,1085,0.702,0.128,178.6
DRV_001827,Westville,2022-03-18,economy,active,4.89,254,0.793,0.075,122.8
DRV_001828,Eastport,2023-12-20,economy,active,3.64,499,0.939,0.125,115.1
DRV_001829,Lakewood,2023-03-25,economy,active,4.71,223,0.902,0.086,157.5
DRV_001830,Valleyford,2023-12-19,economy,active,4.67,92,0.927,0.021,148.5
DRV_001831,Ridgeline,2022-09-17,comfort,active,4.49,372,0.718,0.057,54.1
DRV_001832,Ridgeline,2023-11-27,comfort,churned,4.67,748,0.963,0.027,102.6
DRV_001833,Harbor City,2023-03-06,economy,active,3.63,481,0.764,0.088,178.8
DRV_001834,Summit Town,2022-02-22,xl,active,4.06,771,0.793,0.154,136.2
DRV_001835,Southbrook,2022-10-27,comfort,active,4.0,899,0.935,0.138,33.5
DRV_001836,Westville,2022-04-11,comfort,active,4.97,760,0.814,0.146,39.2
DRV_001837,Lakewood,2023-11-19,economy,active,4.21,828,0.88,0.149,139.7
DRV_001838,Clearwater,2022-08-11,comfort,active,3.57,390,0.855,0.08,146.0
DRV_001839,Harbor City,2022-06-12,comfort,suspended,3.89,982,0.943,0.101,152.9
DRV_001840,Valleyford,2023-02-08,economy,churned,4.77,77,0.744,0.101,73.9
DRV_001841,Pinecrest,2022-11-07,economy,active,4.84,1023,0.727,0.038,150.9
DRV_001842,Clearwater,2022-03-12,economy,active,4.89,86,0.877,0.116,178.8
DRV_001843,Ridgeline,2023-08-20,xl,active,3.72,774,0.936,0.135,116.4
DRV_001844,Valleyford,2023-09-10,xl,active,4.53,945,0.958,0.118,119.7
DRV_001845,Ridgeline,2023-06-27,comfort,active,4.1,1086,0.812,0.139,66.6
DRV_001846,Northgate,2023-03-27,economy,churned,4.6,660,0.906,0.039,62.4
DRV_001847,Metro City,2022-10-21,economy,active,4.74,981,0.809,0.142,31.2
DRV_001848,Lakewood,2023-01-31,economy,active,3.89,361,0.789,0.053,62.3
DRV_001849,Summit Town,2023-01-16,comfort,churned,4.25,383,0.707,0.16,52.8
DRV_001850,Westville,2022-05-01,economy,active,3.99,1101,0.77,0.059,129.4
DRV_001851,Eastport,2022-03-01,comfort,active,4.18,680,0.748,0.099,36.2
DRV_001852,Metro City,2022-07-04,economy,active,3.94,1066,0.775,0.098,175.3
DRV_001853,Lakewood,2022-11-28,economy,active,4.01,638,0.781,0.063,168.0
DRV_001854,Summit Town,2022-04-28,economy,active,3.91,988,0.94,0.078,77.3
DRV_001855,Lakewood,2022-03-19,economy,churned,3.95,253,0.757,0.05,166.8
DRV_001856,Valleyford,2023-09-14,economy,active,4.37,765,0.929,0.111,101.8
DRV_001857,Ridgeline,2022-10-01,comfort,active,4.4,289,0.941,0.166,158.9
DRV_001858,Metro City,2023-03-03,comfort,active,4.88,757,0.83,0.071,133.2
DRV_001859,Northgate,2023-01-18,comfort,active,4.09,424,0.903,0.101,43.9
DRV_001860,Lakewood,2023-06-21,economy,active,4.49,660,0.789,0.158,137.0
DRV_001861,Northgate,2023-06-25,comfort,active,4.95,1094,0.705,0.092,126.0
DRV_001862,Northgate,2022-08-05,xl,active,4.2,260,0.899,0.153,150.9
DRV_001863,Ridgeline,2023-09-11,economy,churned,4.67,885,0.87,0.091,144.9
DRV_001864,Northgate,2022-09-29,comfort,active,4.95,886,0.829,0.09,139.9
DRV_001865,Clearwater,2023-09-02,economy,active,4.68,409,0.952,0.045,126.9
DRV_001866,Clearwater,2022-10-23,economy,churned,3.62,648,0.904,0.04,158.7
DRV_001867,Metro City,2022-03-23,comfort,active,3.79,1086,0.819,0.118,146.9
DRV_001868,Summit Town,2023-07-09,xl,active,3.94,677,0.715,0.152,140.4
DRV_001869,Harbor City,2022-01-23,comfort,active,4.53,210,0.945,0.042,48.4
DRV_001870,Lakewood,2023-07-18,comfort,active,4.51,841,0.976,0.166,175.8
DRV_001871,Harbor City,2022-02-01,comfort,active,3.71,180,0.878,0.077,161.4
DRV_001872,Valleyford,2022-05-31,comfort,active,4.17,477,0.915,0.088,110.3
DRV_001873,Westville,2023-03-17,economy,churned,4.13,1014,0.842,0.163,165.0
DRV_001874,Westville,2023-11-19,economy,active,4.53,860,0.766,0.163,110.7
DRV_001875,Metro City,2022-10-26,comfort,active,3.89,827,0.955,0.104,112.5
DRV_001876,Valleyford,2022-03-30,economy,active,3.86,335,0.893,0.064,156.4
DRV_001877,Valleyford,2022-06-20,economy,active,4.4,69,0.854,0.048,88.0
DRV_001878,Metro City,2023-10-17,xl,active,3.62,1045,0.891,0.063,137.9
DRV_001879,Valleyford,2023-06-15,economy,active,4.5,322,0.843,0.145,150.5
DRV_001880,Southbrook,2022-03-15,economy,active,4.16,1183,0.716,0.072,164.9
DRV_001881,Metro City,2022-10-08,economy,active,4.3,415,0.885,0.131,124.0
DRV_001882,Harbor City,2022-07-13,economy,active,4.7,730,0.701,0.051,73.3
DRV_001883,Pinecrest,2022-05-10,xl,churned,3.77,866,0.762,0.097,147.3
DRV_001884,Metro City,2023-09-10,economy,churned,3.81,488,0.744,0.076,43.9
DRV_001885,Northgate,2023-03-27,comfort,active,4.85,965,0.795,0.101,127.4
DRV_001886,Westville,2022-05-12,economy,churned,4.61,381,0.954,0.111,136.1
DRV_001887,Eastport,2023-04-21,economy,churned,3.89,564,0.722,0.179,161.3
DRV_001888,Northgate,2022-10-29,xl,active,4.58,1076,0.8,0.164,89.3
DRV_001889,Clearwater,2022-02-14,economy,active,4.19,408,0.913,0.131,143.2
DRV_001890,Lakewood,2022-11-25,economy,active,4.43,425,0.942,0.045,114.7
DRV_001891,Ridgeline,2022-05-16,comfort,active,4.68,153,0.906,0.167,124.2
DRV_001892,Eastport,2022-06-29,economy,active,3.57,986,0.97,0.163,132.7
DRV_001893,Ridgeline,2023-10-04,economy,active,4.42,126,0.895,0.162,53.6
DRV_001894,Northgate,2023-06-03,xl,active,4.01,519,0.909,0.097,141.0
DRV_001895,Lakewood,2022-04-08,comfort,active,4.27,374,0.818,0.047,44.3
DRV_001896,Eastport,2023-09-14,economy,active,4.05,1061,0.785,0.141,176.1
DRV_001897,Ridgeline,2023-02-24,economy,churned,4.91,592,0.829,0.082,51.3
DRV_001898,Westville,2023-10-01,economy,active,4.4,546,0.915,0.075,177.9
DRV_001899,Southbrook,2023-06-30,economy,active,4.77,656,0.882,0.083,67.6
DRV_001900,Lakewood,2022-09-05,xl,active,3.89,714,0.916,0.109,91.1
DRV_001901,Southbrook,2023-01-26,economy,active,4.05,301,0.876,0.073,115.6
DRV_001902,Eastport,2023-01-23,xl,active,4.68,191,0.905,0.13,101.9
DRV_001903,Westville,2023-06-10,comfort,suspended,3.85,252,0.744,0.124,136.0
DRV_001904,Ridgeline,2022-07-01,economy,active,5.0,1171,0.791,0.101,131.5
DRV_001905,Summit Town,2022-09-01,comfort,suspended,4.49,101,0.857,0.029,85.0
DRV_001906,Eastport,2022-06-28,economy,active,4.85,697,0.705,0.17,145.0
DRV_001907,Westville,2022-08-05,economy,churned,3.66,909,0.955,0.086,103.3
DRV_001908,Eastport,2022-04-28,economy,active,4.12,762,0.767,0.092,122.8
DRV_001909,Northgate,2022-01-27,comfort,churned,4.0,988,0.725,0.093,135.8
DRV_001910,Southbrook,2023-11-18,comfort,active,4.96,194,0.886,0.078,122.3
DRV_001911,Northgate,2022-02-24,economy,active,3.72,499,0.754,0.128,41.7
DRV_001912,Westville,2023-10-11,comfort,active,4.62,844,0.857,0.022,143.4
DRV_001913,Valleyford,2022-01-03,economy,active,4.45,116,0.77,0.16,101.3
DRV_001914,Metro City,2023-07-22,economy,active,4.78,540,0.746,0.036,49.7
DRV_001915,Northgate,2022-08-28,xl,active,4.97,964,0.906,0.18,58.6
DRV_001916,Valleyford,2023-01-13,comfort,active,4.71,536,0.809,0.12,63.4
DRV_001917,Ridgeline,2022-07-26,comfort,active,3.88,958,0.861,0.031,163.0
DRV_001918,Eastport,2022-12-25,comfort,active,4.75,594,0.761,0.11,120.5
DRV_001919,Westville,2022-11-26,economy,active,4.29,172,0.855,0.073,38.3
DRV_001920,Ridgeline,2023-01-22,xl,churned,4.48,666,0.818,0.172,150.3
DRV_001921,Metro City,2022-10-15,economy,active,3.92,521,0.714,0.141,134.6
DRV_001922,Northgate,2023-01-27,economy,active,4.72,974,0.903,0.101,107.2
DRV_001923,Clearwater,2023-08-26,economy,active,4.17,1014,0.855,0.089,153.9
DRV_001924,Northgate,2022-11-14,xl,active,4.71,443,0.96,0.179,145.2
DRV_001925,Southbrook,2022-09-21,comfort,churned,4.14,1093,0.926,0.127,105.5
DRV_001926,Westville,2022-04-07,economy,active,4.42,1062,0.86,0.102,140.6
DRV_001927,Lakewood,2022-09-20,economy,churned,3.65,606,0.712,0.084,33.5
DRV_001928,Eastport,2022-04-02,economy,active,3.64,177,0.911,0.072,105.5
DRV_001929,Metro City,2022-05-14,economy,active,4.93,867,0.854,0.133,85.5
DRV_001930,Harbor City,2023-11-27,economy,active,4.59,660,0.934,0.114,64.7
DRV_001931,Metro City,2022-03-07,economy,churned,3.76,808,0.862,0.156,99.1
DRV_001932,Ridgeline,2022-12-18,economy,active,4.4,829,0.701,0.109,88.9
DRV_001933,Eastport,2023-09-02,xl,active,4.67,929,0.928,0.113,57.7
DRV_001934,Northgate,2023-11-27,economy,suspended,4.4,1165,0.924,0.096,180.0
DRV_001935,Metro City,2022-04-18,comfort,churned,4.17,420,0.728,0.142,37.8
DRV_001936,Eastport,2022-04-30,xl,active,4.75,507,0.891,0.086,155.6
DRV_001937,Southbrook,2022-09-29,economy,active,3.58,251,0.847,0.156,143.1
DRV_001938,Southbrook,2023-02-09,economy,suspended,4.45,830,0.865,0.072,41.2
DRV_001939,Summit Town,2023-12-02,comfort,active,4.21,863,0.949,0.131,81.2
DRV_001940,Westville,2022-06-01,xl,churned,4.47,954,0.77,0.163,122.2
DRV_001941,Lakewood,2022-05-01,economy,active,3.94,225,0.704,0.143,53.3
DRV_001942,Harbor City,2022-07-04,economy,active,3.74,1007,0.758,0.075,141.5
DRV_001943,Summit Town,2023-10-01,economy,active,4.96,744,0.956,0.133,82.7
DRV_001944,Valleyford,2022-01-22,comfort,active,4.8,1104,0.759,0.053,51.2
DRV_001945,Ridgeline,2022-10-05,economy,active,4.86,50,0.889,0.029,133.6
DRV_001946,Ridgeline,2022-03-28,economy,active,4.65,447,0.921,0.147,67.7
DRV_001947,Clearwater,2022-04-25,economy,active,3.6,1143,0.928,0.149,82.7
DRV_001948,Metro City,2023-11-01,comfort,active,4.44,1018,0.703,0.024,95.2
DRV_001949,Valleyford,2022-01-02,economy,active,4.07,790,0.703,0.172,94.8
DRV_001950,Northgate,2022-08-23,comfort,active,4.0,1150,0.977,0.091,148.6
DRV_001951,Ridgeline,2023-10-31,economy,active,3.87,783,0.848,0.165,127.1
DRV_001952,Lakewood,2023-03-20,comfort,active,3.77,589,0.718,0.146,157.9
DRV_001953,Lakewood,2022-02-22,xl,active,3.71,363,0.708,0.164,145.7
DRV_001954,Clearwater,2022-12-06,xl,active,3.68,844,0.927,0.153,170.5
DRV_001955,Clearwater,2023-12-10,economy,active,4.57,657,0.953,0.176,82.4
DRV_001956,Eastport,2022-10-20,comfort,active,4.9,421,0.847,0.121,116.8
DRV_001957,Southbrook,2023-01-21,xl,active,4.07,229,0.804,0.056,156.3
DRV_001958,Metro City,2023-01-24,comfort,active,3.66,344,0.897,0.082,152.6
DRV_001959,Eastport,2023-04-28,xl,active,3.83,637,0.706,0.14,151.5
DRV_001960,Harbor City,2022-05-17,xl,active,4.62,369,0.952,0.045,94.6
DRV_001961,Eastport,2023-09-05,economy,active,4.02,726,0.772,0.169,102.9
DRV_001962,Harbor City,2023-12-23,economy,active,4.49,109,0.753,0.053,41.9
DRV_001963,Harbor City,2022-04-15,comfort,active,3.81,449,0.787,0.16,56.2
DRV_001964,Summit Town,2023-08-21,comfort,active,4.64,715,0.718,0.097,96.2
DRV_001965,Pinecrest,2023-08-20,economy,churned,4.48,888,0.809,0.154,76.7
DRV_001966,Harbor City,2023-06-26,xl,active,3.83,1041,0.9,0.173,66.2
DRV_001967,Westville,2022-09-28,economy,active,4.9,203,0.839,0.088,52.5
DRV_001968,Metro City,2022-12-09,xl,active,4.28,380,0.887,0.131,143.0
DRV_001969,Valleyford,2023-09-05,economy,active,3.83,788,0.76,0.056,151.6
DRV_001970,Pinecrest,2022-04-22,comfort,active,4.35,86,0.811,0.148,103.7
DRV_001971,Clearwater,2023-08-28,xl,active,4.12,679,0.845,0.151,153.8
DRV_001972,Eastport,2023-11-04,comfort,active,4.88,375,0.86,0.067,167.2
DRV_001973,Harbor City,2023-05-13,economy,active,3.96,648,0.752,0.024,52.9
DRV_001974,Valleyford,2022-09-07,economy,active,4.83,937,0.926,0.089,154.6
DRV_001975,Southbrook,2023-02-13,comfort,active,4.61,248,0.725,0.047,34.2
DRV_001976,Lakewood,2022-02-06,comfort,active,4.52,564,0.728,0.151,47.0
DRV_001977,Valleyford,2023-11-12,comfort,active,3.78,902,0.77,0.062,91.7
DRV_001978,Clearwater,2022-09-07,comfort,active,3.63,932,0.883,0.171,130.6
DRV_001979,Lakewood,2022-02-11,economy,active,4.8,399,0.722,0.175,103.4
DRV_001980,Eastport,2023-08-03,economy,active,4.36,299,0.702,0.165,61.4
DRV_001981,Clearwater,2023-04-26,comfort,active,4.95,532,0.832,0.116,124.7
DRV_001982,Ridgeline,2023-03-31,comfort,active,4.27,788,0.797,0.063,160.3
DRV_001983,Lakewood,2022-02-09,economy,active,4.39,864,0.744,0.149,149.3
DRV_001984,Pinecrest,2023-07-03,xl,active,5.0,890,0.884,0.132,74.5
DRV_001985,Southbrook,2023-04-11,comfort,active,4.57,391,0.88,0.176,165.3
DRV_001986,Metro City,2023-08-03,comfort,active,4.04,980,0.734,0.08,88.0
DRV_001987,Harbor City,2023-08-27,comfort,active,4.74,954,0.764,0.029,164.8
DRV_001988,Lakewood,2022-06-04,economy,active,3.94,836,0.802,0.18,45.5
DRV_001989,Summit Town,2022-06-03,xl,churned,4.29,900,0.977,0.154,170.3
DRV_001990,Pinecrest,2023-11-06,comfort,active,3.86,1097,0.915,0.055,82.2
DRV_001991,Summit Town,2023-01-23,comfort,active,4.99,996,0.794,0.136,95.9
DRV_001992,Ridgeline,2022-11-16,economy,active,4.9,194,0.97,0.02,155.7
DRV_001993,Southbrook,2022-07-29,comfort,active,4.81,927,0.827,0.109,133.5
DRV_001994,Westville,2023-04-12,xl,active,4.1,683,0.806,0.078,113.3
DRV_001995,Clearwater,2023-07-05,economy,active,4.59,542,0.964,0.081,131.8
DRV_001996,Metro City,2022-01-02,xl,active,3.89,567,0.906,0.059,108.2
DRV_001997,Summit Town,2023-02-08,economy,churned,4.08,234,0.853,0.064,33.9
DRV_001998,Eastport,2023-12-27,economy,active,4.71,1199,0.868,0.093,100.6
DRV_001999,Ridgeline,2022-07-24,xl,churned,3.58,108,0.972,0.06,120.7
DRV_002000,Eastport,2022-07-25,comfort,active,3.57,681,0.743,0.095,49.7
DRV_002001,Lakewood,2023-10-04,economy,active,4.49,1115,0.797,0.112,63.9
DRV_002002,Ridgeline,2022-02-15,economy,active,4.66,838,0.818,0.134,64.4
DRV_002003,Pinecrest,2022-10-18,comfort,active,4.08,1148,0.976,0.128,111.1
DRV_002004,Metro City,2022-12-01,economy,active,4.51,1106,0.724,0.059,63.8
DRV_002005,Summit Town,2023-08-06,economy,churned,4.85,80,0.731,0.026,64.1
DRV_002006,Northgate,2022-04-05,comfort,active,3.65,213,0.822,0.153,93.8
DRV_002007,Pinecrest,2022-11-13,economy,active,4.75,176,0.747,0.16,148.2
DRV_002008,Eastport,2022-04-22,economy,active,4.37,440,0.892,0.177,71.9
DRV_002009,Summit Town,2023-07-29,comfort,active,4.13,500,0.801,0.174,67.7
DRV_002010,Clearwater,2023-04-07,comfort,churned,3.58,421,0.937,0.121,105.4
DRV_002011,Westville,2022-12-29,economy,active,4.08,226,0.91,0.163,82.9
DRV_002012,Southbrook,2022-10-14,comfort,active,4.69,184,0.832,0.092,177.1
DRV_002013,Lakewood,2022-04-22,economy,active,4.31,629,0.937,0.146,151.0
DRV_002014,Pinecrest,2023-11-04,xl,active,3.76,694,0.728,0.173,88.8
DRV_002015,Clearwater,2023-04-18,comfort,active,3.85,399,0.863,0.147,48.0
DRV_002016,Valleyford,2022-08-21,comfort,active,4.77,402,0.869,0.087,62.7
DRV_002017,Northgate,2022-10-30,comfort,active,4.15,618,0.769,0.08,147.5
DRV_002018,Pinecrest,2023-06-15,economy,active,3.64,239,0.714,0.067,98.5
DRV_002019,Clearwater,2023-06-10,economy,active,4.96,230,0.85,0.079,59.3
DRV_002020,Westville,2022-12-03,economy,active,3.88,75,0.844,0.151,123.7
DRV_002021,Eastport,2022-08-10,comfort,active,4.69,464,0.883,0.132,125.9
DRV_002022,Pinecrest,2023-04-27,xl,churned,3.52,78,0.76,0.06,79.4
DRV_002023,Southbrook,2023-04-26,economy,churned,3.88,466,0.75,0.134,51.6
DRV_002024,Clearwater,2023-03-14,xl,active,4.01,499,0.974,0.081,114.6
DRV_002025,Clearwater,2022-02-23,economy,active,4.79,347,0.732,0.109,114.6
DRV_002026,Southbrook,2022-12-12,economy,active,4.62,752,0.98,0.079,98.5
DRV_002027,Summit Town,2023-03-25,economy,active,3.96,218,0.902,0.103,175.5
DRV_002028,Clearwater,2023-11-25,economy,active,4.68,294,0.876,0.137,78.1
DRV_002029,Northgate,2023-01-19,comfort,active,4.72,1145,0.795,0.137,105.4
DRV_002030,Pinecrest,2022-09-08,economy,active,4.27,1096,0.943,0.141,125.3
DRV_002031,Lakewood,2023-02-10,comfort,active,4.26,182,0.955,0.083,133.6
DRV_002032,Pinecrest,2022-05-10,xl,active,4.26,291,0.902,0.13,156.8
DRV_002033,Harbor City,2022-03-08,economy,active,3.75,715,0.899,0.058,63.1
DRV_002034,Harbor City,2023-05-11,economy,active,4.72,360,0.838,0.096,159.4
DRV_002035,Harbor City,2023-12-21,economy,active,4.57,237,0.722,0.113,45.2
DRV_002036,Southbrook,2023-09-10,comfort,active,4.77,399,0.98,0.13,39.7
DRV_002037,Harbor City,2023-03-03,xl,active,4.72,1186,0.704,0.166,160.7
DRV_002038,Northgate,2022-01-30,economy,active,4.68,231,0.839,0.069,78.8
DRV_002039,Valleyford,2023-12-23,xl,active,4.67,762,0.803,0.155,149.5
DRV_002040,Valleyford,2022-11-25,xl,churned,4.92,1198,0.917,0.07,146.1
DRV_002041,Northgate,2022-07-31,comfort,churned,4.41,998,0.906,0.108,131.3
DRV_002042,Clearwater,2023-10-14,comfort,active,4.74,874,0.876,0.152,60.7
DRV_002043,Harbor City,2023-06-29,comfort,active,4.7,398,0.721,0.136,93.7
DRV_002044,Northgate,2023-07-02,xl,active,3.91,395,0.766,0.158,151.4
DRV_002045,Northgate,2022-07-22,comfort,active,4.35,740,0.726,0.15,44.7
DRV_002046,Ridgeline,2023-12-26,economy,active,4.59,1169,0.974,0.064,105.9
DRV_002047,Valleyford,2022-11-27,comfort,active,3.66,451,0.736,0.179,53.0
DRV_002048,Pinecrest,2023-01-23,economy,active,4.3,779,0.971,0.17,45.3
DRV_002049,Ridgeline,2023-07-03,economy,active,3.5,1170,0.732,0.089,96.2
DRV_002050,Eastport,2023-04-27,comfort,active,3.86,934,0.941,0.028,76.4
DRV_002051,Northgate,2022-05-06,economy,suspended,4.23,1153,0.861,0.069,153.1
DRV_002052,Ridgeline,2022-08-09,economy,active,3.96,445,0.933,0.154,103.2
DRV_002053,Eastport,2022-09-21,economy,active,4.66,830,0.878,0.172,141.2
DRV_002054,Southbrook,2023-11-23,economy,active,4.46,299,0.915,0.153,129.2
DRV_002055,Southbrook,2023-06-06,xl,active,3.9,99,0.905,0.083,172.7
DRV_002056,Northgate,2022-09-25,economy,active,3.53,567,0.773,0.029,69.0
DRV_002057,Valleyford,2023-06-21,xl,active,3.88,961,0.962,0.103,147.1
DRV_002058,Northgate,2023-06-24,economy,active,4.28,529,0.88,0.08,58.1
DRV_002059,Southbrook,2022-10-15,economy,suspended,4.64,362,0.757,0.04,159.3
DRV_002060,Northgate,2022-10-22,economy,active,4.41,1182,0.786,0.037,161.0
DRV_002061,Summit Town,2023-10-15,economy,active,3.58,513,0.849,0.044,152.6
DRV_002062,Lakewood,2023-02-15,economy,active,4.2,216,0.947,0.053,78.2
DRV_002063,Metro City,2022-04-20,xl,active,4.94,259,0.923,0.141,52.0
DRV_002064,Southbrook,2023-06-10,comfort,churned,4.86,205,0.785,0.081,156.5
DRV_002065,Valleyford,2023-03-07,economy,active,4.61,1167,0.893,0.09,118.4
DRV_002066,Pinecrest,2023-01-07,economy,churned,3.93,764,0.7,0.116,97.2
DRV_002067,Eastport,2023-06-14,economy,active,3.53,67,0.793,0.174,91.9
DRV_002068,Clearwater,2023-10-25,economy,churned,4.18,696,0.935,0.141,45.2
DRV_002069,Lakewood,2022-08-30,economy,suspended,4.06,529,0.742,0.123,127.0
DRV_002070,Valleyford,2022-11-03,comfort,churned,4.51,678,0.799,0.139,108.1
DRV_002071,Southbrook,2022-05-19,comfort,active,3.61,1035,0.7,0.135,174.2
DRV_002072,Harbor City,2023-04-18,economy,churned,4.89,523,0.706,0.13,131.3
DRV_002073,Ridgeline,2022-10-21,economy,active,4.6,395,0.741,0.099,174.8
DRV_002074,Pinecrest,2022-09-07,comfort,active,4.96,465,0.729,0.111,51.0
DRV_002075,Pinecrest,2023-05-24,economy,active,4.8,860,0.837,0.094,132.4
DRV_002076,Clearwater,2022-10-25,economy,active,4.15,150,0.952,0.083,152.1
DRV_002077,Valleyford,2022-12-05,economy,churned,4.49,765,0.724,0.063,121.7
DRV_002078,Ridgeline,2022-11-18,xl,suspended,4.77,961,0.944,0.077,122.2
DRV_002079,Southbrook,2022-07-08,comfort,churned,3.81,1189,0.887,0.089,53.4
DRV_002080,Metro City,2022-04-02,economy,active,3.51,563,0.747,0.113,78.2
DRV_002081,Northgate,2023-08-27,comfort,active,3.96,586,0.781,0.1,124.9
DRV_002082,Northgate,2022-03-08,comfort,active,4.16,1081,0.754,0.037,101.0
DRV_002083,Clearwater,2022-08-26,economy,active,4.44,972,0.921,0.074,159.5
DRV_002084,Northgate,2023-05-03,economy,active,3.9,619,0.903,0.08,146.6
DRV_002085,Metro City,2022-04-06,xl,active,4.16,483,0.785,0.133,110.2
DRV_002086,Summit Town,2023-04-24,comfort,active,4.47,1089,0.715,0.073,121.8
DRV_002087,Lakewood,2023-06-20,economy,active,4.74,522,0.747,0.021,128.5
DRV_002088,Pinecrest,2023-04-29,economy,active,3.84,1112,0.876,0.033,128.3
DRV_002089,Metro City,2022-08-11,economy,active,4.7,550,0.725,0.1,134.4
DRV_002090,Lakewood,2022-01-15,economy,active,4.91,693,0.85,0.05,104.6
DRV_002091,Clearwater,2023-10-10,comfort,active,4.11,657,0.872,0.099,48.6
DRV_002092,Southbrook,2022-08-27,economy,active,4.33,967,0.893,0.112,173.3
DRV_002093,Lakewood,2023-08-11,comfort,active,3.51,947,0.735,0.169,32.5
DRV_002094,Summit Town,2022-05-25,economy,churned,4.57,169,0.829,0.125,32.5
DRV_002095,Westville,2022-04-29,economy,active,4.81,1011,0.83,0.025,170.8
DRV_002096,Valleyford,2023-07-23,comfort,active,3.53,184,0.934,0.081,104.2
DRV_002097,Lakewood,2023-11-18,xl,churned,4.77,987,0.831,0.147,152.6
DRV_002098,Eastport,2023-09-21,economy,active,3.72,855,0.814,0.062,87.9
DRV_002099,Eastport,2023-07-03,economy,active,4.76,723,0.735,0.168,94.6
DRV_002100,Lakewood,2022-06-30,xl,suspended,4.31,108,0.894,0.105,135.8
DRV_002101,Harbor City,2023-10-29,economy,churned,4.06,1031,0.874,0.035,106.3
DRV_002102,Eastport,2023-05-03,economy,active,4.91,868,0.901,0.059,165.1
DRV_002103,Westville,2022-05-06,xl,churned,4.42,717,0.884,0.165,133.7
DRV_002104,Summit Town,2022-04-05,economy,churned,3.56,315,0.945,0.179,109.1
DRV_002105,Pinecrest,2023-09-28,comfort,active,4.65,938,0.946,0.158,154.5
DRV_002106,Harbor City,2022-07-20,economy,active,3.77,319,0.786,0.071,111.7
DRV_002107,Valleyford,2023-07-14,comfort,active,4.88,550,0.751,0.143,74.9
DRV_002108,Metro City,2022-04-12,xl,churned,3.75,464,0.959,0.056,48.1
DRV_002109,Clearwater,2022-07-24,economy,active,4.23,531,0.9,0.082,82.6
DRV_002110,Northgate,2022-07-26,xl,active,4.28,1113,0.972,0.132,125.2
DRV_002111,Eastport,2022-07-25,economy,active,4.35,936,0.839,0.175,177.3
DRV_002112,Harbor City,2023-05-08,comfort,active,4.3,867,0.969,0.09,141.8
DRV_002113,Summit Town,2023-10-30,xl,active,4.16,841,0.734,0.099,122.8
DRV_002114,Harbor City,2023-10-27,xl,active,4.57,914,0.865,0.055,60.4
DRV_002115,Eastport,2023-06-26,economy,churned,3.73,893,0.839,0.085,136.0
DRV_002116,Eastport,2022-05-28,comfort,active,4.68,950,0.701,0.03,108.4
DRV_002117,Southbrook,2023-12-03,economy,active,3.56,106,0.754,0.157,140.8
DRV_002118,Pinecrest,2023-01-31,economy,suspended,4.76,1006,0.743,0.024,84.8
DRV_002119,Ridgeline,2023-02-03,economy,active,4.62,407,0.717,0.129,101.7
DRV_002120,Eastport,2023-05-28,economy,active,4.69,245,0.965,0.064,108.9
DRV_002121,Harbor City,2023-07-16,economy,churned,3.95,272,0.97,0.096,84.3
DRV_002122,Summit Town,2023-11-27,comfort,active,4.77,1133,0.95,0.065,116.8
DRV_002123,Clearwater,2023-03-02,economy,suspended,4.54,1000,0.977,0.084,71.5
DRV_002124,Valleyford,2023-03-22,economy,active,4.95,506,0.933,0.107,41.5
DRV_002125,Harbor City,2023-06-29,economy,active,3.53,1098,0.961,0.123,56.8
DRV_002126,Lakewood,2022-07-06,economy,active,4.69,695,0.755,0.17,104.1
DRV_002127,Clearwater,2022-08-13,economy,active,4.43,1018,0.772,0.073,40.1
DRV_002128,Southbrook,2023-04-02,comfort,active,4.98,981,0.941,0.114,88.0
DRV_002129,Lakewood,2022-02-16,xl,churned,4.16,337,0.834,0.164,131.4
DRV_002130,Eastport,2022-08-22,economy,active,3.92,1030,0.901,0.066,106.8
DRV_002131,Harbor City,2023-06-09,comfort,active,4.82,1162,0.857,0.158,113.0
DRV_002132,Westville,2023-12-14,comfort,active,3.99,632,0.786,0.173,138.7
DRV_002133,Lakewood,2023-01-15,economy,active,4.55,422,0.78,0.156,48.1
DRV_002134,Valleyford,2022-10-19,economy,active,4.0,676,0.909,0.111,69.6
DRV_002135,Eastport,2022-11-18,economy,churned,4.92,1019,0.849,0.136,93.4
DRV_002136,Clearwater,2023-05-16,comfort,active,4.29,521,0.801,0.097,70.2
DRV_002137,Ridgeline,2023-02-02,economy,active,3.98,104,0.873,0.116,95.8
DRV_002138,Lakewood,2022-01-17,comfort,active,4.73,106,0.818,0.176,164.0
DRV_002139,Southbrook,2023-01-29,economy,active,3.59,920,0.833,0.06,47.2
DRV_002140,Clearwater,2022-10-20,comfort,active,3.64,794,0.89,0.147,74.2
DRV_002141,Clearwater,2023-05-27,economy,active,4.76,302,0.828,0.101,160.1
DRV_002142,Summit Town,2023-10-01,comfort,churned,3.99,828,0.966,0.048,114.7
DRV_002143,Ridgeline,2023-12-04,economy,churned,3.76,407,0.836,0.123,175.5
DRV_002144,Ridgeline,2023-03-22,xl,active,4.38,593,0.969,0.147,55.9
DRV_002145,Southbrook,2022-09-22,comfort,active,3.88,286,0.937,0.111,143.4
DRV_002146,Northgate,2022-11-21,comfort,active,4.98,105,0.949,0.154,155.9
DRV_002147,Clearwater,2022-05-09,comfort,churned,4.73,1088,0.914,0.079,173.8
DRV_002148,Valleyford,2023-11-15,economy,active,4.83,700,0.869,0.166,53.7
DRV_002149,Southbrook,2023-09-11,economy,active,4.75,1157,0.849,0.124,110.4
DRV_002150,Eastport,2023-09-16,economy,active,4.83,168,0.854,0.149,90.5
DRV_002151,Harbor City,2022-08-28,economy,active,4.01,507,0.756,0.064,120.9
DRV_002152,Summit Town,2022-08-24,economy,active,4.51,572,0.76,0.091,41.9
DRV_002153,Clearwater,2023-09-18,xl,active,4.86,88,0.71,0.166,101.1
DRV_002154,Eastport,2023-02-02,economy,active,4.53,968,0.909,0.028,34.3
DRV_002155,Pinecrest,2023-05-30,economy,active,5.0,1185,0.735,0.085,76.4
DRV_002156,Southbrook,2022-12-24,comfort,active,4.8,311,0.863,0.145,153.2
DRV_002157,Harbor City,2022-11-20,economy,suspended,3.61,1055,0.739,0.139,100.1
DRV_002158,Westville,2023-04-07,economy,active,4.25,1106,0.719,0.156,157.7
DRV_002159,Metro City,2023-08-17,xl,active,3.91,527,0.849,0.138,38.7
DRV_002160,Northgate,2022-09-01,comfort,active,4.81,864,0.944,0.172,135.0
DRV_002161,Pinecrest,2023-08-14,comfort,active,4.91,561,0.8,0.1,39.0
DRV_002162,Harbor City,2022-06-28,economy,active,4.35,346,0.957,0.12,53.3
DRV_002163,Southbrook,2022-10-22,economy,churned,3.59,376,0.703,0.156,150.5
DRV_002164,Southbrook,2023-10-29,economy,active,4.02,314,0.83,0.132,33.0
DRV_002165,Metro City,2023-11-28,economy,active,3.78,1184,0.741,0.036,87.1
DRV_002166,Ridgeline,2023-11-06,economy,churned,4.29,135,0.788,0.079,170.4
DRV_002167,Southbrook,2022-08-19,economy,active,4.98,557,0.707,0.108,53.3
DRV_002168,Southbrook,2023-09-08,economy,active,4.01,1054,0.71,0.141,172.2
DRV_002169,Pinecrest,2023-11-15,comfort,churned,4.6,629,0.9,0.107,59.4
DRV_002170,Harbor City,2023-12-16,economy,churned,4.75,122,0.883,0.144,70.5
DRV_002171,Eastport,2022-01-16,economy,active,4.75,477,0.758,0.154,125.7
DRV_002172,Ridgeline,2023-06-28,economy,active,3.72,770,0.952,0.062,31.0
DRV_002173,Metro City,2023-12-29,xl,active,3.86,187,0.893,0.119,136.4
DRV_002174,Summit Town,2023-07-13,xl,active,3.83,914,0.794,0.109,165.5
DRV_002175,Harbor City,2022-06-20,comfort,active,3.95,811,0.814,0.056,83.4
DRV_002176,Clearwater,2023-07-11,comfort,active,3.57,343,0.782,0.098,120.8
DRV_002177,Summit Town,2022-03-18,economy,churned,4.31,966,0.933,0.108,83.6
DRV_002178,Northgate,2022-12-17,economy,churned,4.61,487,0.838,0.151,133.8
DRV_002179,Clearwater,2023-04-03,economy,churned,3.89,497,0.738,0.094,109.0
DRV_002180,Lakewood,2022-11-30,comfort,active,4.46,387,0.756,0.033,105.4
DRV_002181,Pinecrest,2023-05-26,xl,active,4.32,486,0.783,0.098,37.8
DRV_002182,Westville,2022-06-25,economy,active,3.65,971,0.813,0.154,129.2
DRV_002183,Eastport,2023-03-19,economy,active,3.86,70,0.866,0.111,105.9
DRV_002184,Eastport,2023-04-16,economy,active,3.86,1194,0.97,0.071,78.1
DRV_002185,Northgate,2023-04-08,economy,active,4.23,926,0.773,0.167,102.0
DRV_002186,Northgate,2022-07-31,economy,active,4.44,1166,0.792,0.045,79.6
DRV_002187,Lakewood,2022-08-11,xl,active,3.95,811,0.707,0.072,70.7
DRV_002188,Summit Town,2022-07-08,economy,active,3.69,129,0.804,0.09,48.2
DRV_002189,Metro City,2022-12-04,economy,active,3.9,916,0.889,0.138,63.0
DRV_002190,Valleyford,2023-03-04,economy,churned,3.56,829,0.97,0.154,49.5
DRV_002191,Clearwater,2022-09-22,comfort,active,4.62,587,0.907,0.029,31.5
DRV_002192,Clearwater,2022-10-27,xl,active,4.55,722,0.733,0.147,140.7
DRV_002193,Southbrook,2022-07-29,comfort,active,4.51,437,0.949,0.135,44.2
DRV_002194,Northgate,2022-06-09,comfort,active,4.43,1119,0.935,0.163,89.2
DRV_002195,Northgate,2023-04-25,comfort,active,3.95,1072,0.753,0.164,127.1
DRV_002196,Clearwater,2023-08-19,xl,active,3.67,714,0.962,0.144,136.2
DRV_002197,Valleyford,2022-08-01,comfort,active,4.4,1149,0.9,0.05,41.5
DRV_002198,Valleyford,2023-09-21,comfort,active,4.6,576,0.919,0.07,162.2
DRV_002199,Valleyford,2023-02-21,xl,active,4.72,286,0.829,0.17,43.4
DRV_002200,Westville,2022-05-03,comfort,active,4.59,566,0.756,0.116,107.0
DRV_002201,Clearwater,2022-09-25,economy,active,4.49,1106,0.924,0.106,153.3
DRV_002202,Northgate,2022-01-06,xl,active,4.74,1031,0.834,0.167,98.7
DRV_002203,Valleyford,2022-01-29,comfort,active,4.64,74,0.971,0.16,179.9
DRV_002204,Pinecrest,2022-09-03,comfort,active,4.92,822,0.743,0.136,135.9
DRV_002205,Southbrook,2022-11-28,economy,active,3.51,974,0.8,0.161,80.8
DRV_002206,Northgate,2023-08-06,xl,suspended,3.72,135,0.906,0.038,41.4
DRV_002207,Ridgeline,2022-04-09,comfort,active,4.37,699,0.86,0.141,153.8
DRV_002208,Northgate,2023-09-05,comfort,churned,4.1,1123,0.821,0.175,160.6
DRV_002209,Ridgeline,2022-06-21,comfort,active,4.01,477,0.896,0.028,124.6
DRV_002210,Summit Town,2022-04-11,comfort,active,4.62,830,0.905,0.056,79.6
DRV_002211,Northgate,2023-05-26,xl,active,4.3,490,0.862,0.147,114.9
DRV_002212,Lakewood,2023-07-20,comfort,active,4.29,228,0.789,0.103,30.4
DRV_002213,Northgate,2023-03-18,comfort,active,3.57,508,0.873,0.034,92.6
DRV_002214,Southbrook,2022-03-26,xl,active,4.19,589,0.853,0.063,177.9
DRV_002215,Metro City,2022-03-26,comfort,active,4.41,540,0.923,0.072,62.0
DRV_002216,Southbrook,2022-10-12,economy,active,3.92,338,0.883,0.071,132.4
DRV_002217,Harbor City,2022-11-25,economy,active,3.86,1137,0.839,0.16,45.7
DRV_002218,Ridgeline,2023-12-30,comfort,active,4.33,730,0.705,0.126,139.5
DRV_002219,Southbrook,2022-07-29,economy,active,4.87,785,0.747,0.138,96.0
DRV_002220,Ridgeline,2022-05-21,comfort,active,3.67,689,0.794,0.022,81.1
DRV_002221,Metro City,2023-11-22,xl,active,3.96,450,0.868,0.088,105.8
DRV_002222,Clearwater,2022-04-23,comfort,churned,3.59,1165,0.922,0.071,152.8
DRV_002223,Eastport,2022-01-20,economy,active,3.99,528,0.969,0.156,155.8
DRV_002224,Ridgeline,2022-11-05,xl,active,4.54,113,0.868,0.173,82.9
DRV_002225,Westville,2022-10-20,economy,active,3.98,565,0.904,0.088,124.9
DRV_002226,Summit Town,2023-03-29,economy,active,4.1,567,0.874,0.176,78.4
DRV_002227,Southbrook,2023-10-03,economy,active,4.9,497,0.82,0.022,97.8
DRV_002228,Harbor City,2023-11-13,comfort,active,4.02,260,0.871,0.072,128.4
DRV_002229,Southbrook,2022-07-31,comfort,active,4.31,601,0.812,0.144,68.4
DRV_002230,Lakewood,2023-12-17,comfort,churned,4.9,75,0.827,0.078,78.7
DRV_002231,Valleyford,2023-04-07,economy,churned,4.26,452,0.955,0.167,54.9
DRV_002232,Valleyford,2022-02-20,economy,active,3.76,944,0.858,0.055,120.2
DRV_002233,Westville,2023-11-17,comfort,suspended,3.71,867,0.728,0.147,156.8
DRV_002234,Eastport,2022-04-11,economy,active,4.85,921,0.847,0.052,167.7
DRV_002235,Southbrook,2023-03-06,xl,active,4.83,223,0.967,0.052,171.4
DRV_002236,Ridgeline,2023-08-01,economy,churned,3.88,1124,0.728,0.091,146.9
DRV_002237,Ridgeline,2022-07-02,economy,suspended,4.43,266,0.972,0.171,101.0
DRV_002238,Southbrook,2022-07-17,economy,active,3.75,726,0.977,0.114,151.9
DRV_002239,Northgate,2022-12-14,economy,suspended,3.85,1163,0.857,0.122,68.4
DRV_002240,Westville,2023-10-08,economy,active,4.88,344,0.793,0.022,106.6
DRV_002241,Metro City,2022-06-13,economy,active,4.1,157,0.702,0.029,167.8
DRV_002242,Northgate,2023-04-30,xl,active,3.81,467,0.704,0.031,116.7
DRV_002243,Valleyford,2022-11-27,economy,active,4.29,65,0.809,0.151,121.7
DRV_002244,Ridgeline,2022-03-23,economy,active,4.78,745,0.919,0.058,123.2
DRV_002245,Southbrook,2023-06-03,economy,active,4.75,944,0.964,0.073,150.6
DRV_002246,Summit Town,2023-08-31,economy,active,4.49,773,0.743,0.118,42.6
DRV_002247,Summit Town,2023-02-25,economy,active,4.72,333,0.837,0.113,86.1
DRV_002248,Harbor City,2022-05-09,economy,active,4.67,98,0.84,0.086,170.5
DRV_002249,Harbor City,2022-04-24,economy,active,4.95,415,0.806,0.021,174.8
DRV_002250,Southbrook,2022-11-06,economy,churned,4.48,1097,0.851,0.092,113.8
DRV_002251,Valleyford,2023-01-05,xl,active,4.4,469,0.959,0.138,75.0
DRV_002252,Clearwater,2023-02-08,economy,active,4.86,1114,0.823,0.058,157.7
DRV_002253,Valleyford,2022-06-27,comfort,active,4.04,1164,0.739,0.133,163.6
DRV_002254,Eastport,2023-01-01,economy,active,4.24,968,0.886,0.022,74.6
DRV_002255,Ridgeline,2022-08-04,comfort,active,4.79,320,0.709,0.165,140.1
DRV_002256,Metro City,2023-05-16,economy,active,4.97,337,0.963,0.172,172.7
DRV_002257,Eastport,2023-08-05,economy,active,4.13,204,0.963,0.02,94.8
DRV_002258,Northgate,2023-04-22,economy,active,4.38,450,0.726,0.093,42.2
DRV_002259,Metro City,2022-01-01,comfort,active,4.76,605,0.854,0.086,155.0
DRV_002260,Westville,2023-12-26,xl,active,4.28,857,0.923,0.155,131.0
DRV_002261,Northgate,2022-01-18,economy,active,4.11,118,0.83,0.107,143.7
DRV_002262,Lakewood,2023-12-31,comfort,active,3.6,401,0.834,0.118,129.0
DRV_002263,Westville,2022-01-24,comfort,active,3.82,454,0.972,0.052,93.0
DRV_002264,Eastport,2023-01-13,xl,active,4.0,495,0.765,0.032,174.7
DRV_002265,Southbrook,2022-03-19,comfort,active,4.1,719,0.847,0.131,123.4
DRV_002266,Eastport,2022-03-11,economy,active,4.66,818,0.732,0.119,108.8
DRV_002267,Summit Town,2023-05-14,comfort,active,3.75,1135,0.785,0.153,113.5
DRV_002268,Eastport,2023-06-16,xl,churned,3.61,89,0.938,0.155,144.5
DRV_002269,Northgate,2022-03-28,comfort,active,4.38,242,0.901,0.121,121.4
DRV_002270,Eastport,2023-12-14,comfort,active,3.51,208,0.871,0.106,41.0
DRV_002271,Southbrook,2022-08-22,economy,active,4.9,375,0.732,0.166,71.6
DRV_002272,Harbor City,2022-08-21,economy,active,3.88,91,0.938,0.148,107.0
DRV_002273,Southbrook,2022-08-05,economy,active,4.75,493,0.783,0.161,54.8
DRV_002274,Metro City,2022-12-03,xl,active,4.07,355,0.85,0.179,158.4
DRV_002275,Ridgeline,2022-05-10,economy,active,5.0,656,0.765,0.085,146.5
DRV_002276,Ridgeline,2022-11-07,economy,active,4.25,603,0.846,0.135,143.5
DRV_002277,Summit Town,2022-06-03,comfort,active,4.94,808,0.857,0.13,100.1
DRV_002278,Pinecrest,2022-02-07,economy,active,4.2,1020,0.795,0.048,73.5
DRV_002279,Summit Town,2022-09-27,xl,active,4.57,170,0.842,0.122,155.7
DRV_002280,Pinecrest,2023-05-06,comfort,churned,3.6,255,0.814,0.088,82.9
DRV_002281,Valleyford,2023-07-12,economy,active,4.17,877,0.895,0.092,113.8
DRV_002282,Harbor City,2022-09-15,comfort,active,3.91,460,0.852,0.049,73.9
DRV_002283,Pinecrest,2022-08-25,comfort,churned,4.69,1089,0.946,0.139,177.4
DRV_002284,Lakewood,2023-07-29,economy,churned,4.3,60,0.714,0.132,136.1
DRV_002285,Northgate,2023-05-13,xl,active,4.46,169,0.707,0.105,174.7
DRV_002286,Ridgeline,2023-08-31,economy,active,3.88,582,0.753,0.045,174.1
DRV_002287,Lakewood,2023-10-24,economy,active,3.68,625,0.733,0.109,61.4
DRV_002288,Northgate,2023-08-23,comfort,churned,4.52,79,0.847,0.036,139.6
DRV_002289,Summit Town,2023-11-15,economy,active,4.16,616,0.756,0.074,99.9
DRV_002290,Westville,2022-11-01,comfort,active,4.13,420,0.704,0.08,124.5
DRV_002291,Westville,2022-10-16,economy,active,4.95,782,0.779,0.161,99.9
DRV_002292,Harbor City,2022-08-23,xl,active,3.68,1005,0.843,0.086,38.6
DRV_002293,Metro City,2022-06-21,xl,active,4.47,718,0.9,0.116,132.1
DRV_002294,Clearwater,2023-07-01,comfort,active,3.59,1126,0.823,0.16,103.1
DRV_002295,Northgate,2023-06-06,economy,active,4.53,692,0.97,0.088,50.0
DRV_002296,Lakewood,2023-08-09,economy,active,4.34,472,0.756,0.161,128.3
DRV_002297,Harbor City,2022-05-03,xl,active,4.59,172,0.844,0.042,53.9
DRV_002298,Northgate,2022-12-25,economy,active,4.63,375,0.771,0.078,161.5
DRV_002299,Westville,2022-06-12,economy,active,3.7,455,0.926,0.035,33.2
DRV_002300,Eastport,2023-10-14,economy,churned,3.91,922,0.753,0.11,93.1
DRV_002301,Westville,2022-07-15,economy,churned,3.88,585,0.969,0.173,81.4
DRV_002302,Metro City,2022-04-16,economy,churned,4.41,852,0.901,0.125,162.5
DRV_002303,Pinecrest,2023-02-21,economy,active,3.89,213,0.856,0.12,141.6
DRV_002304,Summit Town,2023-10-04,economy,active,4.27,484,0.849,0.065,69.7
DRV_002305,Southbrook,2023-10-31,comfort,active,4.16,959,0.801,0.169,80.8
DRV_002306,Northgate,2022-03-12,economy,churned,4.38,1091,0.706,0.095,125.5
DRV_002307,Southbrook,2022-08-26,economy,churned,4.03,472,0.956,0.063,175.2
DRV_002308,Clearwater,2022-04-23,xl,active,4.89,571,0.923,0.178,91.0
DRV_002309,Northgate,2022-08-13,comfort,active,4.95,365,0.738,0.088,155.2
DRV_002310,Summit Town,2023-01-25,economy,active,4.03,1126,0.734,0.079,137.7
DRV_002311,Northgate,2022-07-24,economy,active,4.87,167,0.786,0.026,135.9
DRV_002312,Lakewood,2022-02-19,xl,active,4.69,1066,0.914,0.049,65.8
DRV_002313,Northgate,2023-01-08,economy,active,3.84,826,0.841,0.149,34.5
DRV_002314,Lakewood,2022-02-08,economy,active,4.34,1140,0.883,0.097,100.4
DRV_002315,Pinecrest,2022-06-15,comfort,active,4.07,222,0.702,0.173,121.3
DRV_002316,Northgate,2022-01-01,economy,active,4.7,175,0.959,0.033,101.6
DRV_002317,Metro City,2022-03-05,comfort,active,4.84,261,0.746,0.119,87.6
DRV_002318,Ridgeline,2022-11-15,economy,active,4.43,357,0.789,0.135,73.3
DRV_002319,Pinecrest,2023-09-14,economy,active,4.45,310,0.965,0.119,158.9
DRV_002320,Eastport,2023-07-20,xl,active,4.58,476,0.905,0.105,55.5
DRV_002321,Pinecrest,2022-03-14,xl,active,4.24,365,0.843,0.113,30.8
DRV_002322,Southbrook,2022-01-26,comfort,churned,4.21,904,0.942,0.13,46.2
DRV_002323,Pinecrest,2022-09-04,xl,active,4.34,365,0.717,0.158,96.4
DRV_002324,Northgate,2023-04-22,comfort,suspended,4.73,387,0.721,0.074,114.0
DRV_002325,Metro City,2023-06-30,economy,active,4.47,1026,0.743,0.094,134.6
DRV_002326,Southbrook,2023-08-24,comfort,active,3.72,288,0.774,0.122,114.1
DRV_002327,Westville,2022-09-07,xl,active,3.71,451,0.899,0.07,125.2
DRV_002328,Metro City,2022-05-03,comfort,active,4.12,445,0.849,0.049,47.5
DRV_002329,Eastport,2022-01-20,comfort,active,4.49,577,0.819,0.175,95.9
DRV_002330,Harbor City,2022-04-18,comfort,active,4.09,407,0.919,0.051,136.4
DRV_002331,Westville,2022-02-17,economy,suspended,4.07,718,0.789,0.057,78.6
DRV_002332,Westville,2023-09-21,economy,active,4.84,986,0.724,0.119,68.6
DRV_002333,Southbrook,2022-07-15,comfort,active,4.8,586,0.811,0.032,71.4
DRV_002334,Valleyford,2023-08-24,economy,active,4.21,1188,0.915,0.025,86.9
DRV_002335,Northgate,2023-02-08,economy,active,4.58,786,0.833,0.03,30.6
DRV_002336,Lakewood,2023-01-29,economy,active,4.18,399,0.974,0.04,165.6
DRV_002337,Clearwater,2022-11-28,economy,active,4.4,355,0.94,0.089,60.9
DRV_002338,Pinecrest,2023-08-22,economy,churned,3.91,109,0.921,0.153,158.5
DRV_002339,Lakewood,2022-02-01,economy,active,4.25,58,0.916,0.075,38.4
DRV_002340,Westville,2022-03-09,economy,active,4.46,879,0.863,0.088,71.9
DRV_002341,Ridgeline,2022-11-06,xl,active,4.16,918,0.952,0.116,111.5
DRV_002342,Harbor City,2022-10-15,xl,churned,4.64,602,0.865,0.068,51.7
DRV_002343,Northgate,2023-02-03,economy,active,3.9,222,0.804,0.089,178.1
DRV_002344,Eastport,2023-06-23,economy,churned,3.52,548,0.755,0.082,114.2
DRV_002345,Northgate,2023-03-05,economy,churned,4.87,696,0.928,0.075,151.0
DRV_002346,Harbor City,2022-07-07,comfort,active,4.04,453,0.804,0.082,71.7
DRV_002347,Southbrook,2022-08-27,economy,active,3.88,622,0.921,0.022,58.5
DRV_002348,Lakewood,2023-07-04,economy,active,4.21,590,0.975,0.162,157.1
DRV_002349,Valleyford,2022-05-28,comfort,active,3.87,191,0.812,0.176,63.1
DRV_002350,Ridgeline,2023-01-04,economy,churned,4.6,206,0.795,0.158,87.5
DRV_002351,Valleyford,2023-01-29,economy,active,3.96,105,0.748,0.021,141.1
DRV_002352,Westville,2023-07-02,comfort,active,4.99,753,0.833,0.14,65.0
DRV_002353,Pinecrest,2023-06-06,economy,active,3.91,1066,0.883,0.112,128.2
DRV_002354,Clearwater,2022-12-06,xl,active,4.04,1119,0.788,0.035,173.4
DRV_002355,Southbrook,2022-08-14,economy,active,4.31,796,0.836,0.169,110.7
DRV_002356,Lakewood,2022-09-26,economy,churned,3.5,1107,0.85,0.144,70.5
DRV_002357,Northgate,2022-10-28,xl,active,3.51,482,0.777,0.043,171.0
DRV_002358,Pinecrest,2022-06-10,xl,active,3.85,898,0.707,0.174,167.5
DRV_002359,Harbor City,2023-04-02,comfort,active,3.62,637,0.76,0.04,123.7
DRV_002360,Northgate,2022-06-02,comfort,active,4.64,497,0.925,0.093,142.7
DRV_002361,Metro City,2023-04-19,economy,active,4.81,839,0.778,0.045,142.8
DRV_002362,Pinecrest,2023-07-03,economy,active,4.12,1109,0.704,0.044,96.8
DRV_002363,Harbor City,2023-12-04,economy,active,4.27,588,0.819,0.175,69.8
DRV_002364,Summit Town,2022-03-28,economy,churned,4.42,808,0.891,0.112,40.0
DRV_002365,Eastport,2023-07-09,xl,active,3.64,305,0.911,0.061,37.1
DRV_002366,Summit Town,2022-03-04,economy,active,4.2,629,0.816,0.144,38.0
DRV_002367,Lakewood,2022-09-04,comfort,active,4.94,811,0.86,0.16,65.9
DRV_002368,Valleyford,2022-05-09,comfort,active,3.81,376,0.909,0.167,46.9
DRV_002369,Southbrook,2022-04-29,economy,churned,3.63,957,0.949,0.169,37.1
DRV_002370,Southbrook,2022-05-09,comfort,active,3.92,918,0.879,0.165,117.5
DRV_002371,Ridgeline,2022-02-02,economy,active,4.32,1030,0.893,0.122,81.0
DRV_002372,Eastport,2023-08-24,economy,active,4.8,966,0.728,0.075,179.9
DRV_002373,Clearwater,2022-02-14,comfort,suspended,4.03,756,0.818,0.168,130.1
DRV_002374,Northgate,2022-10-18,economy,active,4.02,692,0.949,0.04,170.8
DRV_002375,Harbor City,2023-05-26,economy,active,4.01,1139,0.745,0.047,39.7
DRV_002376,Valleyford,2023-12-24,economy,active,4.76,378,0.787,0.089,69.3
DRV_002377,Southbrook,2023-09-16,economy,active,4.2,115,0.89,0.065,147.2
DRV_002378,Northgate,2022-04-11,economy,active,4.0,497,0.953,0.119,122.7
DRV_002379,Ridgeline,2023-12-23,comfort,active,3.77,534,0.717,0.165,84.3
DRV_002380,Northgate,2023-04-23,comfort,active,3.69,766,0.944,0.099,156.1
DRV_002381,Lakewood,2022-05-12,economy,active,4.96,209,0.762,0.109,105.1
DRV_002382,Northgate,2022-11-24,economy,churned,4.23,306,0.941,0.088,167.5
DRV_002383,Ridgeline,2023-11-02,xl,active,3.61,1101,0.949,0.133,112.1
DRV_002384,Northgate,2022-10-14,economy,churned,4.86,591,0.917,0.036,118.2
DRV_002385,Pinecrest,2022-05-15,comfort,active,4.93,569,0.959,0.028,76.5
DRV_002386,Harbor City,2023-10-01,economy,active,3.86,98,0.969,0.123,42.0
DRV_002387,Metro City,2023-11-27,economy,active,3.97,84,0.959,0.106,32.0
DRV_002388,Pinecrest,2023-12-14,economy,active,4.94,976,0.844,0.085,73.3
DRV_002389,Pinecrest,2023-11-29,comfort,active,3.52,780,0.83,0.073,157.5
DRV_002390,Southbrook,2023-09-30,economy,active,3.99,488,0.729,0.028,80.7
DRV_002391,Harbor City,2022-11-28,comfort,active,4.15,504,0.761,0.129,155.1
DRV_002392,Southbrook,2022-05-21,economy,active,4.66,561,0.883,0.087,178.7
DRV_002393,Harbor City,2023-03-27,economy,churned,4.05,974,0.736,0.091,94.7
DRV_002394,Valleyford,2022-06-11,economy,active,4.01,1068,0.964,0.163,95.3
DRV_002395,Metro City,2022-12-12,economy,active,4.59,547,0.764,0.138,157.7
DRV_002396,Eastport,2023-04-24,economy,active,4.77,505,0.725,0.055,114.0
DRV_002397,Ridgeline,2023-11-23,economy,active,3.64,520,0.766,0.125,154.8
DRV_002398,Ridgeline,2022-07-31,economy,active,3.71,596,0.714,0.041,135.3
DRV_002399,Pinecrest,2022-07-03,xl,active,4.49,395,0.747,0.051,86.2
DRV_002400,Harbor City,2023-06-21,economy,active,3.97,389,0.865,0.134,126.8
DRV_002401,Ridgeline,2022-01-05,xl,active,4.5,577,0.781,0.04,34.2
DRV_002402,Lakewood,2023-02-18,comfort,active,3.76,978,0.924,0.065,105.2
DRV_002403,Metro City,2023-06-29,comfort,churned,4.71,378,0.813,0.164,43.4
DRV_002404,Clearwater,2023-02-07,comfort,active,3.98,551,0.9,0.138,112.7
DRV_002405,Southbrook,2022-10-08,comfort,suspended,4.0,349,0.898,0.169,151.8
DRV_002406,Metro City,2023-08-28,economy,active,3.77,604,0.738,0.161,54.0
DRV_002407,Ridgeline,2022-09-28,economy,churned,3.82,179,0.716,0.07,89.3
DRV_002408,Valleyford,2023-06-03,comfort,suspended,4.4,616,0.936,0.121,111.9
DRV_002409,Northgate,2022-12-05,economy,churned,4.37,857,0.896,0.081,60.3
DRV_002410,Southbrook,2022-01-20,economy,active,4.74,827,0.749,0.132,34.9
DRV_002411,Summit Town,2023-01-23,economy,active,4.45,772,0.89,0.076,30.2
DRV_002412,Valleyford,2022-02-06,comfort,active,4.14,672,0.792,0.02,68.3
DRV_002413,Valleyford,2023-11-11,comfort,suspended,4.71,744,0.716,0.035,76.0
DRV_002414,Lakewood,2023-03-16,economy,active,3.52,549,0.764,0.143,99.7
DRV_002415,Westville,2022-09-29,economy,active,4.55,1132,0.912,0.033,157.3
DRV_002416,Eastport,2022-12-21,comfort,active,4.31,803,0.809,0.116,92.5
DRV_002417,Clearwater,2023-03-29,comfort,active,3.83,391,0.853,0.157,42.5
DRV_002418,Harbor City,2022-07-09,economy,active,4.46,783,0.738,0.139,79.0
DRV_002419,Lakewood,2022-07-30,economy,churned,4.98,423,0.726,0.086,75.9
DRV_002420,Summit Town,2022-11-02,comfort,active,4.02,867,0.767,0.053,115.5
DRV_002421,Eastport,2022-07-08,economy,suspended,4.46,463,0.832,0.168,127.3
DRV_002422,Westville,2023-07-08,economy,active,4.16,590,0.937,0.111,30.1
DRV_002423,Northgate,2022-03-17,economy,suspended,4.09,712,0.914,0.085,111.0
DRV_002424,Clearwater,2023-08-27,comfort,churned,3.96,1177,0.745,0.171,66.9
DRV_002425,Clearwater,2022-09-12,xl,suspended,3.84,673,0.72,0.054,144.2
DRV_002426,Ridgeline,2023-02-14,economy,churned,3.85,711,0.763,0.091,80.6
DRV_002427,Westville,2022-04-26,economy,suspended,4.66,1100,0.939,0.037,167.4
DRV_002428,Valleyford,2022-10-09,xl,active,3.99,967,0.844,0.04,89.6
DRV_002429,Clearwater,2023-07-05,xl,active,4.29,88,0.926,0.084,82.6
DRV_002430,Valleyford,2022-07-17,economy,active,3.82,585,0.803,0.132,50.2
DRV_002431,Valleyford,2022-04-07,economy,active,3.82,857,0.865,0.074,56.2
DRV_002432,Westville,2023-01-17,comfort,active,4.38,437,0.867,0.13,131.1
DRV_002433,Summit Town,2022-04-29,comfort,active,4.37,328,0.875,0.149,115.7
DRV_002434,Southbrook,2022-08-18,comfort,active,4.26,653,0.832,0.16,112.5
DRV_002435,Valleyford,2022-11-25,economy,active,4.54,249,0.767,0.027,50.0
DRV_002436,Harbor City,2023-02-16,comfort,active,4.46,713,0.82,0.144,45.9
DRV_002437,Southbrook,2023-04-12,comfort,churned,3.8,817,0.973,0.044,95.7
DRV_002438,Valleyford,2023-05-09,economy,active,3.58,404,0.776,0.132,173.0
DRV_002439,Northgate,2023-09-09,comfort,active,3.9,787,0.903,0.079,93.1
DRV_002440,Northgate,2022-02-18,economy,churned,4.15,917,0.965,0.133,165.6
DRV_002441,Eastport,2022-09-22,xl,churned,3.81,374,0.859,0.054,175.1
DRV_002442,Summit Town,2022-01-01,economy,active,4.22,541,0.837,0.123,46.7
DRV_002443,Westville,2022-01-07,comfort,churned,3.56,727,0.734,0.04,168.7
DRV_002444,Metro City,2022-06-04,economy,suspended,4.22,809,0.911,0.047,138.2
DRV_002445,Metro City,2023-03-13,comfort,active,4.03,756,0.955,0.118,44.3
DRV_002446,Harbor City,2023-10-15,economy,churned,4.94,381,0.975,0.074,139.2
DRV_002447,Westville,2023-07-19,comfort,active,4.82,201,0.756,0.133,104.0
DRV_002448,Ridgeline,2023-04-17,economy,active,4.93,606,0.958,0.13,51.0
DRV_002449,Northgate,2023-07-23,comfort,active,4.49,395,0.804,0.119,65.7
DRV_002450,Harbor City,2022-05-06,economy,active,4.96,455,0.873,0.137,136.3
DRV_002451,Summit Town,2023-09-06,comfort,active,3.78,967,0.763,0.147,77.9
DRV_002452,Metro City,2023-10-12,economy,active,4.3,531,0.77,0.166,172.8
DRV_002453,Harbor City,2022-03-11,economy,active,4.61,1098,0.873,0.033,153.0
DRV_002454,Lakewood,2022-12-10,economy,active,4.22,827,0.836,0.111,113.1
DRV_002455,Metro City,2023-08-29,economy,active,3.82,241,0.97,0.14,123.9
DRV_002456,Eastport,2022-12-14,economy,active,4.48,229,0.774,0.055,167.8
DRV_002457,Ridgeline,2023-09-06,economy,active,4.96,812,0.946,0.062,78.1
DRV_002458,Harbor City,2023-11-14,comfort,suspended,4.28,332,0.829,0.063,151.4
DRV_002459,Pinecrest,2022-12-13,comfort,active,3.87,1125,0.738,0.112,97.3
DRV_002460,Southbrook,2022-02-13,economy,active,3.56,463,0.767,0.079,160.7
DRV_002461,Metro City,2022-09-06,economy,active,3.66,87,0.912,0.127,39.8
DRV_002462,Valleyford,2022-06-07,economy,active,4.67,364,0.931,0.118,137.7
DRV_002463,Eastport,2022-12-13,comfort,active,4.23,1024,0.711,0.125,151.3
DRV_002464,Metro City,2023-03-04,economy,churned,3.81,250,0.815,0.06,122.0
DRV_002465,Eastport,2022-12-05,comfort,active,4.79,573,0.838,0.143,74.0
DRV_002466,Lakewood,2022-05-23,xl,active,4.15,989,0.872,0.126,52.2
DRV_002467,Northgate,2022-08-08,economy,churned,4.69,1049,0.882,0.041,140.9
DRV_002468,Clearwater,2023-05-12,comfort,active,4.72,236,0.933,0.052,49.2
DRV_002469,Harbor City,2022-01-20,economy,active,4.58,957,0.777,0.068,156.6
DRV_002470,Ridgeline,2022-06-06,comfort,churned,4.96,787,0.731,0.17,105.2
DRV_002471,Metro City,2023-10-14,economy,active,4.85,278,0.752,0.072,87.3
DRV_002472,Eastport,2022-03-14,comfort,active,3.69,568,0.962,0.023,65.5
DRV_002473,Harbor City,2022-10-30,xl,active,4.02,194,0.853,0.043,32.5
DRV_002474,Valleyford,2022-06-01,economy,active,4.93,237,0.761,0.025,165.8
DRV_002475,Clearwater,2022-03-18,comfort,active,4.48,1075,0.92,0.084,120.7
DRV_002476,Southbrook,2022-11-05,economy,churned,4.17,390,0.864,0.148,135.1
DRV_002477,Clearwater,2023-01-16,comfort,active,4.79,450,0.803,0.092,176.1
DRV_002478,Harbor City,2022-05-09,economy,active,4.46,175,0.705,0.154,62.8
DRV_002479,Pinecrest,2022-02-26,economy,suspended,4.06,458,0.919,0.028,39.4
DRV_002480,Ridgeline,2022-04-09,comfort,churned,3.91,160,0.901,0.095,102.7
DRV_002481,Summit Town,2023-04-21,economy,churned,4.78,962,0.773,0.146,93.2
DRV_002482,Westville,2023-09-21,comfort,active,4.77,462,0.774,0.128,39.6
DRV_002483,Harbor City,2022-05-12,comfort,active,4.88,1173,0.776,0.156,100.8
DRV_002484,Ridgeline,2022-08-22,economy,active,4.68,918,0.888,0.064,111.2
DRV_002485,Harbor City,2022-09-08,economy,active,3.78,1003,0.782,0.1,47.5
DRV_002486,Pinecrest,2022-09-21,economy,active,4.08,507,0.787,0.128,134.3
DRV_002487,Metro City,2022-06-28,economy,active,3.99,1139,0.805,0.047,81.9
DRV_002488,Ridgeline,2022-02-10,xl,active,3.89,704,0.974,0.151,114.7
DRV_002489,Ridgeline,2023-01-19,comfort,active,4.69,203,0.829,0.07,125.6
DRV_002490,Pinecrest,2022-09-18,economy,suspended,3.69,197,0.806,0.035,83.7
DRV_002491,Ridgeline,2022-09-07,comfort,active,4.22,1114,0.832,0.143,140.3
DRV_002492,Eastport,2022-07-13,comfort,active,4.8,1063,0.901,0.133,128.3
DRV_002493,Clearwater,2023-11-10,economy,churned,4.68,755,0.947,0.161,38.6
DRV_002494,Eastport,2023-03-22,economy,active,3.9,429,0.977,0.163,50.1
DRV_002495,Valleyford,2022-11-02,comfort,active,3.55,829,0.836,0.065,36.7
DRV_002496,Eastport,2022-05-30,economy,active,4.12,267,0.829,0.123,160.5
DRV_002497,Pinecrest,2023-08-08,economy,active,4.39,1040,0.792,0.18,82.4
DRV_002498,Northgate,2023-10-11,economy,churned,4.78,456,0.918,0.059,109.6
DRV_002499,Clearwater,2022-01-24,comfort,active,4.29,504,0.884,0.096,109.2
DRV_002500,Southbrook,2023-11-10,comfort,active,3.9,1165,0.802,0.166,101.0
DRV_002501,Southbrook,2023-05-26,comfort,active,4.54,1039,0.845,0.036,89.9
DRV_002502,Northgate,2022-03-14,comfort,churned,4.1,774,0.758,0.169,81.8
DRV_002503,Northgate,2023-07-04,economy,churned,4.74,159,0.894,0.098,68.9
DRV_002504,Summit Town,2022-03-20,economy,active,3.54,189,0.771,0.163,65.5
DRV_002505,Summit Town,2022-02-07,comfort,active,4.13,659,0.798,0.119,126.9
DRV_002506,Westville,2022-03-26,economy,active,4.13,236,0.719,0.127,135.4
DRV_002507,Ridgeline,2022-12-02,economy,active,4.38,349,0.762,0.144,66.5
DRV_002508,Clearwater,2023-03-29,economy,churned,4.04,927,0.755,0.031,50.5
DRV_002509,Ridgeline,2022-10-25,economy,active,4.1,408,0.906,0.12,145.8
DRV_002510,Southbrook,2022-03-31,economy,active,4.6,1022,0.894,0.168,41.1
DRV_002511,Valleyford,2022-05-26,economy,active,3.76,855,0.851,0.173,112.7
DRV_002512,Ridgeline,2023-09-15,economy,active,3.86,144,0.808,0.175,102.9
DRV_002513,Eastport,2023-12-04,xl,churned,3.65,91,0.949,0.123,134.5
DRV_002514,Northgate,2023-07-05,economy,active,3.89,387,0.948,0.121,149.4
DRV_002515,Metro City,2022-03-17,economy,active,4.26,125,0.869,0.108,168.3
DRV_002516,Clearwater,2023-08-22,economy,active,3.78,104,0.884,0.117,71.1
DRV_002517,Eastport,2023-05-21,comfort,active,3.61,621,0.923,0.118,35.8
DRV_002518,Metro City,2023-01-20,comfort,active,4.99,192,0.902,0.027,115.4
DRV_002519,Summit Town,2022-04-15,xl,churned,4.18,1187,0.763,0.034,87.4
DRV_002520,Northgate,2023-12-29,economy,active,4.75,208,0.841,0.119,96.6
DRV_002521,Ridgeline,2022-11-20,economy,active,4.61,1093,0.743,0.07,156.1
DRV_002522,Summit Town,2022-02-02,comfort,active,3.75,552,0.927,0.068,84.2
DRV_002523,Westville,2022-06-03,xl,churned,4.27,697,0.883,0.051,110.9
DRV_002524,Southbrook,2022-10-20,economy,active,4.35,64,0.974,0.148,50.3
DRV_002525,Eastport,2022-02-15,xl,active,3.74,967,0.738,0.174,148.9
DRV_002526,Northgate,2022-08-25,comfort,active,3.67,870,0.843,0.12,103.5
DRV_002527,Clearwater,2022-12-08,economy,suspended,3.89,639,0.903,0.171,78.9
DRV_002528,Northgate,2023-11-24,comfort,active,3.89,513,0.943,0.161,95.6
DRV_002529,Eastport,2022-03-05,xl,churned,3.92,650,0.939,0.055,66.0
DRV_002530,Westville,2023-02-26,economy,active,3.88,511,0.757,0.045,114.4
DRV_002531,Valleyford,2023-10-31,xl,active,4.32,1043,0.975,0.054,63.8
DRV_002532,Southbrook,2023-08-12,economy,active,3.94,1156,0.975,0.035,83.8
DRV_002533,Metro City,2023-11-07,xl,active,4.66,570,0.971,0.113,43.0
DRV_002534,Northgate,2022-05-05,economy,active,3.58,430,0.872,0.065,75.0
DRV_002535,Clearwater,2023-08-08,comfort,active,4.43,929,0.933,0.166,87.3
DRV_002536,Northgate,2023-12-16,economy,active,4.66,97,0.721,0.118,146.7
DRV_002537,Valleyford,2022-08-27,economy,churned,4.16,679,0.772,0.078,127.3
DRV_002538,Metro City,2022-12-31,economy,churned,3.98,515,0.726,0.178,47.7
DRV_002539,Southbrook,2023-01-23,economy,active,3.95,711,0.842,0.173,120.3
DRV_002540,Ridgeline,2022-12-27,comfort,churned,3.99,587,0.97,0.145,96.4
DRV_002541,Metro City,2022-07-31,xl,churned,3.68,914,0.882,0.147,92.4
DRV_002542,Pinecrest,2023-12-10,comfort,active,4.37,591,0.829,0.176,45.6
DRV_002543,Summit Town,2023-11-30,comfort,active,4.44,314,0.922,0.116,117.7
DRV_002544,Pinecrest,2022-10-05,economy,churned,4.08,583,0.854,0.161,56.2
DRV_002545,Valleyford,2023-08-11,comfort,active,4.93,969,0.828,0.03,71.9
DRV_002546,Westville,2022-10-18,economy,active,4.87,434,0.876,0.109,152.9
DRV_002547,Lakewood,2023-08-04,xl,active,3.95,565,0.843,0.1,38.6
DRV_002548,Ridgeline,2023-03-03,comfort,active,4.6,678,0.88,0.026,146.9
DRV_002549,Lakewood,2022-12-10,xl,active,3.67,661,0.925,0.034,88.5
DRV_002550,Clearwater,2022-04-04,xl,active,4.64,1051,0.829,0.023,72.7
DRV_002551,Valleyford,2023-04-23,economy,active,4.6,1168,0.816,0.067,105.7
DRV_002552,Summit Town,2022-08-23,comfort,active,4.03,462,0.856,0.029,69.9
DRV_002553,Pinecrest,2022-06-08,xl,active,4.08,800,0.953,0.088,156.5
DRV_002554,Clearwater,2022-05-22,economy,active,4.38,665,0.818,0.15,36.7
DRV_002555,Valleyford,2023-12-18,comfort,active,3.92,840,0.937,0.118,130.6
DRV_002556,Westville,2022-03-17,economy,active,4.36,1024,0.873,0.128,150.9
DRV_002557,Clearwater,2023-08-06,economy,active,4.83,1024,0.703,0.025,62.2
DRV_002558,Summit Town,2023-09-25,comfort,suspended,4.17,508,0.833,0.154,145.7
DRV_002559,Ridgeline,2022-01-23,economy,active,3.81,1157,0.759,0.043,97.7
DRV_002560,Northgate,2023-03-07,xl,churned,4.34,206,0.742,0.068,178.4
DRV_002561,Lakewood,2023-02-26,comfort,active,4.48,860,0.766,0.103,86.5
DRV_002562,Metro City,2022-09-19,economy,active,4.29,547,0.899,0.169,78.3
DRV_002563,Metro City,2023-05-02,xl,active,3.54,559,0.876,0.18,163.9
DRV_002564,Southbrook,2022-10-26,comfort,active,4.5,630,0.85,0.145,128.9
DRV_002565,Northgate,2022-11-17,economy,active,3.56,825,0.839,0.137,145.8
DRV_002566,Northgate,2022-11-12,comfort,churned,4.13,1048,0.809,0.104,92.4
DRV_002567,Eastport,2023-08-08,economy,churned,4.12,374,0.948,0.127,103.8
DRV_002568,Pinecrest,2023-04-08,economy,active,4.77,1030,0.961,0.043,177.3
DRV_002569,Southbrook,2022-10-04,xl,churned,4.79,1040,0.914,0.063,111.0
DRV_002570,Summit Town,2023-11-08,economy,active,4.66,933,0.781,0.178,142.0
DRV_002571,Clearwater,2023-08-09,economy,active,4.73,859,0.956,0.177,176.9
DRV_002572,Pinecrest,2023-11-12,xl,active,3.83,490,0.929,0.072,139.0
DRV_002573,Valleyford,2023-06-18,economy,active,4.57,345,0.735,0.059,137.2
DRV_002574,Pinecrest,2022-10-13,economy,suspended,4.62,368,0.796,0.057,47.3
DRV_002575,Eastport,2023-07-19,economy,churned,4.67,506,0.792,0.098,61.8
DRV_002576,Eastport,2022-08-29,comfort,active,4.69,557,0.904,0.056,147.3
DRV_002577,Harbor City,2022-07-17,economy,churned,3.74,297,0.847,0.124,177.4
DRV_002578,Pinecrest,2022-11-26,comfort,active,3.89,417,0.775,0.032,95.1
DRV_002579,Harbor City,2023-12-09,comfort,active,4.68,324,0.765,0.037,144.2
DRV_002580,Northgate,2023-02-19,economy,active,3.72,1176,0.828,0.064,31.7
DRV_002581,Metro City,2022-10-08,comfort,churned,3.69,639,0.886,0.144,48.6
DRV_002582,Northgate,2022-12-04,economy,active,4.97,147,0.842,0.072,41.8
DRV_002583,Clearwater,2022-08-01,xl,active,4.95,608,0.773,0.095,45.9
DRV_002584,Lakewood,2023-04-26,xl,churned,4.01,631,0.874,0.125,38.7
DRV_002585,Clearwater,2022-09-13,comfort,active,3.51,558,0.98,0.146,33.7
DRV_002586,Clearwater,2023-02-09,economy,active,4.1,491,0.749,0.069,130.6
DRV_002587,Westville,2022-09-27,economy,suspended,3.54,665,0.848,0.137,96.0
DRV_002588,Eastport,2022-08-23,comfort,active,3.72,938,0.805,0.066,111.3
DRV_002589,Harbor City,2023-12-10,economy,active,3.84,900,0.761,0.123,81.1
DRV_002590,Clearwater,2022-09-10,economy,churned,4.76,735,0.945,0.092,90.2
DRV_002591,Northgate,2022-02-21,economy,active,4.06,890,0.968,0.168,54.0
DRV_002592,Lakewood,2022-10-04,comfort,suspended,3.51,119,0.798,0.177,126.3
DRV_002593,Southbrook,2023-01-24,economy,active,4.46,109,0.797,0.144,50.0
DRV_002594,Metro City,2022-03-11,economy,active,3.61,824,0.726,0.166,162.2
DRV_002595,Harbor City,2022-08-12,xl,active,4.84,512,0.873,0.042,72.4
DRV_002596,Pinecrest,2022-05-02,xl,active,3.87,616,0.707,0.125,69.2
DRV_002597,Ridgeline,2023-01-01,economy,active,3.86,984,0.839,0.052,59.5
DRV_002598,Pinecrest,2023-06-12,comfort,active,4.1,758,0.743,0.064,46.1
DRV_002599,Valleyford,2023-12-08,economy,active,3.66,700,0.888,0.104,67.6
DRV_002600,Summit Town,2022-10-12,xl,active,3.53,155,0.96,0.139,179.6
DRV_002601,Summit Town,2023-09-23,xl,active,4.87,1151,0.725,0.135,33.6
DRV_002602,Northgate,2022-06-06,economy,active,4.8,636,0.918,0.159,104.0
DRV_002603,Westville,2023-07-24,comfort,active,4.87,473,0.933,0.109,83.2
DRV_002604,Westville,2023-02-15,economy,active,4.51,657,0.749,0.168,146.7
DRV_002605,Valleyford,2023-07-08,economy,active,3.52,1153,0.958,0.162,122.3
DRV_002606,Lakewood,2023-07-06,economy,active,4.96,218,0.874,0.156,34.5
DRV_002607,Lakewood,2023-01-24,xl,active,4.56,186,0.85,0.057,42.0
DRV_002608,Northgate,2022-07-07,economy,active,4.12,756,0.888,0.105,128.7
DRV_002609,Northgate,2023-01-20,comfort,churned,4.6,999,0.781,0.138,133.5
DRV_002610,Harbor City,2023-08-27,comfort,suspended,4.35,1095,0.707,0.176,125.6
DRV_002611,Northgate,2023-12-10,economy,active,4.51,1022,0.824,0.022,128.3
DRV_002612,Harbor City,2023-11-09,comfort,active,4.74,79,0.908,0.072,155.3
DRV_002613,Valleyford,2022-05-13,economy,active,4.9,711,0.957,0.075,87.4
DRV_002614,Southbrook,2023-03-13,economy,active,4.69,340,0.82,0.066,77.8
DRV_002615,Harbor City,2022-03-18,economy,suspended,4.84,209,0.774,0.151,153.1
DRV_002616,Summit Town,2023-05-04,comfort,active,4.35,428,0.737,0.027,80.0
DRV_002617,Valleyford,2023-12-26,xl,active,4.01,1149,0.962,0.078,173.8
DRV_002618,Eastport,2022-02-08,comfort,active,4.5,675,0.765,0.134,138.1
DRV_002619,Northgate,2023-04-25,xl,active,4.33,283,0.955,0.085,135.3
DRV_002620,Eastport,2023-11-22,economy,active,3.58,901,0.751,0.043,166.1
DRV_002621,Harbor City,2023-09-11,economy,active,4.36,1197,0.705,0.118,145.0
DRV_002622,Southbrook,2022-10-14,comfort,active,4.13,810,0.763,0.104,36.4
DRV_002623,Northgate,2022-03-17,economy,active,4.05,541,0.838,0.177,98.7
DRV_002624,Harbor City,2023-11-06,economy,active,4.59,581,0.798,0.14,86.7
DRV_002625,Harbor City,2023-11-04,comfort,active,4.83,431,0.954,0.178,93.8
DRV_002626,Harbor City,2023-02-27,economy,active,3.8,1153,0.853,0.05,72.2
DRV_002627,Southbrook,2023-12-16,economy,churned,4.69,365,0.733,0.142,63.2
DRV_002628,Pinecrest,2022-01-04,comfort,active,3.75,443,0.875,0.108,111.4
DRV_002629,Eastport,2023-03-27,economy,active,4.36,161,0.809,0.134,141.4
DRV_002630,Westville,2022-01-29,comfort,active,4.77,951,0.89,0.095,57.6
DRV_002631,Metro City,2023-11-15,xl,active,4.86,530,0.92,0.054,71.4
DRV_002632,Summit Town,2023-05-12,comfort,active,3.96,1000,0.976,0.027,129.7
DRV_002633,Northgate,2023-10-29,comfort,active,4.73,218,0.861,0.154,130.2
DRV_002634,Metro City,2023-02-15,economy,active,4.82,166,0.803,0.15,42.9
DRV_002635,Westville,2022-03-02,economy,active,3.76,548,0.821,0.046,41.6
DRV_002636,Ridgeline,2022-01-20,comfort,active,4.08,100,0.813,0.123,104.6
DRV_002637,Northgate,2022-09-02,economy,active,4.66,832,0.826,0.138,155.5
DRV_002638,Harbor City,2023-06-27,comfort,active,3.52,1184,0.708,0.109,63.3
DRV_002639,Valleyford,2022-04-21,economy,active,4.44,1147,0.769,0.071,179.8
DRV_002640,Eastport,2023-09-15,economy,active,4.12,462,0.977,0.161,179.9
DRV_002641,Eastport,2022-06-24,economy,active,4.28,332,0.96,0.123,120.4
DRV_002642,Southbrook,2022-12-29,economy,churned,4.13,818,0.714,0.135,174.1
DRV_002643,Lakewood,2022-05-29,comfort,active,3.79,212,0.974,0.124,88.9
DRV_002644,Lakewood,2022-12-07,economy,active,4.02,83,0.922,0.135,105.3
DRV_002645,Clearwater,2022-11-27,economy,active,4.79,595,0.701,0.043,135.5
DRV_002646,Metro City,2022-01-04,economy,active,4.42,928,0.956,0.168,40.6
DRV_002647,Valleyford,2023-02-19,comfort,active,4.22,1019,0.969,0.066,145.3
DRV_002648,Southbrook,2023-07-29,comfort,churned,4.56,454,0.876,0.154,170.5
DRV_002649,Clearwater,2023-11-15,economy,active,3.78,135,0.921,0.163,115.5
DRV_002650,Southbrook,2022-08-30,comfort,active,3.63,718,0.793,0.124,62.9
DRV_002651,Westville,2023-10-05,comfort,active,4.32,956,0.86,0.116,49.5
DRV_002652,Lakewood,2023-10-04,economy,churned,3.52,105,0.905,0.037,62.7
DRV_002653,Valleyford,2023-12-23,economy,suspended,3.72,534,0.857,0.09,60.2
DRV_002654,Lakewood,2022-09-30,comfort,active,4.58,174,0.785,0.118,159.0
DRV_002655,Metro City,2023-09-14,economy,active,4.85,613,0.882,0.033,50.5
DRV_002656,Summit Town,2023-02-17,xl,active,3.93,996,0.935,0.038,175.5
DRV_002657,Pinecrest,2022-02-12,comfort,active,4.07,687,0.934,0.179,146.8
DRV_002658,Clearwater,2022-07-17,economy,churned,4.52,687,0.737,0.073,139.9
DRV_002659,Summit Town,2023-05-06,comfort,churned,4.71,246,0.825,0.076,122.6
DRV_002660,Pinecrest,2022-04-28,economy,active,3.89,943,0.711,0.06,36.7
DRV_002661,Lakewood,2022-11-14,comfort,active,4.74,976,0.877,0.123,137.8
DRV_002662,Summit Town,2023-07-20,comfort,active,4.96,235,0.768,0.096,87.4
DRV_002663,Metro City,2022-04-20,economy,active,3.63,871,0.96,0.146,48.5
DRV_002664,Northgate,2022-12-29,economy,suspended,3.84,426,0.873,0.102,154.8
DRV_002665,Southbrook,2022-06-06,economy,active,4.59,1167,0.812,0.022,80.0
DRV_002666,Northgate,2023-01-27,economy,active,3.56,1028,0.905,0.097,120.4
DRV_002667,Westville,2022-06-25,economy,active,3.93,960,0.758,0.029,53.5
DRV_002668,Lakewood,2023-12-06,economy,active,4.77,723,0.726,0.152,49.2
DRV_002669,Eastport,2022-02-25,economy,active,4.52,488,0.724,0.038,97.0
DRV_002670,Pinecrest,2023-12-05,xl,active,4.46,819,0.863,0.055,36.4
DRV_002671,Valleyford,2023-08-02,economy,active,4.42,744,0.949,0.094,122.2
DRV_002672,Pinecrest,2023-09-17,economy,active,4.25,287,0.762,0.051,41.8
DRV_002673,Ridgeline,2023-09-14,economy,churned,4.65,667,0.913,0.106,108.4
DRV_002674,Ridgeline,2022-05-17,comfort,active,4.8,689,0.711,0.094,84.1
DRV_002675,Southbrook,2023-11-11,xl,active,4.69,1115,0.799,0.172,78.5
DRV_002676,Eastport,2023-03-10,economy,active,4.22,894,0.883,0.034,145.4
DRV_002677,Northgate,2023-12-04,xl,active,4.67,1023,0.931,0.112,101.1
DRV_002678,Eastport,2023-10-04,xl,active,4.63,248,0.964,0.135,59.0
DRV_002679,Harbor City,2023-02-28,economy,active,4.18,772,0.877,0.04,88.1
DRV_002680,Northgate,2022-10-01,economy,active,4.0,394,0.83,0.122,87.9
DRV_002681,Lakewood,2022-03-27,xl,churned,4.12,321,0.717,0.158,109.4
DRV_002682,Lakewood,2022-03-15,comfort,active,4.24,60,0.777,0.146,127.0
DRV_002683,Ridgeline,2022-10-12,comfort,active,3.72,697,0.958,0.17,75.9
DRV_002684,Southbrook,2023-08-16,economy,active,3.83,1157,0.863,0.135,77.1
DRV_002685,Ridgeline,2023-01-04,economy,active,3.65,768,0.796,0.083,149.1
DRV_002686,Pinecrest,2022-12-18,economy,active,3.61,1080,0.77,0.167,57.0
DRV_002687,Harbor City,2022-06-28,economy,active,4.35,823,0.732,0.056,128.1
DRV_002688,Pinecrest,2023-02-17,comfort,active,4.55,156,0.91,0.113,178.2
DRV_002689,Northgate,2023-04-11,economy,active,4.42,884,0.815,0.143,147.3
DRV_002690,Northgate,2023-12-18,comfort,active,4.59,1007,0.962,0.16,70.0
DRV_002691,Pinecrest,2023-06-17,comfort,active,4.11,971,0.827,0.167,35.1
DRV_002692,Pinecrest,2023-03-20,xl,active,4.7,677,0.929,0.034,73.3
DRV_002693,Harbor City,2023-10-27,comfort,active,4.62,650,0.736,0.136,30.5
DRV_002694,Southbrook,2022-11-07,xl,active,4.57,1159,0.742,0.053,117.8
DRV_002695,Metro City,2023-11-14,economy,active,4.65,1192,0.776,0.145,98.8
DRV_002696,Metro City,2022-09-28,xl,active,3.85,635,0.754,0.132,120.2
DRV_002697,Valleyford,2022-04-04,comfort,active,4.35,918,0.973,0.049,148.7
DRV_002698,Ridgeline,2022-11-01,comfort,suspended,4.66,287,0.926,0.153,64.7
DRV_002699,Lakewood,2022-04-04,economy,active,3.65,802,0.798,0.094,85.8
DRV_002700,Valleyford,2022-03-28,economy,active,3.87,1034,0.846,0.107,99.2
DRV_002701,Harbor City,2023-10-06,economy,active,4.24,1095,0.849,0.175,145.4
DRV_002702,Pinecrest,2023-08-04,economy,active,4.12,1128,0.87,0.125,98.3
DRV_002703,Lakewood,2022-06-11,economy,active,4.87,240,0.729,0.114,61.7
DRV_002704,Eastport,2023-09-04,comfort,active,4.63,660,0.798,0.023,164.4
DRV_002705,Valleyford,2022-02-20,economy,active,3.56,698,0.724,0.052,39.4
DRV_002706,Lakewood,2022-07-27,economy,active,4.2,518,0.957,0.024,125.9
DRV_002707,Valleyford,2023-05-31,economy,active,4.64,54,0.813,0.073,75.8
DRV_002708,Valleyford,2022-08-10,xl,active,4.5,941,0.904,0.075,103.2
DRV_002709,Southbrook,2023-06-18,economy,active,4.31,927,0.958,0.105,175.0
DRV_002710,Metro City,2023-10-01,economy,suspended,3.63,146,0.787,0.13,119.1
DRV_002711,Summit Town,2022-02-18,economy,churned,4.87,469,0.725,0.049,130.9
DRV_002712,Summit Town,2022-01-18,comfort,active,4.12,1019,0.794,0.116,127.7
DRV_002713,Clearwater,2023-11-18,economy,churned,3.72,367,0.888,0.167,137.8
DRV_002714,Metro City,2023-01-15,xl,active,3.63,1039,0.84,0.05,96.6
DRV_002715,Southbrook,2023-01-05,economy,active,4.68,86,0.721,0.125,32.6
DRV_002716,Eastport,2022-12-05,economy,active,4.42,390,0.72,0.027,163.5
DRV_002717,Ridgeline,2022-11-13,economy,active,3.88,1056,0.896,0.105,114.2
DRV_002718,Ridgeline,2023-05-19,xl,active,4.3,62,0.906,0.139,167.0
DRV_002719,Valleyford,2023-02-28,economy,active,4.92,667,0.731,0.025,140.5
DRV_002720,Lakewood,2022-04-30,economy,suspended,4.24,61,0.923,0.073,143.0
DRV_002721,Ridgeline,2023-04-03,xl,active,4.09,241,0.797,0.16,127.9
DRV_002722,Ridgeline,2023-05-03,xl,active,3.96,1174,0.719,0.056,174.2
DRV_002723,Clearwater,2022-03-24,xl,churned,3.77,583,0.793,0.136,149.1
DRV_002724,Lakewood,2022-10-03,economy,active,4.87,947,0.905,0.118,95.3
DRV_002725,Metro City,2023-08-01,comfort,active,3.76,1051,0.884,0.046,71.0
DRV_002726,Clearwater,2023-03-28,comfort,active,3.58,462,0.835,0.139,89.3
DRV_002727,Eastport,2022-04-10,comfort,active,3.71,818,0.778,0.105,57.3
DRV_002728,Summit Town,2022-01-30,economy,active,3.77,1072,0.817,0.038,65.7
DRV_002729,Summit Town,2023-03-01,economy,active,4.14,548,0.807,0.172,54.4
DRV_002730,Valleyford,2022-12-04,economy,active,4.86,1076,0.809,0.099,38.6
DRV_002731,Southbrook,2023-12-03,comfort,churned,3.7,141,0.837,0.139,89.0
DRV_002732,Ridgeline,2023-01-17,comfort,churned,3.72,1094,0.827,0.055,143.9
DRV_002733,Summit Town,2023-11-11,xl,active,4.16,509,0.729,0.042,40.4
DRV_002734,Southbrook,2022-06-06,comfort,suspended,4.86,627,0.781,0.139,126.3
DRV_002735,Eastport,2022-11-23,xl,active,4.89,287,0.736,0.128,177.0
DRV_002736,Ridgeline,2022-04-12,xl,active,4.93,993,0.869,0.064,98.1
DRV_002737,Summit Town,2023-02-24,economy,suspended,3.69,364,0.818,0.139,71.5
DRV_002738,Valleyford,2022-05-18,economy,active,4.56,93,0.888,0.101,123.3
DRV_002739,Southbrook,2022-12-26,xl,active,4.47,170,0.725,0.076,132.6
DRV_002740,Valleyford,2022-09-09,comfort,active,3.55,233,0.797,0.146,74.0
DRV_002741,Clearwater,2022-05-16,economy,active,4.51,759,0.75,0.119,89.9
DRV_002742,Metro City,2022-03-12,economy,active,4.55,777,0.726,0.101,170.9
DRV_002743,Pinecrest,2023-01-09,economy,suspended,4.48,265,0.917,0.144,109.0
DRV_002744,Pinecrest,2023-11-23,economy,active,3.82,169,0.737,0.107,178.0
DRV_002745,Harbor City,2022-05-26,xl,active,4.0,315,0.749,0.17,106.3
DRV_002746,Eastport,2022-10-23,economy,active,4.33,99,0.803,0.151,54.6
DRV_002747,Valleyford,2022-06-13,economy,active,3.71,425,0.782,0.077,149.8
DRV_002748,Harbor City,2023-08-14,xl,active,3.74,174,0.958,0.094,158.8
DRV_002749,Clearwater,2022-10-30,xl,suspended,4.55,288,0.977,0.173,34.6
DRV_002750,Pinecrest,2023-12-13,economy,active,3.75,572,0.818,0.163,65.0
DRV_002751,Northgate,2022-06-28,economy,churned,3.53,396,0.756,0.051,97.5
DRV_002752,Summit Town,2022-02-28,economy,active,3.78,611,0.839,0.064,168.0
DRV_002753,Southbrook,2023-03-02,economy,active,3.61,300,0.839,0.078,162.7
DRV_002754,Metro City,2023-04-21,economy,active,3.92,1114,0.83,0.161,128.1
DRV_002755,Metro City,2023-12-25,comfort,churned,4.64,122,0.706,0.168,144.5
DRV_002756,Northgate,2023-09-29,economy,active,4.68,535,0.736,0.148,51.7
DRV_002757,Eastport,2023-10-08,economy,active,3.61,255,0.739,0.064,115.1
DRV_002758,Metro City,2023-04-08,economy,active,4.36,641,0.798,0.162,147.4
DRV_002759,Clearwater,2022-09-20,economy,suspended,3.63,596,0.863,0.025,65.3
DRV_002760,Valleyford,2022-11-10,economy,active,3.78,988,0.946,0.088,48.8
DRV_002761,Metro City,2022-04-08,economy,active,4.68,876,0.763,0.08,120.0
DRV_002762,Eastport,2022-11-11,comfort,active,4.96,986,0.916,0.106,168.0
DRV_002763,Clearwater,2022-09-24,comfort,active,3.91,544,0.763,0.11,176.1
DRV_002764,Westville,2022-01-27,economy,active,4.67,425,0.709,0.056,93.9
DRV_002765,Metro City,2022-05-30,comfort,active,4.01,797,0.882,0.053,100.1
DRV_002766,Westville,2023-01-26,xl,active,4.68,883,0.76,0.149,123.9
DRV_002767,Valleyford,2022-09-27,comfort,churned,4.36,256,0.958,0.032,35.6
DRV_002768,Pinecrest,2023-12-27,comfort,active,4.32,1068,0.961,0.099,111.4
DRV_002769,Harbor City,2022-12-16,comfort,active,4.71,606,0.729,0.051,124.2
DRV_002770,Westville,2023-12-01,economy,active,4.54,996,0.755,0.071,48.8
DRV_002771,Harbor City,2023-04-28,xl,active,4.96,126,0.759,0.064,154.4
DRV_002772,Lakewood,2022-01-30,comfort,active,4.04,427,0.955,0.133,110.3
DRV_002773,Northgate,2022-05-29,comfort,active,4.93,480,0.722,0.093,160.3
DRV_002774,Westville,2023-05-31,comfort,active,4.74,900,0.91,0.068,113.2
DRV_002775,Metro City,2023-02-02,economy,active,4.24,331,0.781,0.153,76.2
DRV_002776,Ridgeline,2022-08-09,economy,churned,4.25,898,0.863,0.034,86.2
DRV_002777,Pinecrest,2023-01-17,comfort,active,4.85,1006,0.75,0.143,173.3
DRV_002778,Westville,2023-10-22,comfort,active,4.38,328,0.926,0.06,97.7
DRV_002779,Northgate,2022-10-11,xl,active,4.01,1179,0.888,0.167,106.3
DRV_002780,Eastport,2022-02-02,economy,suspended,3.56,820,0.706,0.021,143.8
DRV_002781,Summit Town,2022-08-16,economy,active,3.95,635,0.766,0.109,152.3
DRV_002782,Clearwater,2023-11-15,economy,churned,3.83,151,0.831,0.12,168.0
DRV_002783,Westville,2023-07-11,economy,active,3.69,636,0.849,0.112,133.9
DRV_002784,Metro City,2023-09-04,comfort,active,4.51,365,0.932,0.15,74.7
DRV_002785,Summit Town,2023-10-28,comfort,active,4.09,526,0.808,0.038,52.4
DRV_002786,Metro City,2022-03-27,economy,churned,3.64,82,0.96,0.086,98.9
DRV_002787,Eastport,2022-07-26,economy,active,3.99,959,0.754,0.158,44.2
DRV_002788,Pinecrest,2022-02-13,comfort,active,3.71,200,0.94,0.162,167.1
DRV_002789,Westville,2022-01-04,xl,active,4.4,642,0.953,0.1,177.0
DRV_002790,Eastport,2023-09-02,economy,active,4.14,172,0.875,0.109,108.2
DRV_002791,Pinecrest,2023-11-15,comfort,active,4.9,417,0.971,0.142,35.8
DRV_002792,Eastport,2022-04-24,economy,active,4.41,1138,0.815,0.145,74.4
DRV_002793,Ridgeline,2023-06-12,economy,active,4.65,258,0.896,0.162,88.3
DRV_002794,Metro City,2023-01-26,comfort,active,4.0,238,0.703,0.155,88.6
DRV_002795,Summit Town,2022-02-20,xl,active,4.63,1117,0.777,0.086,135.5
DRV_002796,Harbor City,2023-10-31,economy,active,4.6,133,0.859,0.124,177.2
DRV_002797,Harbor City,2023-09-29,economy,active,4.99,1158,0.945,0.097,33.7
DRV_002798,Southbrook,2023-02-19,economy,active,4.49,912,0.967,0.039,174.8
DRV_002799,Harbor City,2023-06-01,comfort,active,4.87,486,0.862,0.151,167.5
DRV_002800,Clearwater,2022-10-17,economy,active,4.8,795,0.94,0.116,158.4
DRV_002801,Summit Town,2023-08-02,economy,active,4.88,731,0.924,0.029,95.4
DRV_002802,Westville,2022-11-21,comfort,active,4.36,781,0.917,0.128,88.7
DRV_002803,Lakewood,2023-12-24,comfort,active,3.84,266,0.731,0.065,101.9
DRV_002804,Summit Town,2022-02-16,economy,active,4.38,1075,0.834,0.031,128.0
DRV_002805,Valleyford,2022-05-06,comfort,active,4.88,586,0.836,0.117,69.4
DRV_002806,Metro City,2023-12-09,comfort,churned,4.96,816,0.92,0.137,90.0
DRV_002807,Clearwater,2022-07-30,economy,suspended,4.92,872,0.864,0.103,173.9
DRV_002808,Eastport,2022-08-15,comfort,churned,4.16,818,0.93,0.021,41.0
DRV_002809,Westville,2023-08-01,economy,active,4.71,613,0.968,0.112,60.4
DRV_002810,Westville,2022-05-19,economy,active,4.23,575,0.855,0.021,36.2
DRV_002811,Eastport,2023-01-10,economy,churned,4.54,708,0.922,0.168,119.0
DRV_002812,Valleyford,2022-07-28,economy,churned,4.15,700,0.857,0.063,108.0
DRV_002813,Northgate,2022-05-25,comfort,active,3.95,987,0.875,0.159,39.8
DRV_002814,Northgate,2023-12-05,economy,churned,4.16,930,0.833,0.022,99.3
DRV_002815,Harbor City,2022-05-26,economy,active,3.96,808,0.969,0.036,59.3
DRV_002816,Metro City,2022-03-10,comfort,active,4.13,462,0.929,0.092,126.9
DRV_002817,Southbrook,2023-05-07,economy,churned,4.52,617,0.911,0.141,151.2
DRV_002818,Harbor City,2023-09-26,economy,active,3.8,91,0.792,0.171,46.1
DRV_002819,Ridgeline,2022-04-04,comfort,active,4.52,365,0.836,0.103,143.2
DRV_002820,Eastport,2023-06-01,economy,churned,3.61,540,0.942,0.077,96.1
DRV_002821,Eastport,2023-01-30,economy,active,3.5,742,0.962,0.027,107.0
DRV_002822,Ridgeline,2023-08-29,economy,active,3.85,483,0.979,0.113,97.4
DRV_002823,Northgate,2022-04-03,xl,suspended,3.8,110,0.906,0.081,137.5
DRV_002824,Lakewood,2023-12-14,economy,active,4.75,259,0.905,0.165,136.8
DRV_002825,Summit Town,2023-03-28,economy,active,4.63,252,0.726,0.097,118.1
DRV_002826,Westville,2023-09-07,comfort,active,4.5,865,0.91,0.142,63.9
DRV_002827,Clearwater,2022-09-22,economy,active,4.56,1092,0.797,0.156,87.0
DRV_002828,Clearwater,2023-11-20,economy,active,4.49,975,0.942,0.036,152.1
DRV_002829,Summit Town,2023-04-03,economy,active,4.74,622,0.703,0.091,76.9
DRV_002830,Eastport,2022-04-03,comfort,active,4.3,232,0.962,0.163,167.7
DRV_002831,Lakewood,2023-11-05,xl,active,3.53,1098,0.835,0.088,73.2
DRV_002832,Metro City,2023-08-04,comfort,active,4.79,603,0.736,0.11,112.6
DRV_002833,Southbrook,2022-08-08,comfort,active,4.21,920,0.868,0.16,121.7
DRV_002834,Harbor City,2023-02-03,xl,churned,4.89,425,0.894,0.057,55.3
DRV_002835,Valleyford,2022-10-11,economy,active,4.84,425,0.918,0.163,103.9
DRV_002836,Valleyford,2023-02-01,comfort,active,4.1,703,0.897,0.084,69.2
DRV_002837,Eastport,2023-12-06,xl,active,4.9,856,0.855,0.115,65.9
DRV_002838,Lakewood,2023-10-19,comfort,churned,3.59,158,0.723,0.072,103.2
DRV_002839,Metro City,2022-06-07,economy,churned,4.49,513,0.942,0.104,74.7
DRV_002840,Clearwater,2023-12-11,xl,active,4.52,1124,0.975,0.028,119.0
DRV_002841,Valleyford,2022-11-16,economy,suspended,4.76,741,0.918,0.03,136.3
DRV_002842,Metro City,2023-05-30,economy,active,4.21,123,0.71,0.086,139.2
DRV_002843,Clearwater,2023-07-12,comfort,active,3.86,795,0.912,0.074,61.3
DRV_002844,Northgate,2022-12-19,economy,active,3.57,995,0.775,0.119,80.5
DRV_002845,Clearwater,2022-11-30,economy,active,4.2,1032,0.969,0.026,175.5
DRV_002846,Ridgeline,2022-11-30,economy,active,4.18,273,0.718,0.047,167.4
DRV_002847,Ridgeline,2023-09-22,economy,suspended,4.03,251,0.726,0.054,168.1
DRV_002848,Valleyford,2022-10-10,economy,active,4.45,936,0.751,0.09,121.3
DRV_002849,Eastport,2022-07-24,economy,active,4.3,1070,0.911,0.059,113.9
DRV_002850,Metro City,2022-09-21,economy,active,3.67,374,0.882,0.042,109.8
DRV_002851,Valleyford,2022-05-23,comfort,active,3.57,239,0.904,0.116,139.5
DRV_002852,Ridgeline,2022-10-13,economy,active,4.84,958,0.799,0.139,37.0
DRV_002853,Ridgeline,2022-03-25,comfort,churned,4.61,927,0.946,0.13,54.1
DRV_002854,Valleyford,2022-03-07,xl,active,4.19,1103,0.825,0.064,70.6
DRV_002855,Pinecrest,2023-06-13,economy,active,4.24,857,0.738,0.157,126.6
DRV_002856,Westville,2022-02-26,xl,active,3.67,1126,0.915,0.118,69.7
DRV_002857,Westville,2023-02-19,comfort,active,3.9,998,0.848,0.118,51.1
DRV_002858,Westville,2023-07-24,xl,active,4.74,1043,0.866,0.054,44.6
DRV_002859,Southbrook,2023-06-13,economy,active,3.69,937,0.808,0.059,164.4
DRV_002860,Harbor City,2022-11-22,comfort,churned,3.66,539,0.899,0.096,131.3
DRV_002861,Pinecrest,2022-05-22,economy,active,4.34,174,0.71,0.058,93.2
DRV_002862,Lakewood,2023-11-11,xl,active,4.76,543,0.838,0.13,44.7
DRV_002863,Metro City,2023-09-02,economy,churned,4.07,354,0.82,0.069,125.4
DRV_002864,Lakewood,2023-03-23,economy,active,4.47,1145,0.909,0.044,123.1
DRV_002865,Harbor City,2022-03-05,economy,churned,4.85,460,0.774,0.044,31.1
DRV_002866,Clearwater,2022-01-26,economy,active,4.84,1074,0.765,0.04,78.2
DRV_002867,Northgate,2022-08-19,economy,active,4.2,458,0.79,0.09,144.9
DRV_002868,Metro City,2022-04-25,economy,active,3.94,607,0.835,0.02,159.7
DRV_002869,Harbor City,2023-09-21,economy,active,4.36,850,0.759,0.107,68.1
DRV_002870,Pinecrest,2022-05-31,economy,churned,4.89,507,0.892,0.068,97.0
DRV_002871,Lakewood,2022-07-26,economy,active,4.52,848,0.793,0.108,145.9
DRV_002872,Valleyford,2023-12-14,economy,active,4.93,158,0.818,0.17,119.5
DRV_002873,Northgate,2023-08-21,comfort,active,4.37,729,0.856,0.159,83.0
DRV_002874,Southbrook,2022-06-09,economy,churned,3.53,465,0.806,0.112,175.7
DRV_002875,Summit Town,2022-10-07,comfort,active,4.17,250,0.896,0.087,106.5
DRV_002876,Pinecrest,2023-01-12,economy,active,4.85,591,0.884,0.132,123.9
DRV_002877,Clearwater,2023-04-30,economy,suspended,3.55,187,0.912,0.168,105.5
DRV_002878,Ridgeline,2023-11-15,economy,churned,4.43,1005,0.846,0.098,49.3
DRV_002879,Northgate,2023-09-28,economy,active,4.07,1086,0.803,0.036,111.9
DRV_002880,Northgate,2023-12-15,economy,active,4.11,422,0.756,0.143,72.0
DRV_002881,Eastport,2022-01-30,economy,active,4.35,437,0.822,0.022,33.6
DRV_002882,Harbor City,2022-06-22,economy,active,4.12,397,0.944,0.142,54.3
DRV_002883,Southbrook,2023-02-15,economy,active,4.88,1020,0.734,0.034,168.9
DRV_002884,Metro City,2022-02-05,economy,active,3.96,80,0.76,0.037,150.1
DRV_002885,Southbrook,2022-09-17,economy,active,4.64,206,0.886,0.145,33.3
DRV_002886,Valleyford,2022-04-23,economy,churned,3.64,95,0.861,0.13,121.4
DRV_002887,Harbor City,2023-11-13,comfort,active,4.0,763,0.957,0.11,118.3
DRV_002888,Metro City,2022-02-16,economy,active,3.74,979,0.708,0.151,100.6
DRV_002889,Southbrook,2022-04-19,comfort,active,3.83,826,0.946,0.156,51.6
DRV_002890,Northgate,2022-05-23,comfort,churned,4.35,238,0.903,0.093,170.4
DRV_002891,Metro City,2022-04-19,economy,active,4.01,508,0.917,0.179,108.0
DRV_002892,Southbrook,2023-02-20,economy,active,3.57,1161,0.806,0.077,139.9
DRV_002893,Southbrook,2022-09-23,economy,active,4.8,1004,0.786,0.047,157.4
DRV_002894,Lakewood,2023-10-29,economy,active,4.51,119,0.704,0.155,174.4
DRV_002895,Pinecrest,2022-07-10,xl,active,4.93,224,0.92,0.086,46.4
DRV_002896,Harbor City,2023-01-28,comfort,active,4.7,977,0.745,0.16,87.6
DRV_002897,Eastport,2023-04-27,economy,active,4.34,802,0.763,0.03,108.8
DRV_002898,Ridgeline,2023-04-02,comfort,churned,4.19,182,0.777,0.038,116.7
DRV_002899,Eastport,2023-08-05,comfort,active,4.92,334,0.944,0.026,166.5
DRV_002900,Summit Town,2022-05-28,economy,active,4.14,780,0.781,0.116,102.2
DRV_002901,Ridgeline,2023-01-06,economy,active,4.32,964,0.819,0.153,144.9
DRV_002902,Lakewood,2023-08-08,economy,active,4.0,920,0.909,0.084,97.5
DRV_002903,Northgate,2023-09-23,economy,churned,3.92,142,0.95,0.035,87.6
DRV_002904,Ridgeline,2023-03-27,economy,active,4.77,310,0.922,0.08,69.0
DRV_002905,Westville,2023-04-21,economy,active,3.87,684,0.85,0.076,75.5
DRV_002906,Westville,2023-09-23,economy,active,3.72,695,0.701,0.123,125.4
DRV_002907,Ridgeline,2023-04-02,xl,active,4.59,1171,0.744,0.124,38.3
DRV_002908,Clearwater,2023-11-24,economy,active,4.76,947,0.771,0.036,76.8
DRV_002909,Clearwater,2022-04-04,economy,active,4.89,372,0.816,0.087,131.2
DRV_002910,Southbrook,2022-09-11,comfort,active,4.5,246,0.801,0.123,43.4
DRV_002911,Ridgeline,2022-03-23,comfort,active,4.02,100,0.844,0.061,111.1
DRV_002912,Ridgeline,2022-03-08,economy,active,4.27,650,0.815,0.085,98.9
DRV_002913,Northgate,2022-12-11,economy,active,3.78,223,0.903,0.118,39.8
DRV_002914,Summit Town,2022-06-14,economy,churned,3.82,662,0.715,0.084,41.5
DRV_002915,Westville,2022-10-25,economy,active,4.84,775,0.979,0.025,120.1
DRV_002916,Valleyford,2022-11-16,comfort,active,4.77,932,0.936,0.056,109.2
DRV_002917,Clearwater,2023-03-30,xl,active,3.92,661,0.794,0.144,138.1
DRV_002918,Southbrook,2023-11-22,economy,active,4.07,465,0.811,0.06,123.6
DRV_002919,Harbor City,2023-09-13,economy,suspended,4.94,1027,0.97,0.151,103.8
DRV_002920,Lakewood,2022-10-04,economy,churned,4.09,792,0.962,0.095,94.8
DRV_002921,Metro City,2022-08-26,xl,active,3.99,814,0.81,0.096,77.8
DRV_002922,Westville,2023-07-17,comfort,active,3.8,1142,0.717,0.143,36.0
DRV_002923,Northgate,2022-04-01,comfort,churned,4.11,1149,0.977,0.081,41.7
DRV_002924,Ridgeline,2023-01-30,xl,active,4.05,865,0.883,0.058,116.7
DRV_002925,Valleyford,2022-11-05,economy,active,4.6,226,0.894,0.037,117.0
DRV_002926,Harbor City,2022-05-14,xl,churned,4.02,70,0.777,0.128,36.8
DRV_002927,Pinecrest,2023-03-27,xl,active,4.19,718,0.929,0.095,95.2
DRV_002928,Ridgeline,2022-08-23,comfort,active,3.98,223,0.856,0.15,172.4
DRV_002929,Pinecrest,2022-05-16,economy,suspended,3.98,1100,0.832,0.093,58.2
DRV_002930,Northgate,2023-04-22,xl,active,3.88,507,0.908,0.086,145.2
DRV_002931,Eastport,2022-05-08,economy,active,4.25,343,0.804,0.068,106.2
DRV_002932,Pinecrest,2023-05-07,economy,churned,4.14,515,0.82,0.052,146.7
DRV_002933,Harbor City,2022-04-29,economy,active,3.59,859,0.883,0.153,70.8
DRV_002934,Northgate,2022-11-14,economy,active,4.9,430,0.879,0.035,177.7
DRV_002935,Westville,2023-08-13,comfort,active,4.02,202,0.972,0.164,84.0
DRV_002936,Lakewood,2022-06-16,economy,churned,4.64,559,0.858,0.024,124.0
DRV_002937,Harbor City,2023-07-15,comfort,churned,4.86,593,0.79,0.104,132.5
DRV_002938,Westville,2023-06-11,economy,active,3.52,1134,0.78,0.029,129.1
DRV_002939,Summit Town,2023-10-21,economy,active,3.68,128,0.85,0.145,109.5
DRV_002940,Pinecrest,2022-05-04,economy,active,3.79,975,0.733,0.054,131.5
DRV_002941,Pinecrest,2023-06-07,economy,active,4.83,387,0.865,0.111,131.9
DRV_002942,Eastport,2023-11-15,comfort,active,4.32,209,0.809,0.167,140.7
DRV_002943,Valleyford,2023-07-12,economy,churned,3.97,199,0.799,0.124,138.9
DRV_002944,Ridgeline,2022-05-18,economy,active,3.57,560,0.754,0.049,131.0
DRV_002945,Pinecrest,2023-08-24,comfort,active,3.55,779,0.839,0.147,166.6
DRV_002946,Valleyford,2022-03-20,economy,churned,4.37,833,0.711,0.091,164.7
DRV_002947,Harbor City,2023-03-06,comfort,active,4.55,924,0.87,0.022,36.4
DRV_002948,Ridgeline,2022-12-30,economy,active,4.08,238,0.78,0.098,177.2
DRV_002949,Westville,2023-01-23,economy,active,3.93,749,0.953,0.15,149.1
DRV_002950,Ridgeline,2023-01-15,comfort,active,4.71,108,0.847,0.089,119.0
DRV_002951,Clearwater,2022-01-23,economy,active,4.8,547,0.919,0.141,121.3
DRV_002952,Clearwater,2023-01-06,economy,active,4.08,1151,0.938,0.133,88.3
DRV_002953,Eastport,2023-11-15,economy,active,4.62,752,0.946,0.093,94.6
DRV_002954,Summit Town,2022-11-15,economy,active,4.8,952,0.944,0.072,86.9
DRV_002955,Southbrook,2022-07-22,xl,suspended,4.07,111,0.763,0.136,172.4
DRV_002956,Eastport,2023-12-28,xl,active,3.74,1068,0.785,0.079,119.7
DRV_002957,Harbor City,2022-03-14,comfort,churned,4.05,483,0.898,0.047,53.8
DRV_002958,Lakewood,2022-12-21,comfort,churned,3.59,948,0.851,0.071,145.6
DRV_002959,Lakewood,2023-01-10,xl,active,3.55,465,0.871,0.16,134.1
DRV_002960,Southbrook,2022-12-15,economy,suspended,4.74,830,0.89,0.065,125.0
DRV_002961,Valleyford,2023-11-04,economy,active,4.78,670,0.732,0.058,69.6
DRV_002962,Metro City,2022-11-04,economy,active,4.47,929,0.747,0.041,122.8
DRV_002963,Lakewood,2023-12-12,xl,active,4.79,1127,0.879,0.029,152.5
DRV_002964,Southbrook,2022-02-18,comfort,churned,4.9,654,0.875,0.176,55.1
DRV_002965,Pinecrest,2023-06-20,comfort,active,4.53,86,0.929,0.106,112.1
DRV_002966,Pinecrest,2023-03-09,economy,active,4.87,345,0.894,0.137,61.3
DRV_002967,Summit Town,2022-06-25,comfort,suspended,4.88,437,0.758,0.144,112.9
DRV_002968,Clearwater,2022-06-16,economy,churned,3.91,158,0.72,0.076,126.3
DRV_002969,Clearwater,2023-06-10,economy,churned,4.92,610,0.809,0.148,151.6
DRV_002970,Valleyford,2023-04-11,economy,churned,4.98,737,0.804,0.174,104.8
DRV_002971,Ridgeline,2023-03-23,economy,active,3.92,628,0.915,0.139,169.6
DRV_002972,Metro City,2022-02-07,economy,active,4.44,302,0.888,0.134,166.7
DRV_002973,Clearwater,2023-03-13,economy,active,3.83,478,0.944,0.089,152.5
DRV_002974,Southbrook,2023-12-18,economy,active,4.09,996,0.841,0.155,113.3
DRV_002975,Southbrook,2022-01-13,economy,churned,4.44,205,0.781,0.034,58.4
DRV_002976,Summit Town,2022-12-09,economy,churned,3.56,665,0.841,0.14,127.6
DRV_002977,Harbor City,2022-12-27,economy,active,4.47,961,0.76,0.078,135.9
DRV_002978,Harbor City,2023-10-17,economy,active,4.23,1194,0.717,0.111,104.2
DRV_002979,Northgate,2022-07-26,economy,churned,3.69,641,0.84,0.163,175.0
DRV_002980,Summit Town,2022-12-14,economy,active,4.53,493,0.816,0.117,44.6
DRV_002981,Southbrook,2023-06-08,xl,active,4.91,779,0.709,0.024,158.1
DRV_002982,Southbrook,2022-02-14,economy,churned,3.5,532,0.902,0.136,165.6
DRV_002983,Valleyford,2023-08-08,economy,active,4.16,964,0.88,0.169,124.2
DRV_002984,Southbrook,2023-08-24,comfort,active,3.69,359,0.721,0.123,163.2
DRV_002985,Summit Town,2023-06-10,xl,suspended,3.81,400,0.899,0.158,61.8
DRV_002986,Lakewood,2023-04-19,xl,churned,4.24,378,0.723,0.152,81.8
DRV_002987,Pinecrest,2023-06-30,economy,active,3.94,953,0.845,0.158,57.2
DRV_002988,Clearwater,2023-07-25,economy,active,4.47,599,0.874,0.075,77.0
DRV_002989,Summit Town,2023-10-22,comfort,active,3.9,893,0.84,0.096,54.8
DRV_002990,Northgate,2022-11-09,comfort,active,4.66,124,0.909,0.156,54.6
DRV_002991,Southbrook,2022-11-29,comfort,active,3.78,931,0.808,0.166,34.6
DRV_002992,Lakewood,2023-04-11,economy,active,4.86,1008,0.76,0.043,141.7
DRV_002993,Lakewood,2022-05-21,economy,active,4.1,197,0.836,0.049,75.3
DRV_002994,Valleyford,2023-09-18,economy,active,3.58,163,0.796,0.075,121.7
DRV_002995,Summit Town,2023-07-17,economy,active,3.65,686,0.742,0.143,134.2
DRV_002996,Northgate,2023-04-06,economy,active,4.3,1092,0.832,0.16,130.7
DRV_002997,Metro City,2022-08-09,comfort,active,4.87,1016,0.756,0.113,169.6
DRV_002998,Southbrook,2022-09-11,comfort,active,4.27,508,0.832,0.038,138.0
DRV_002999,Westville,2022-11-14,economy,active,4.18,1119,0.866,0.069,122.4
DRV_003000,Clearwater,2023-04-29,comfort,churned,4.66,578,0.919,0.157,49.9
DRV_003001,Valleyford,2023-07-22,economy,active,3.84,815,0.939,0.076,33.2
DRV_003002,Southbrook,2023-05-06,economy,active,4.51,1158,0.887,0.036,138.8
DRV_003003,Lakewood,2023-11-10,economy,churned,3.83,251,0.95,0.068,160.1
DRV_003004,Harbor City,2023-12-03,xl,active,4.77,899,0.856,0.149,119.8
DRV_003005,Pinecrest,2023-05-30,comfort,active,4.82,534,0.899,0.099,178.6
DRV_003006,Metro City,2022-09-28,economy,active,3.79,370,0.916,0.047,163.2
DRV_003007,Southbrook,2023-03-14,economy,churned,3.72,527,0.931,0.07,170.8
DRV_003008,Summit Town,2022-11-07,economy,churned,4.59,401,0.911,0.173,139.6
DRV_003009,Southbrook,2023-04-05,economy,active,4.48,743,0.953,0.089,174.5
DRV_003010,Ridgeline,2023-08-16,xl,active,4.43,222,0.832,0.091,120.1
DRV_003011,Northgate,2022-09-27,xl,active,4.26,731,0.967,0.044,100.3
DRV_003012,Summit Town,2023-01-05,comfort,active,3.69,784,0.812,0.069,36.9
DRV_003013,Ridgeline,2022-02-03,economy,churned,4.58,970,0.72,0.15,168.3
DRV_003014,Valleyford,2023-06-22,economy,suspended,3.74,809,0.751,0.146,89.2
DRV_003015,Summit Town,2022-12-24,economy,churned,4.31,847,0.856,0.09,44.5
DRV_003016,Valleyford,2022-12-02,economy,active,4.02,1072,0.704,0.163,136.9
DRV_003017,Eastport,2023-01-24,xl,active,4.0,730,0.744,0.081,80.0
DRV_003018,Westville,2022-06-07,economy,active,4.75,376,0.805,0.158,111.6
DRV_003019,Northgate,2023-03-13,comfort,active,4.18,922,0.875,0.025,179.5
DRV_003020,Lakewood,2023-06-28,economy,active,4.24,127,0.746,0.076,128.2
DRV_003021,Northgate,2022-09-13,comfort,active,4.84,501,0.861,0.157,33.8
DRV_003022,Metro City,2022-04-06,comfort,churned,4.34,302,0.886,0.164,38.4
DRV_003023,Westville,2022-10-10,economy,active,4.7,991,0.914,0.141,117.0
DRV_003024,Harbor City,2022-05-25,economy,active,4.79,1157,0.885,0.127,37.6
DRV_003025,Metro City,2022-09-30,economy,active,4.54,433,0.77,0.15,30.9
DRV_003026,Summit Town,2023-04-03,economy,churned,3.72,1186,0.979,0.133,78.2
DRV_003027,Northgate,2022-03-24,economy,active,3.68,1153,0.949,0.061,38.5
DRV_003028,Southbrook,2023-06-30,comfort,active,4.15,456,0.805,0.095,158.5
DRV_003029,Northgate,2022-06-13,economy,active,3.59,292,0.708,0.126,86.0
DRV_003030,Southbrook,2023-10-16,economy,active,3.95,613,0.848,0.114,102.0
DRV_003031,Ridgeline,2023-06-19,comfort,active,3.81,1045,0.942,0.162,143.8
DRV_003032,Northgate,2022-07-18,economy,active,3.56,1023,0.93,0.096,79.7
DRV_003033,Harbor City,2023-02-16,comfort,active,4.1,894,0.951,0.048,78.4
DRV_003034,Harbor City,2022-03-22,economy,active,3.87,599,0.971,0.054,70.3
DRV_003035,Valleyford,2022-03-14,economy,churned,3.65,540,0.9,0.155,176.5
DRV_003036,Clearwater,2023-11-29,xl,suspended,4.6,1152,0.745,0.021,61.4
DRV_003037,Eastport,2023-08-09,xl,churned,4.87,687,0.71,0.159,132.6
DRV_003038,Ridgeline,2022-04-23,economy,active,4.43,1013,0.742,0.029,126.7
DRV_003039,Westville,2022-07-26,comfort,active,4.89,1003,0.756,0.083,99.2
DRV_003040,Valleyford,2022-05-25,comfort,churned,3.75,902,0.717,0.148,144.3
DRV_003041,Southbrook,2022-10-16,economy,churned,4.65,1062,0.827,0.085,57.1
DRV_003042,Southbrook,2022-08-01,economy,active,4.11,772,0.919,0.152,41.9
DRV_003043,Clearwater,2022-08-28,comfort,active,4.23,558,0.701,0.036,125.8
DRV_003044,Southbrook,2023-01-22,comfort,active,4.5,287,0.925,0.102,69.1
DRV_003045,Northgate,2022-05-19,comfort,active,4.68,118,0.959,0.113,161.2
DRV_003046,Eastport,2023-10-07,economy,active,3.59,260,0.743,0.163,115.6
DRV_003047,Pinecrest,2023-06-16,comfort,churned,4.08,1172,0.706,0.035,57.7
DRV_003048,Westville,2023-07-10,economy,churned,4.65,1046,0.834,0.074,72.7
DRV_003049,Clearwater,2022-05-04,comfort,active,4.3,595,0.943,0.125,119.6
DRV_003050,Clearwater,2023-06-01,economy,active,4.01,326,0.906,0.177,169.8
DRV_003051,Westville,2023-09-03,comfort,active,3.56,170,0.71,0.156,87.3
DRV_003052,Pinecrest,2022-05-08,economy,active,3.51,330,0.889,0.155,39.0
DRV_003053,Metro City,2023-07-03,economy,active,4.14,323,0.929,0.103,133.5
DRV_003054,Westville,2022-09-19,economy,churned,4.23,1022,0.776,0.11,113.5
DRV_003055,Ridgeline,2023-07-29,economy,active,3.84,882,0.883,0.157,143.1
DRV_003056,Harbor City,2022-12-16,economy,active,4.7,103,0.838,0.159,105.2
DRV_003057,Valleyford,2023-08-09,comfort,active,4.59,59,0.758,0.148,89.8
DRV_003058,Ridgeline,2022-04-18,economy,active,3.78,875,0.952,0.151,94.5
DRV_003059,Metro City,2022-10-12,economy,active,3.78,204,0.762,0.161,151.8
DRV_003060,Clearwater,2022-07-19,economy,active,4.8,758,0.935,0.038,88.5
DRV_003061,Northgate,2022-07-01,economy,active,4.88,564,0.896,0.067,99.6
DRV_003062,Westville,2022-08-14,economy,active,4.98,93,0.762,0.176,67.6
DRV_003063,Southbrook,2022-10-07,economy,active,4.53,803,0.899,0.107,32.1
DRV_003064,Westville,2022-04-03,comfort,active,4.89,258,0.707,0.048,61.7
DRV_003065,Northgate,2023-06-01,comfort,active,3.72,311,0.766,0.1,151.1
DRV_003066,Northgate,2023-02-06,economy,churned,3.73,394,0.78,0.123,167.3
DRV_003067,Clearwater,2023-08-29,economy,active,3.56,1128,0.949,0.153,141.2
DRV_003068,Eastport,2023-05-30,economy,churned,4.31,311,0.956,0.15,95.6
DRV_003069,Harbor City,2022-04-19,comfort,active,3.83,348,0.776,0.028,132.0
DRV_003070,Westville,2022-02-21,economy,active,4.35,244,0.833,0.093,48.6
DRV_003071,Westville,2022-11-05,xl,active,3.51,1074,0.975,0.023,43.8
DRV_003072,Clearwater,2022-12-18,comfort,active,4.29,1031,0.886,0.162,58.1
DRV_003073,Southbrook,2022-06-25,xl,active,4.83,1143,0.72,0.048,120.6
DRV_003074,Summit Town,2023-07-26,economy,active,4.59,1113,0.81,0.12,93.1
DRV_003075,Eastport,2023-03-01,xl,active,4.05,627,0.818,0.111,57.4
DRV_003076,Ridgeline,2023-07-01,xl,active,3.6,251,0.786,0.12,111.8
DRV_003077,Metro City,2022-03-21,economy,active,3.87,533,0.846,0.11,166.7
DRV_003078,Valleyford,2023-08-19,xl,active,4.26,715,0.906,0.134,112.7
DRV_003079,Clearwater,2022-05-31,economy,active,3.89,969,0.894,0.12,107.6
DRV_003080,Harbor City,2022-11-24,economy,churned,4.66,548,0.798,0.034,83.2
DRV_003081,Pinecrest,2022-11-17,economy,active,4.9,95,0.906,0.079,31.9
DRV_003082,Ridgeline,2023-08-23,economy,churned,3.76,482,0.85,0.107,66.9
DRV_003083,Harbor City,2022-07-22,comfort,suspended,3.51,689,0.915,0.072,79.5
DRV_003084,Clearwater,2022-06-25,comfort,active,3.63,1146,0.732,0.142,98.2
DRV_003085,Valleyford,2022-09-05,economy,active,4.7,745,0.813,0.071,168.3
DRV_003086,Clearwater,2022-09-21,economy,active,3.58,102,0.811,0.153,75.1
DRV_003087,Eastport,2022-05-13,economy,active,4.62,656,0.799,0.043,77.0
DRV_003088,Northgate,2022-05-09,comfort,active,4.11,1170,0.895,0.143,78.1
DRV_003089,Westville,2022-06-18,economy,active,4.14,504,0.856,0.049,62.1
DRV_003090,Valleyford,2022-12-08,economy,active,4.6,415,0.808,0.104,94.9
DRV_003091,Southbrook,2022-09-08,economy,active,3.98,62,0.85,0.071,142.1
DRV_003092,Metro City,2022-10-14,comfort,active,4.72,704,0.897,0.122,140.2
DRV_003093,Summit Town,2023-06-09,comfort,churned,3.64,372,0.889,0.054,30.6
DRV_003094,Westville,2022-06-25,xl,active,4.58,1121,0.913,0.147,145.3
DRV_003095,Summit Town,2023-10-27,comfort,active,4.86,341,0.938,0.112,89.0
DRV_003096,Northgate,2023-07-03,economy,active,3.75,791,0.907,0.173,32.9
DRV_003097,Ridgeline,2022-05-08,xl,active,4.33,785,0.75,0.134,178.6
DRV_003098,Lakewood,2022-08-18,economy,active,4.46,932,0.937,0.117,161.1
DRV_003099,Lakewood,2022-05-14,economy,active,3.7,494,0.793,0.153,83.6
DRV_003100,Eastport,2022-07-19,comfort,active,4.31,161,0.886,0.055,132.3
DRV_003101,Lakewood,2022-09-24,economy,active,3.88,248,0.977,0.121,125.7
DRV_003102,Clearwater,2022-04-06,economy,active,4.63,705,0.782,0.082,177.8
DRV_003103,Northgate,2022-01-11,economy,active,4.35,385,0.776,0.139,57.2
DRV_003104,Harbor City,2022-11-17,economy,active,4.12,407,0.751,0.024,62.0
DRV_003105,Clearwater,2023-05-27,economy,active,4.61,177,0.976,0.088,130.5
DRV_003106,Southbrook,2022-08-10,comfort,active,4.6,532,0.82,0.124,41.3
DRV_003107,Summit Town,2023-09-21,economy,active,3.82,705,0.919,0.094,153.1
DRV_003108,Valleyford,2022-09-27,economy,active,3.54,323,0.714,0.058,62.1
DRV_003109,Ridgeline,2023-10-20,comfort,active,3.87,907,0.751,0.094,145.1
DRV_003110,Pinecrest,2022-06-22,economy,active,4.82,758,0.718,0.156,53.0
DRV_003111,Valleyford,2023-01-29,comfort,active,4.1,481,0.928,0.053,141.0
DRV_003112,Valleyford,2023-07-12,economy,suspended,3.8,666,0.73,0.079,42.0
DRV_003113,Northgate,2022-02-13,economy,suspended,4.05,967,0.958,0.178,45.6
DRV_003114,Northgate,2023-11-10,comfort,active,4.07,197,0.886,0.166,37.3
DRV_003115,Summit Town,2022-09-24,economy,active,4.18,409,0.955,0.025,128.9
DRV_003116,Northgate,2022-12-30,comfort,active,4.18,888,0.814,0.105,54.8
DRV_003117,Pinecrest,2023-04-04,economy,active,3.95,878,0.847,0.03,84.5
DRV_003118,Northgate,2023-04-15,economy,active,3.95,377,0.708,0.168,163.3
DRV_003119,Southbrook,2022-01-18,economy,churned,4.7,758,0.83,0.091,77.6
DRV_003120,Valleyford,2023-09-26,economy,active,4.49,724,0.865,0.087,54.7
DRV_003121,Ridgeline,2023-04-01,comfort,active,4.52,719,0.728,0.064,130.4
DRV_003122,Southbrook,2023-12-31,economy,active,3.79,1048,0.975,0.111,53.8
DRV_003123,Ridgeline,2022-12-11,economy,active,4.99,323,0.701,0.043,139.3
DRV_003124,Westville,2023-03-24,economy,active,3.63,507,0.775,0.148,96.8
DRV_003125,Northgate,2022-11-18,xl,active,4.52,545,0.872,0.099,170.1
DRV_003126,Harbor City,2023-10-12,comfort,churned,4.62,785,0.839,0.111,64.8
DRV_003127,Clearwater,2023-08-31,xl,active,3.9,852,0.767,0.155,103.0
DRV_003128,Eastport,2023-10-26,comfort,active,3.62,1041,0.976,0.05,157.7
DRV_003129,Southbrook,2023-01-04,economy,active,4.61,222,0.753,0.048,127.3
DRV_003130,Harbor City,2023-08-01,comfort,active,4.35,765,0.859,0.087,60.7
DRV_003131,Northgate,2022-09-19,comfort,active,4.95,245,0.732,0.146,40.6
DRV_003132,Harbor City,2022-12-03,xl,churned,4.59,1180,0.716,0.029,114.2
DRV_003133,Pinecrest,2023-07-09,comfort,active,4.89,55,0.837,0.147,115.3
DRV_003134,Northgate,2022-03-01,economy,active,4.45,143,0.925,0.1,62.2
DRV_003135,Eastport,2023-06-03,comfort,active,4.25,1081,0.849,0.11,148.6
DRV_003136,Summit Town,2022-01-12,xl,active,4.92,467,0.782,0.11,65.4
DRV_003137,Pinecrest,2023-02-28,economy,churned,4.73,451,0.705,0.029,175.8
DRV_003138,Lakewood,2022-12-15,xl,active,3.55,857,0.963,0.06,136.7
DRV_003139,Northgate,2022-12-09,economy,active,4.37,204,0.759,0.141,120.9
DRV_003140,Harbor City,2022-12-27,economy,churned,3.72,611,0.861,0.086,128.3
DRV_003141,Clearwater,2022-12-26,economy,active,4.92,422,0.704,0.11,31.0
DRV_003142,Pinecrest,2022-10-25,economy,active,4.51,347,0.727,0.171,84.1
DRV_003143,Harbor City,2022-11-26,economy,churned,4.18,278,0.748,0.027,160.0
DRV_003144,Ridgeline,2023-02-19,economy,active,4.94,434,0.731,0.092,168.2
DRV_003145,Westville,2023-07-12,economy,active,4.0,623,0.849,0.078,58.7
DRV_003146,Metro City,2023-02-08,economy,active,4.17,882,0.811,0.037,164.8
DRV_003147,Pinecrest,2023-04-15,economy,active,4.1,273,0.924,0.172,86.0
DRV_003148,Lakewood,2023-09-03,comfort,churned,3.7,954,0.733,0.174,134.4
DRV_003149,Clearwater,2023-12-24,economy,suspended,3.72,261,0.821,0.07,161.3
DRV_003150,Clearwater,2022-03-21,xl,active,4.39,779,0.82,0.171,63.3
DRV_003151,Summit Town,2023-06-05,economy,active,3.6,486,0.765,0.026,50.4
DRV_003152,Clearwater,2022-06-14,economy,active,4.9,1072,0.727,0.177,100.9
DRV_003153,Ridgeline,2022-05-24,xl,active,3.99,845,0.703,0.154,123.4
DRV_003154,Westville,2023-08-02,economy,active,3.98,649,0.705,0.054,115.2
DRV_003155,Ridgeline,2022-02-20,comfort,active,3.71,123,0.812,0.116,132.0
DRV_003156,Northgate,2023-09-11,economy,suspended,4.03,997,0.715,0.148,167.8
DRV_003157,Clearwater,2023-07-17,comfort,churned,4.54,1190,0.81,0.071,47.2
DRV_003158,Northgate,2023-12-28,xl,active,4.94,173,0.822,0.077,174.5
DRV_003159,Clearwater,2023-05-03,economy,active,3.79,671,0.825,0.121,54.1
DRV_003160,Clearwater,2023-09-30,comfort,churned,3.77,1183,0.754,0.044,169.9
DRV_003161,Lakewood,2022-03-28,comfort,churned,3.71,755,0.84,0.039,143.8
DRV_003162,Summit Town,2023-10-12,economy,active,4.36,1055,0.81,0.06,151.7
DRV_003163,Southbrook,2022-04-28,economy,active,3.68,971,0.977,0.139,161.2
DRV_003164,Lakewood,2022-08-18,economy,active,3.63,1077,0.713,0.079,46.9
DRV_003165,Summit Town,2022-04-04,economy,active,4.62,392,0.715,0.101,129.6
DRV_003166,Pinecrest,2022-10-21,comfort,churned,4.69,1062,0.931,0.051,81.9
DRV_003167,Eastport,2023-07-01,economy,active,3.97,238,0.774,0.051,87.0
DRV_003168,Eastport,2022-07-15,economy,churned,4.37,1018,0.751,0.124,108.9
DRV_003169,Harbor City,2023-08-24,economy,active,4.61,699,0.945,0.037,119.8
DRV_003170,Ridgeline,2023-03-19,economy,active,3.57,147,0.849,0.127,135.4
DRV_003171,Harbor City,2023-04-05,economy,churned,4.45,848,0.872,0.084,121.6
DRV_003172,Metro City,2023-11-17,economy,churned,3.93,1096,0.702,0.127,64.0
DRV_003173,Westville,2022-11-12,comfort,active,4.11,1059,0.773,0.081,84.3
DRV_003174,Metro City,2022-09-09,economy,churned,4.03,244,0.773,0.155,159.2
DRV_003175,Valleyford,2023-12-28,comfort,active,4.58,1022,0.913,0.029,137.1
DRV_003176,Southbrook,2023-02-11,economy,active,4.2,1047,0.808,0.163,99.0
DRV_003177,Southbrook,2023-03-25,economy,active,4.64,1161,0.862,0.063,65.7
DRV_003178,Clearwater,2022-08-05,economy,churned,3.97,692,0.961,0.027,154.8
DRV_003179,Summit Town,2022-06-07,economy,churned,4.31,1097,0.976,0.11,67.4
DRV_003180,Metro City,2022-05-04,xl,active,4.86,375,0.736,0.056,165.6
DRV_003181,Clearwater,2022-06-13,xl,churned,4.16,645,0.856,0.093,96.0
DRV_003182,Northgate,2022-05-23,economy,active,4.36,412,0.896,0.148,129.4
DRV_003183,Valleyford,2023-06-30,xl,churned,4.51,463,0.919,0.147,63.4
DRV_003184,Ridgeline,2022-02-12,economy,churned,4.87,360,0.958,0.116,53.0
DRV_003185,Westville,2023-04-05,comfort,suspended,4.45,804,0.904,0.176,65.6
DRV_003186,Northgate,2023-11-24,economy,active,4.42,884,0.893,0.094,113.6
DRV_003187,Southbrook,2023-07-13,comfort,active,4.75,987,0.715,0.026,133.2
DRV_003188,Metro City,2022-10-22,comfort,active,4.99,895,0.853,0.151,102.2
DRV_003189,Southbrook,2022-02-13,xl,active,4.85,197,0.868,0.055,148.1
DRV_003190,Harbor City,2023-09-01,xl,active,3.69,541,0.895,0.048,52.7
DRV_003191,Ridgeline,2022-01-03,economy,active,4.51,764,0.863,0.031,170.6
DRV_003192,Westville,2023-05-13,comfort,active,3.99,541,0.815,0.072,120.0
DRV_003193,Pinecrest,2023-05-05,economy,active,4.12,244,0.836,0.072,79.8
DRV_003194,Northgate,2022-05-21,economy,active,4.47,295,0.971,0.068,112.1
DRV_003195,Harbor City,2023-06-25,economy,active,3.72,667,0.792,0.115,96.3
DRV_003196,Clearwater,2022-05-09,economy,active,4.54,507,0.92,0.14,151.2
DRV_003197,Lakewood,2022-06-14,comfort,active,3.94,860,0.87,0.17,73.0
DRV_003198,Ridgeline,2023-08-16,comfort,active,4.73,812,0.824,0.035,123.6
DRV_003199,Clearwater,2023-12-16,economy,active,4.06,339,0.816,0.044,139.5
DRV_003200,Pinecrest,2022-07-13,comfort,active,3.57,769,0.85,0.114,175.8
DRV_003201,Southbrook,2023-11-04,economy,active,4.4,715,0.924,0.036,43.6
DRV_003202,Westville,2023-10-29,xl,active,4.62,199,0.734,0.079,123.2
DRV_003203,Lakewood,2023-07-16,comfort,active,4.43,1008,0.955,0.12,84.4
DRV_003204,Pinecrest,2022-04-13,economy,active,4.67,891,0.917,0.145,88.9
DRV_003205,Southbrook,2022-08-07,comfort,active,4.71,1067,0.798,0.055,93.8
DRV_003206,Eastport,2023-05-10,economy,suspended,3.56,1188,0.703,0.127,80.5
DRV_003207,Metro City,2023-12-31,economy,churned,3.5,377,0.729,0.123,109.4
DRV_003208,Clearwater,2023-08-18,xl,active,3.84,982,0.74,0.158,66.6
DRV_003209,Eastport,2022-11-03,economy,active,3.84,1152,0.729,0.07,157.5
DRV_003210,Pinecrest,2022-06-21,comfort,active,4.34,59,0.729,0.14,155.3
DRV_003211,Clearwater,2023-12-03,comfort,active,3.84,789,0.969,0.14,44.0
DRV_003212,Pinecrest,2022-07-21,comfort,suspended,4.05,995,0.884,0.058,41.3
DRV_003213,Metro City,2022-09-07,economy,churned,4.18,191,0.93,0.119,92.6
DRV_003214,Eastport,2023-12-06,comfort,active,4.4,84,0.858,0.128,130.3
DRV_003215,Westville,2023-02-15,economy,active,5.0,405,0.873,0.064,120.2
DRV_003216,Lakewood,2022-07-13,xl,active,4.53,204,0.947,0.092,61.1
DRV_003217,Clearwater,2022-01-04,economy,active,3.9,270,0.773,0.09,112.6
DRV_003218,Metro City,2022-11-10,comfort,active,4.03,328,0.894,0.144,33.1
DRV_003219,Lakewood,2023-12-21,economy,active,3.57,331,0.952,0.02,54.8
DRV_003220,Southbrook,2022-11-12,comfort,active,4.13,615,0.962,0.1,71.9
DRV_003221,Harbor City,2023-05-26,xl,active,4.38,1121,0.824,0.049,139.6
DRV_003222,Metro City,2022-07-04,economy,active,4.92,1021,0.94,0.123,142.9
DRV_003223,Ridgeline,2023-07-21,economy,active,3.9,175,0.841,0.129,48.4
DRV_003224,Metro City,2023-07-21,comfort,active,3.87,986,0.772,0.1,55.3
DRV_003225,Southbrook,2023-03-21,economy,active,3.53,916,0.77,0.107,59.4
DRV_003226,Eastport,2023-07-18,economy,active,4.36,478,0.826,0.07,115.6
DRV_003227,Southbrook,2023-02-27,xl,active,4.99,522,0.772,0.07,42.8
DRV_003228,Pinecrest,2022-10-04,economy,active,4.06,595,0.708,0.139,148.1
DRV_003229,Clearwater,2023-06-23,xl,active,4.25,1078,0.73,0.041,131.5
DRV_003230,Eastport,2023-09-02,economy,active,3.59,245,0.938,0.143,136.7
DRV_003231,Southbrook,2023-09-06,comfort,active,4.36,626,0.947,0.125,74.2
DRV_003232,Clearwater,2022-06-05,economy,churned,3.82,1144,0.944,0.162,112.6
DRV_003233,Summit Town,2023-05-09,comfort,active,3.52,819,0.855,0.062,75.8
DRV_003234,Harbor City,2022-01-04,comfort,active,4.53,364,0.962,0.101,94.7
DRV_003235,Harbor City,2023-02-22,economy,active,3.72,997,0.84,0.026,43.4
DRV_003236,Lakewood,2023-02-21,economy,active,3.65,285,0.83,0.166,59.4
DRV_003237,Summit Town,2022-09-23,comfort,active,3.84,324,0.833,0.128,42.4
DRV_003238,Lakewood,2023-12-27,economy,active,3.71,1185,0.771,0.12,122.9
DRV_003239,Southbrook,2023-10-07,economy,churned,4.43,935,0.872,0.137,150.6
DRV_003240,Lakewood,2022-01-29,economy,active,3.9,293,0.826,0.065,176.9
DRV_003241,Clearwater,2022-06-02,economy,active,4.51,947,0.973,0.117,132.8
DRV_003242,Eastport,2022-06-01,economy,suspended,4.32,258,0.748,0.148,158.8
DRV_003243,Metro City,2023-10-18,comfort,active,4.03,398,0.721,0.034,81.8
DRV_003244,Lakewood,2023-01-14,comfort,active,3.79,1180,0.798,0.173,150.3
DRV_003245,Lakewood,2023-06-17,economy,churned,4.51,468,0.76,0.163,63.9
DRV_003246,Metro City,2023-08-15,comfort,active,4.29,138,0.978,0.174,113.1
DRV_003247,Harbor City,2023-07-15,economy,active,4.58,1196,0.856,0.149,86.6
DRV_003248,Southbrook,2022-03-07,economy,churned,4.26,88,0.801,0.067,133.1
DRV_003249,Ridgeline,2022-04-13,comfort,active,4.7,1177,0.88,0.113,117.9
DRV_003250,Southbrook,2022-10-16,economy,active,4.32,574,0.827,0.039,146.7
DRV_003251,Metro City,2022-09-05,comfort,active,4.72,365,0.758,0.141,64.7
DRV_003252,Metro City,2023-06-30,xl,active,4.32,391,0.81,0.045,164.0
DRV_003253,Harbor City,2022-04-25,comfort,active,4.94,196,0.78,0.159,77.1
DRV_003254,Ridgeline,2022-09-29,economy,active,4.78,1050,0.879,0.058,40.2
DRV_003255,Eastport,2022-06-22,economy,active,3.88,1163,0.929,0.046,89.3
DRV_003256,Valleyford,2022-05-18,xl,active,4.59,895,0.774,0.031,35.0
DRV_003257,Lakewood,2022-05-07,comfort,active,3.7,306,0.874,0.134,128.5
DRV_003258,Eastport,2022-05-23,economy,churned,4.87,671,0.898,0.05,58.3
DRV_003259,Lakewood,2023-02-16,economy,active,4.02,859,0.804,0.052,141.0
DRV_003260,Lakewood,2022-10-27,comfort,churned,4.22,61,0.837,0.047,166.3
DRV_003261,Westville,2022-11-14,economy,active,3.53,777,0.8,0.069,118.5
DRV_003262,Clearwater,2022-12-16,comfort,active,4.8,355,0.804,0.171,129.7
DRV_003263,Southbrook,2023-06-25,comfort,active,4.92,894,0.825,0.098,94.1
DRV_003264,Clearwater,2023-09-22,economy,active,4.21,1074,0.783,0.062,43.3
DRV_003265,Northgate,2023-01-20,comfort,active,3.78,457,0.837,0.047,94.6
DRV_003266,Northgate,2023-04-14,comfort,active,4.54,335,0.911,0.023,91.5
DRV_003267,Eastport,2023-06-24,comfort,churned,3.95,515,0.81,0.078,87.9
DRV_003268,Eastport,2023-05-19,comfort,active,4.94,81,0.965,0.038,123.7
DRV_003269,Pinecrest,2022-04-09,xl,active,3.97,343,0.761,0.024,106.9
DRV_003270,Eastport,2023-12-19,economy,churned,4.36,315,0.826,0.036,166.4
DRV_003271,Metro City,2022-05-01,comfort,active,3.57,78,0.868,0.071,143.6
DRV_003272,Ridgeline,2022-10-28,economy,active,4.98,920,0.852,0.14,136.9
DRV_003273,Pinecrest,2023-04-22,comfort,active,4.36,585,0.965,0.031,165.7
DRV_003274,Clearwater,2022-10-22,comfort,active,4.96,1038,0.791,0.129,101.9
DRV_003275,Harbor City,2022-06-27,xl,suspended,3.95,383,0.806,0.119,167.9
DRV_003276,Eastport,2023-11-06,comfort,churned,4.29,378,0.867,0.161,92.2
DRV_003277,Clearwater,2022-02-22,economy,active,3.53,546,0.867,0.049,73.2
DRV_003278,Ridgeline,2022-06-29,xl,suspended,4.66,317,0.92,0.147,148.7
DRV_003279,Summit Town,2023-12-26,comfort,active,3.75,924,0.922,0.158,150.1
DRV_003280,Pinecrest,2023-06-17,comfort,active,4.14,1013,0.703,0.176,91.6
DRV_003281,Southbrook,2022-03-05,comfort,suspended,4.51,829,0.914,0.149,125.1
DRV_003282,Westville,2023-07-05,economy,active,3.62,275,0.901,0.04,160.0
DRV_003283,Ridgeline,2023-12-09,comfort,active,4.68,943,0.864,0.172,34.3
DRV_003284,Westville,2022-03-13,xl,churned,4.71,467,0.789,0.15,144.6
DRV_003285,Valleyford,2022-10-30,comfort,active,4.3,1181,0.954,0.054,82.3
DRV_003286,Westville,2022-12-08,comfort,active,4.41,487,0.907,0.046,169.6
DRV_003287,Northgate,2022-04-06,comfort,active,3.64,741,0.772,0.17,50.8
DRV_003288,Lakewood,2022-05-27,comfort,active,4.17,505,0.785,0.045,126.6
DRV_003289,Summit Town,2022-05-07,comfort,active,4.76,1060,0.899,0.144,143.9
DRV_003290,Northgate,2022-05-16,xl,active,3.63,136,0.957,0.085,51.7
DRV_003291,Southbrook,2022-10-22,comfort,active,4.98,1178,0.837,0.136,161.3
DRV_003292,Southbrook,2022-12-05,economy,churned,4.23,1020,0.946,0.035,90.7
DRV_003293,Westville,2022-06-23,economy,active,3.52,90,0.807,0.136,34.6
DRV_003294,Summit Town,2022-07-31,economy,churned,4.01,297,0.811,0.102,128.5
DRV_003295,Lakewood,2022-05-21,comfort,churned,4.25,429,0.892,0.164,30.7
DRV_003296,Northgate,2023-08-05,economy,active,4.94,471,0.714,0.05,170.6
DRV_003297,Pinecrest,2022-06-04,xl,active,4.56,723,0.739,0.037,106.9
DRV_003298,Northgate,2023-10-25,economy,suspended,4.37,782,0.904,0.051,161.6
DRV_003299,Summit Town,2023-01-29,comfort,churned,4.95,248,0.768,0.033,130.2
DRV_003300,Pinecrest,2023-08-09,xl,active,3.94,974,0.749,0.177,170.7
DRV_003301,Westville,2023-04-10,xl,active,4.07,54,0.725,0.04,111.3
DRV_003302,Summit Town,2022-07-14,economy,active,4.65,725,0.763,0.052,78.8
DRV_003303,Eastport,2023-03-15,economy,active,4.39,911,0.77,0.15,42.1
DRV_003304,Ridgeline,2022-07-20,comfort,active,3.83,465,0.796,0.059,68.0
DRV_003305,Metro City,2022-03-28,xl,active,4.63,526,0.963,0.056,165.8
DRV_003306,Valleyford,2022-07-05,economy,suspended,3.9,56,0.88,0.128,177.5
DRV_003307,Clearwater,2022-07-21,economy,active,4.34,213,0.894,0.084,35.5
DRV_003308,Eastport,2022-04-09,economy,active,4.78,619,0.737,0.154,68.5
DRV_003309,Eastport,2022-01-18,economy,active,3.91,189,0.754,0.122,60.5
DRV_003310,Eastport,2023-11-20,comfort,churned,4.64,696,0.952,0.066,107.3
DRV_003311,Westville,2023-01-10,xl,active,4.79,1094,0.878,0.116,98.8
DRV_003312,Summit Town,2022-10-21,economy,active,3.98,463,0.927,0.159,177.2
DRV_003313,Harbor City,2023-11-10,xl,churned,3.79,863,0.8,0.078,83.1
DRV_003314,Summit Town,2022-06-14,comfort,active,4.8,773,0.862,0.138,118.9
DRV_003315,Westville,2022-10-22,economy,churned,4.2,895,0.841,0.087,149.3
DRV_003316,Southbrook,2023-09-11,economy,active,3.97,956,0.758,0.107,32.3
DRV_003317,Valleyford,2023-04-07,economy,active,3.52,861,0.931,0.137,148.6
DRV_003318,Valleyford,2022-10-19,economy,suspended,3.79,90,0.793,0.03,133.9
DRV_003319,Ridgeline,2022-07-06,economy,active,4.27,974,0.831,0.093,166.3
DRV_003320,Northgate,2022-01-26,xl,active,4.74,983,0.737,0.035,174.6
DRV_003321,Eastport,2022-03-04,economy,active,4.25,509,0.879,0.136,115.0
DRV_003322,Metro City,2022-04-29,xl,suspended,3.91,729,0.922,0.117,140.1
DRV_003323,Clearwater,2023-07-29,economy,active,4.89,995,0.815,0.072,178.0
DRV_003324,Pinecrest,2023-04-12,economy,active,4.05,424,0.974,0.032,156.5
DRV_003325,Ridgeline,2022-11-13,comfort,active,3.74,244,0.772,0.168,117.3
DRV_003326,Harbor City,2023-07-26,xl,churned,4.92,847,0.944,0.07,52.0
DRV_003327,Harbor City,2022-04-28,economy,active,4.09,421,0.902,0.064,85.7
DRV_003328,Metro City,2022-06-03,economy,active,4.22,859,0.96,0.036,161.5
DRV_003329,Eastport,2022-10-14,comfort,churned,4.74,515,0.907,0.112,42.5
DRV_003330,Lakewood,2023-11-01,xl,active,3.93,921,0.839,0.063,163.0
DRV_003331,Southbrook,2023-03-25,economy,active,4.29,253,0.816,0.155,124.6
DRV_003332,Ridgeline,2023-09-14,comfort,active,4.8,524,0.932,0.129,151.5
DRV_003333,Southbrook,2022-07-01,economy,active,3.88,675,0.935,0.021,90.3
DRV_003334,Southbrook,2023-09-12,economy,churned,4.84,712,0.865,0.111,76.0
DRV_003335,Eastport,2022-02-22,economy,active,3.79,1015,0.897,0.057,175.4
DRV_003336,Metro City,2022-06-16,comfort,active,4.78,597,0.83,0.022,118.4
DRV_003337,Valleyford,2023-01-17,xl,active,4.09,1195,0.761,0.119,132.8
DRV_003338,Summit Town,2022-02-06,economy,active,4.32,468,0.714,0.053,169.1
DRV_003339,Valleyford,2023-09-19,comfort,churned,4.33,1004,0.883,0.164,101.2
DRV_003340,Summit Town,2023-09-26,comfort,active,3.81,198,0.887,0.112,42.3
DRV_003341,Ridgeline,2023-01-31,economy,active,3.76,596,0.886,0.053,67.3
DRV_003342,Clearwater,2022-08-12,economy,active,4.57,1106,0.857,0.177,123.5
DRV_003343,Lakewood,2022-03-14,xl,active,4.74,1123,0.796,0.107,144.4
DRV_003344,Pinecrest,2023-03-28,economy,active,3.71,196,0.768,0.046,105.9
DRV_003345,Northgate,2023-01-28,economy,active,4.63,433,0.718,0.103,126.2
DRV_003346,Clearwater,2023-07-09,economy,active,3.99,795,0.741,0.173,132.2
DRV_003347,Pinecrest,2023-03-16,comfort,suspended,4.39,106,0.876,0.088,36.3
DRV_003348,Clearwater,2022-04-04,economy,active,4.3,509,0.915,0.088,101.3
DRV_003349,Metro City,2022-03-30,xl,active,4.62,1110,0.954,0.094,161.6
DRV_003350,Harbor City,2023-07-25,comfort,active,4.31,994,0.723,0.065,39.0
DRV_003351,Ridgeline,2022-04-27,economy,active,3.64,612,0.928,0.046,131.2
DRV_003352,Harbor City,2023-11-17,economy,active,3.92,592,0.867,0.113,112.7
DRV_003353,Lakewood,2022-03-19,xl,active,4.1,455,0.784,0.163,137.9
DRV_003354,Ridgeline,2023-06-16,comfort,active,4.36,264,0.903,0.138,163.7
DRV_003355,Eastport,2023-12-13,comfort,suspended,3.75,845,0.977,0.035,163.2
DRV_003356,Northgate,2022-11-19,economy,suspended,4.01,223,0.806,0.084,153.4
DRV_003357,Summit Town,2022-02-11,economy,active,3.59,907,0.876,0.021,94.9
DRV_003358,Westville,2023-10-02,comfort,churned,3.98,500,0.773,0.069,56.7
DRV_003359,Clearwater,2022-05-17,economy,active,4.27,964,0.757,0.127,137.8
DRV_003360,Summit Town,2023-01-21,comfort,active,4.9,665,0.742,0.066,143.0
DRV_003361,Harbor City,2023-12-20,xl,active,3.77,1157,0.709,0.154,52.3
DRV_003362,Lakewood,2023-06-28,xl,active,3.54,773,0.903,0.096,141.1
DRV_003363,Clearwater,2022-02-03,economy,active,4.07,1109,0.741,0.127,141.2
DRV_003364,Westville,2023-08-22,economy,active,4.41,1026,0.889,0.161,111.3
DRV_003365,Valleyford,2022-04-28,comfort,active,4.41,891,0.943,0.129,158.4
DRV_003366,Summit Town,2023-07-02,economy,active,4.02,480,0.937,0.164,165.3
DRV_003367,Northgate,2023-03-30,comfort,active,3.56,119,0.784,0.149,56.8
DRV_003368,Valleyford,2022-07-30,economy,churned,4.88,948,0.735,0.111,56.4
DRV_003369,Lakewood,2022-11-06,economy,suspended,4.25,751,0.824,0.068,43.9
DRV_003370,Ridgeline,2022-03-28,economy,active,4.66,308,0.751,0.068,168.0
DRV_003371,Summit Town,2023-12-22,comfort,active,4.1,122,0.805,0.16,54.7
DRV_003372,Summit Town,2022-06-23,comfort,churned,4.75,1059,0.859,0.029,110.2
DRV_003373,Southbrook,2022-08-14,economy,active,4.68,686,0.88,0.171,43.9
DRV_003374,Valleyford,2023-01-03,economy,churned,3.64,161,0.761,0.072,118.7
DRV_003375,Northgate,2023-05-06,economy,active,3.58,1046,0.764,0.138,93.5
DRV_003376,Metro City,2023-01-04,xl,churned,3.72,974,0.942,0.073,65.0
DRV_003377,Pinecrest,2023-01-04,economy,active,4.73,571,0.965,0.173,132.1
DRV_003378,Pinecrest,2023-03-02,economy,active,3.9,358,0.88,0.026,100.4
DRV_003379,Lakewood,2023-09-19,comfort,active,4.09,290,0.856,0.077,103.4
DRV_003380,Westville,2022-10-16,economy,active,4.37,805,0.884,0.159,175.1
DRV_003381,Metro City,2023-08-31,economy,active,4.48,335,0.736,0.064,77.2
DRV_003382,Valleyford,2023-07-29,xl,active,4.14,675,0.951,0.064,178.9
DRV_003383,Westville,2023-12-03,comfort,suspended,4.17,71,0.758,0.164,155.8
DRV_003384,Northgate,2023-10-29,economy,churned,3.99,714,0.888,0.153,54.1
DRV_003385,Northgate,2023-08-06,comfort,active,3.64,484,0.762,0.037,82.8
DRV_003386,Southbrook,2022-06-30,comfort,active,3.72,1177,0.898,0.113,77.2
DRV_003387,Westville,2023-07-20,economy,churned,4.83,828,0.911,0.056,139.6
DRV_003388,Valleyford,2023-06-22,xl,active,4.96,738,0.907,0.054,69.9
DRV_003389,Lakewood,2022-07-31,economy,active,4.74,562,0.82,0.118,71.9
DRV_003390,Westville,2023-05-10,economy,active,3.96,297,0.87,0.04,140.4
DRV_003391,Pinecrest,2022-07-04,economy,active,3.77,888,0.867,0.095,146.3
DRV_003392,Summit Town,2023-01-17,economy,churned,4.26,522,0.902,0.061,140.2
DRV_003393,Eastport,2023-08-05,comfort,active,3.64,232,0.84,0.157,104.4
DRV_003394,Westville,2022-05-18,economy,active,4.87,161,0.842,0.109,141.6
DRV_003395,Summit Town,2022-09-03,comfort,active,4.65,702,0.892,0.054,118.7
DRV_003396,Metro City,2023-08-04,economy,active,4.96,435,0.748,0.168,158.6
DRV_003397,Harbor City,2022-11-28,comfort,active,4.78,103,0.883,0.152,136.1
DRV_003398,Metro City,2023-12-03,economy,active,4.11,386,0.742,0.062,122.0
DRV_003399,Westville,2022-01-06,xl,active,3.97,1196,0.903,0.174,122.8
DRV_003400,Valleyford,2023-06-11,comfort,active,4.75,790,0.809,0.063,73.9
DRV_003401,Eastport,2023-08-18,economy,active,4.38,188,0.935,0.067,118.7
DRV_003402,Lakewood,2023-11-02,economy,active,4.82,1100,0.725,0.082,176.3
DRV_003403,Ridgeline,2022-04-25,economy,active,3.99,1183,0.829,0.046,171.9
DRV_003404,Harbor City,2023-12-20,economy,active,4.32,373,0.747,0.13,48.1
DRV_003405,Harbor City,2022-10-14,comfort,active,4.19,600,0.943,0.109,89.1
DRV_003406,Clearwater,2022-09-14,economy,active,3.77,1024,0.735,0.163,64.1
DRV_003407,Harbor City,2022-09-17,economy,active,4.31,609,0.836,0.059,145.8
DRV_003408,Harbor City,2023-04-11,economy,active,3.63,1057,0.729,0.047,114.0
DRV_003409,Valleyford,2023-04-27,economy,active,4.06,681,0.923,0.077,163.1
DRV_003410,Summit Town,2022-12-12,economy,suspended,4.3,777,0.779,0.043,49.3
DRV_003411,Westville,2022-02-21,comfort,active,3.72,986,0.866,0.171,123.2
DRV_003412,Metro City,2023-12-22,xl,active,4.63,853,0.748,0.135,102.7
DRV_003413,Westville,2022-06-12,economy,active,3.79,87,0.798,0.147,117.9
DRV_003414,Westville,2022-03-10,comfort,active,4.59,967,0.732,0.14,152.5
DRV_003415,Metro City,2023-03-13,comfort,active,3.54,143,0.854,0.059,156.7
DRV_003416,Valleyford,2022-10-29,economy,active,4.53,477,0.701,0.043,30.0
DRV_003417,Lakewood,2023-03-26,comfort,active,4.1,73,0.978,0.089,158.2
DRV_003418,Clearwater,2023-10-02,comfort,active,4.69,1184,0.817,0.153,177.1
DRV_003419,Northgate,2022-03-13,comfort,active,4.34,764,0.876,0.073,144.9
DRV_003420,Pinecrest,2022-07-27,economy,active,4.07,489,0.78,0.022,59.5
DRV_003421,Lakewood,2023-01-13,economy,active,4.5,1022,0.771,0.126,74.5
DRV_003422,Northgate,2023-07-30,economy,active,4.08,147,0.937,0.052,44.8
DRV_003423,Valleyford,2023-03-15,comfort,suspended,4.03,316,0.912,0.107,178.4
DRV_003424,Clearwater,2022-10-07,comfort,active,4.14,892,0.88,0.022,92.2
DRV_003425,Eastport,2023-03-22,comfort,active,4.57,1107,0.911,0.101,165.4
DRV_003426,Eastport,2023-12-17,comfort,active,4.42,435,0.749,0.083,145.5
DRV_003427,Pinecrest,2022-12-17,economy,active,4.87,835,0.962,0.161,83.2
DRV_003428,Lakewood,2023-10-07,economy,churned,3.5,81,0.827,0.135,68.9
DRV_003429,Harbor City,2023-07-24,economy,active,3.74,317,0.943,0.026,98.3
DRV_003430,Valleyford,2022-08-08,comfort,churned,4.24,255,0.906,0.146,80.2
DRV_003431,Pinecrest,2022-07-02,economy,active,4.5,623,0.78,0.147,113.5
DRV_003432,Southbrook,2023-07-17,economy,suspended,3.63,474,0.859,0.126,34.4
DRV_003433,Ridgeline,2022-06-01,economy,suspended,3.94,157,0.971,0.169,123.5
DRV_003434,Valleyford,2022-09-03,economy,active,4.98,294,0.71,0.149,163.1
DRV_003435,Westville,2022-06-21,xl,active,3.99,152,0.819,0.055,63.7
DRV_003436,Ridgeline,2023-03-19,economy,active,4.07,206,0.874,0.081,81.6
DRV_003437,Lakewood,2022-08-03,xl,active,3.86,810,0.795,0.076,166.8
DRV_003438,Clearwater,2023-04-26,comfort,active,3.53,236,0.789,0.101,134.5
DRV_003439,Northgate,2023-11-14,xl,active,3.93,119,0.91,0.173,32.0
DRV_003440,Eastport,2023-08-29,comfort,active,3.74,770,0.957,0.118,91.6
DRV_003441,Valleyford,2023-11-24,economy,active,4.07,907,0.851,0.07,48.2
DRV_003442,Ridgeline,2022-01-18,economy,active,3.85,197,0.965,0.171,65.3
DRV_003443,Eastport,2022-11-29,economy,active,4.11,471,0.728,0.132,145.1
DRV_003444,Ridgeline,2022-06-10,economy,churned,3.9,950,0.764,0.063,43.1
DRV_003445,Northgate,2023-11-02,economy,active,4.87,224,0.725,0.165,79.8
DRV_003446,Southbrook,2023-06-04,comfort,churned,3.94,1018,0.822,0.075,53.8
DRV_003447,Summit Town,2022-08-22,comfort,active,3.78,752,0.875,0.103,145.3
DRV_003448,Lakewood,2023-02-16,economy,active,4.64,882,0.756,0.097,88.2
DRV_003449,Summit Town,2023-03-18,economy,suspended,4.72,1008,0.826,0.168,102.3
DRV_003450,Summit Town,2022-12-28,comfort,churned,4.34,331,0.892,0.063,50.4
DRV_003451,Ridgeline,2022-12-13,economy,active,4.02,321,0.879,0.073,166.1
DRV_003452,Eastport,2022-02-10,economy,active,4.75,712,0.876,0.126,160.2
DRV_003453,Ridgeline,2022-11-27,comfort,active,4.5,954,0.87,0.162,148.3
DRV_003454,Westville,2022-09-12,economy,active,4.07,120,0.976,0.038,154.7
DRV_003455,Pinecrest,2023-08-21,economy,suspended,4.09,750,0.9,0.054,179.3
DRV_003456,Harbor City,2023-09-24,economy,active,3.5,1134,0.954,0.172,110.9
DRV_003457,Summit Town,2023-07-02,economy,churned,3.59,758,0.966,0.144,160.2
DRV_003458,Clearwater,2022-01-23,economy,active,3.7,58,0.941,0.075,161.5
DRV_003459,Westville,2023-09-07,comfort,active,3.87,238,0.727,0.077,102.0
DRV_003460,Summit Town,2022-10-17,comfort,active,4.89,304,0.848,0.095,56.5
DRV_003461,Ridgeline,2022-10-31,xl,active,4.73,485,0.807,0.128,115.2
DRV_003462,Clearwater,2023-11-21,economy,churned,3.56,145,0.727,0.11,147.7
DRV_003463,Clearwater,2023-09-26,economy,active,3.52,961,0.858,0.144,130.7
DRV_003464,Valleyford,2022-02-07,comfort,active,4.38,1193,0.76,0.029,137.6
DRV_003465,Pinecrest,2022-09-20,comfort,active,4.06,486,0.863,0.151,58.2
DRV_003466,Westville,2023-07-02,economy,active,4.7,96,0.929,0.029,45.7
DRV_003467,Eastport,2023-01-29,economy,active,4.96,803,0.81,0.161,76.1
DRV_003468,Ridgeline,2022-07-08,economy,active,4.24,51,0.966,0.027,111.3
DRV_003469,Summit Town,2023-01-19,comfort,active,3.77,452,0.915,0.04,62.2
DRV_003470,Ridgeline,2023-09-25,comfort,active,4.84,165,0.925,0.049,58.9
DRV_003471,Pinecrest,2022-06-13,economy,active,4.13,778,0.731,0.056,177.8
DRV_003472,Lakewood,2023-06-29,comfort,active,4.13,1063,0.964,0.084,143.3
DRV_003473,Lakewood,2023-06-21,comfort,churned,4.56,486,0.71,0.125,84.0
DRV_003474,Clearwater,2023-10-09,economy,active,4.05,510,0.936,0.163,48.4
DRV_003475,Ridgeline,2022-08-06,comfort,active,3.85,643,0.708,0.104,52.6
DRV_003476,Summit Town,2022-06-07,economy,active,4.61,1136,0.745,0.105,89.5
DRV_003477,Summit Town,2023-02-04,comfort,active,3.78,830,0.788,0.071,61.6
DRV_003478,Summit Town,2023-01-23,economy,active,3.56,1153,0.907,0.148,33.6
DRV_003479,Northgate,2022-10-26,comfort,active,4.25,402,0.952,0.038,151.1
DRV_003480,Metro City,2023-07-23,comfort,suspended,3.55,885,0.887,0.068,69.1
DRV_003481,Clearwater,2023-08-07,economy,active,4.69,1134,0.904,0.036,159.1
DRV_003482,Metro City,2022-06-29,xl,active,4.97,244,0.781,0.054,171.1
DRV_003483,Ridgeline,2023-08-04,comfort,suspended,4.92,542,0.973,0.114,102.6
DRV_003484,Metro City,2022-06-18,comfort,churned,3.72,1166,0.814,0.04,67.9
DRV_003485,Summit Town,2022-10-25,economy,active,4.9,648,0.956,0.036,126.2
DRV_003486,Northgate,2022-01-20,comfort,active,3.67,553,0.918,0.152,172.3
DRV_003487,Summit Town,2022-09-06,comfort,active,4.03,761,0.803,0.039,142.9
DRV_003488,Pinecrest,2023-12-01,economy,active,3.63,584,0.796,0.117,53.1
DRV_003489,Metro City,2022-11-20,economy,active,4.73,615,0.89,0.076,153.5
DRV_003490,Harbor City,2023-06-03,xl,active,3.84,782,0.963,0.163,114.5
DRV_003491,Metro City,2022-03-20,comfort,active,4.5,260,0.888,0.133,98.6
DRV_003492,Lakewood,2023-04-09,economy,active,4.64,873,0.94,0.03,57.3
DRV_003493,Pinecrest,2022-09-29,xl,churned,4.07,986,0.971,0.163,111.0
DRV_003494,Pinecrest,2023-06-28,economy,active,4.68,1156,0.792,0.086,140.8
DRV_003495,Harbor City,2023-11-09,comfort,active,3.99,921,0.851,0.068,86.7
DRV_003496,Northgate,2023-01-24,economy,active,3.72,1166,0.871,0.128,172.9
DRV_003497,Harbor City,2022-03-17,economy,active,4.19,646,0.761,0.135,55.4
DRV_003498,Summit Town,2022-12-14,economy,active,4.57,525,0.923,0.069,33.2
DRV_003499,Harbor City,2022-03-31,economy,active,3.56,850,0.773,0.076,106.1
DRV_003500,Eastport,2022-11-25,xl,active,4.71,213,0.898,0.045,55.6
DRV_003501,Valleyford,2022-02-14,xl,suspended,3.88,542,0.847,0.115,126.3
DRV_003502,Southbrook,2023-04-13,economy,churned,4.52,1102,0.934,0.173,95.0
DRV_003503,Clearwater,2022-08-15,xl,active,3.67,69,0.843,0.087,91.7
DRV_003504,Clearwater,2022-05-28,xl,active,4.08,186,0.864,0.179,98.2
DRV_003505,Metro City,2022-01-13,economy,active,4.2,804,0.751,0.048,48.2
DRV_003506,Valleyford,2023-10-11,economy,active,4.2,685,0.926,0.147,71.2
DRV_003507,Valleyford,2023-09-04,economy,active,3.91,931,0.813,0.168,97.2
DRV_003508,Westville,2023-08-16,economy,active,4.29,241,0.862,0.13,144.6
DRV_003509,Westville,2022-02-12,economy,active,3.92,543,0.937,0.037,162.7
DRV_003510,Metro City,2022-09-13,economy,active,3.75,462,0.834,0.072,70.7
DRV_003511,Southbrook,2023-12-11,comfort,active,3.7,1140,0.777,0.034,53.6
DRV_003512,Ridgeline,2023-02-27,comfort,active,4.84,659,0.774,0.116,84.8
DRV_003513,Summit Town,2022-04-04,economy,active,3.7,190,0.859,0.18,85.3
DRV_003514,Pinecrest,2022-04-13,economy,churned,4.09,860,0.782,0.08,98.0
DRV_003515,Ridgeline,2022-07-12,xl,active,3.88,757,0.795,0.046,121.8
DRV_003516,Clearwater,2023-12-11,economy,active,4.42,1171,0.766,0.063,93.4
DRV_003517,Metro City,2022-05-04,economy,active,4.02,512,0.825,0.111,68.1
DRV_003518,Metro City,2023-10-22,economy,churned,3.93,1106,0.831,0.111,42.2
DRV_003519,Metro City,2023-05-10,comfort,suspended,4.95,417,0.847,0.057,150.5
DRV_003520,Clearwater,2023-11-04,economy,active,5.0,648,0.866,0.14,140.8
DRV_003521,Northgate,2023-08-26,comfort,active,3.7,423,0.865,0.034,158.3
DRV_003522,Southbrook,2022-08-31,economy,active,4.54,409,0.803,0.12,58.4
DRV_003523,Lakewood,2023-08-28,economy,active,4.83,720,0.952,0.088,157.5
DRV_003524,Southbrook,2022-05-04,comfort,active,4.96,667,0.843,0.04,165.5
DRV_003525,Summit Town,2022-08-01,economy,active,3.95,1087,0.933,0.122,156.8
DRV_003526,Ridgeline,2022-06-04,comfort,active,4.68,471,0.856,0.128,35.7
DRV_003527,Pinecrest,2022-04-08,comfort,suspended,3.99,745,0.804,0.09,81.9
DRV_003528,Clearwater,2022-03-07,comfort,active,4.43,578,0.907,0.148,175.1
DRV_003529,Ridgeline,2022-05-17,xl,active,4.27,1050,0.75,0.101,110.8
DRV_003530,Southbrook,2022-03-29,economy,active,4.56,1101,0.972,0.066,145.4
DRV_003531,Lakewood,2022-10-05,economy,churned,4.87,389,0.86,0.173,76.3
DRV_003532,Metro City,2022-02-22,economy,churned,3.67,641,0.729,0.171,97.1
DRV_003533,Northgate,2022-02-14,xl,active,3.83,468,0.818,0.035,87.5
DRV_003534,Ridgeline,2023-12-24,comfort,active,4.38,97,0.9,0.171,149.5
DRV_003535,Northgate,2022-03-06,xl,churned,4.04,1060,0.719,0.144,52.4
DRV_003536,Harbor City,2022-02-24,xl,active,4.34,836,0.773,0.037,99.0
DRV_003537,Lakewood,2022-01-22,xl,active,4.67,1132,0.959,0.103,163.1
DRV_003538,Summit Town,2022-04-07,economy,active,4.55,373,0.8,0.026,159.6
DRV_003539,Summit Town,2023-01-21,economy,active,4.65,437,0.745,0.114,152.2
DRV_003540,Harbor City,2023-08-27,economy,active,3.74,295,0.728,0.169,45.9
DRV_003541,Northgate,2023-06-21,economy,churned,3.55,455,0.873,0.079,117.0
DRV_003542,Ridgeline,2023-02-28,economy,active,4.81,931,0.856,0.101,78.4
DRV_003543,Summit Town,2022-03-04,xl,active,4.18,1024,0.881,0.056,175.7
DRV_003544,Clearwater,2023-07-20,comfort,active,4.45,240,0.968,0.107,116.6
DRV_003545,Southbrook,2022-01-28,comfort,active,3.61,99,0.717,0.148,165.2
DRV_003546,Northgate,2023-04-06,comfort,active,4.56,750,0.755,0.054,57.0
DRV_003547,Ridgeline,2022-10-26,economy,active,3.65,219,0.765,0.109,154.0
DRV_003548,Metro City,2023-10-06,economy,active,4.68,989,0.82,0.077,92.2
DRV_003549,Southbrook,2022-08-13,comfort,churned,3.59,168,0.734,0.14,102.8
DRV_003550,Pinecrest,2023-04-12,economy,churned,3.62,395,0.815,0.132,153.4
DRV_003551,Harbor City,2022-11-18,economy,active,4.01,428,0.929,0.132,59.9
DRV_003552,Pinecrest,2023-01-17,economy,active,3.82,593,0.746,0.08,54.4
DRV_003553,Harbor City,2023-11-17,comfort,active,4.98,1035,0.957,0.116,37.8
DRV_003554,Clearwater,2023-06-05,economy,churned,4.18,714,0.955,0.124,111.0
DRV_003555,Ridgeline,2022-10-30,xl,active,4.2,379,0.844,0.129,134.8
DRV_003556,Eastport,2022-11-23,economy,suspended,3.57,787,0.941,0.112,169.3
DRV_003557,Clearwater,2023-05-30,economy,churned,4.24,639,0.899,0.159,145.3
DRV_003558,Lakewood,2022-09-10,economy,suspended,3.6,1167,0.8,0.06,122.8
DRV_003559,Metro City,2022-05-03,economy,active,4.44,1152,0.857,0.029,106.3
DRV_003560,Metro City,2022-12-08,comfort,churned,4.97,1072,0.733,0.174,98.5
DRV_003561,Ridgeline,2022-02-19,comfort,active,3.99,245,0.839,0.03,95.6
DRV_003562,Pinecrest,2022-05-04,economy,churned,4.71,290,0.932,0.164,150.9
DRV_003563,Eastport,2022-11-04,economy,active,4.95,263,0.864,0.118,83.5
DRV_003564,Eastport,2023-08-05,economy,active,4.95,677,0.807,0.167,77.2
DRV_003565,Southbrook,2023-07-25,comfort,churned,4.62,985,0.886,0.11,163.9
DRV_003566,Harbor City,2022-07-10,comfort,active,4.8,231,0.974,0.151,160.7
DRV_003567,Metro City,2022-11-05,xl,suspended,4.03,1167,0.719,0.135,140.5
DRV_003568,Harbor City,2022-04-23,economy,active,4.38,119,0.793,0.104,128.2
DRV_003569,Westville,2023-07-06,economy,active,4.49,647,0.744,0.078,84.6
DRV_003570,Southbrook,2022-06-29,economy,active,3.83,473,0.968,0.02,144.9
DRV_003571,Southbrook,2023-08-07,comfort,active,3.97,1101,0.853,0.06,147.8
DRV_003572,Metro City,2023-09-07,comfort,active,4.04,417,0.736,0.172,105.8
DRV_003573,Metro City,2023-05-19,comfort,active,3.6,263,0.871,0.064,88.2
DRV_003574,Ridgeline,2022-08-30,economy,churned,4.18,706,0.84,0.14,47.8
DRV_003575,Southbrook,2023-11-27,comfort,active,4.68,110,0.717,0.101,116.8
DRV_003576,Harbor City,2023-05-16,comfort,active,4.47,787,0.942,0.069,108.1
DRV_003577,Eastport,2023-04-17,economy,active,4.44,219,0.899,0.179,125.6
DRV_003578,Eastport,2023-09-18,xl,active,4.41,493,0.701,0.028,32.0
DRV_003579,Northgate,2023-10-06,economy,active,3.53,723,0.969,0.113,123.7
DRV_003580,Ridgeline,2022-02-26,economy,active,3.5,1047,0.745,0.094,153.4
DRV_003581,Lakewood,2023-10-06,economy,active,3.75,845,0.7,0.032,118.3
DRV_003582,Summit Town,2023-07-13,economy,active,4.87,1018,0.82,0.054,97.8
DRV_003583,Clearwater,2022-05-31,economy,active,4.79,981,0.739,0.131,179.4
DRV_003584,Summit Town,2022-08-13,comfort,active,4.37,879,0.86,0.037,122.1
DRV_003585,Westville,2023-07-04,economy,active,4.08,433,0.787,0.148,149.7
DRV_003586,Clearwater,2022-06-08,comfort,active,4.95,453,0.752,0.12,63.3
DRV_003587,Metro City,2022-11-27,economy,active,3.6,1049,0.976,0.036,59.1
DRV_003588,Valleyford,2023-05-18,economy,active,3.65,328,0.793,0.066,168.5
DRV_003589,Harbor City,2023-04-20,xl,active,4.43,1042,0.816,0.042,169.1
DRV_003590,Valleyford,2023-10-27,xl,active,4.32,183,0.782,0.148,49.2
DRV_003591,Lakewood,2022-03-23,economy,active,4.97,1001,0.934,0.105,174.5
DRV_003592,Pinecrest,2022-08-04,economy,active,4.7,338,0.755,0.02,139.4
DRV_003593,Northgate,2023-12-20,economy,churned,4.91,883,0.736,0.107,74.9
DRV_003594,Southbrook,2023-02-20,economy,active,4.58,1152,0.947,0.097,62.7
DRV_003595,Summit Town,2022-07-01,economy,active,4.89,1106,0.751,0.123,127.7
DRV_003596,Eastport,2022-07-31,economy,active,4.53,530,0.94,0.026,44.6
DRV_003597,Ridgeline,2022-09-05,economy,churned,4.29,217,0.862,0.026,136.6
DRV_003598,Valleyford,2023-02-09,economy,churned,4.37,528,0.931,0.076,153.3
DRV_003599,Eastport,2022-07-27,economy,active,4.85,745,0.72,0.13,106.3
DRV_003600,Ridgeline,2023-03-30,economy,active,3.66,591,0.97,0.127,153.8
DRV_003601,Harbor City,2022-11-22,economy,suspended,4.35,929,0.784,0.065,131.2
DRV_003602,Valleyford,2023-03-22,economy,active,4.09,795,0.716,0.055,116.8
DRV_003603,Ridgeline,2022-04-24,economy,active,4.49,84,0.914,0.129,94.0
DRV_003604,Summit Town,2023-04-01,comfort,active,4.41,1108,0.75,0.024,127.9
DRV_003605,Harbor City,2023-11-07,economy,active,4.1,362,0.798,0.109,176.2
DRV_003606,Southbrook,2022-04-09,comfort,active,4.53,181,0.867,0.088,47.7
DRV_003607,Harbor City,2022-08-28,xl,active,4.3,329,0.719,0.058,55.3
DRV_003608,Clearwater,2023-05-22,xl,active,3.78,993,0.757,0.103,129.5
DRV_003609,Metro City,2023-03-27,economy,active,4.46,958,0.837,0.055,177.7
DRV_003610,Metro City,2023-05-08,xl,churned,3.54,566,0.818,0.11,104.9
DRV_003611,Westville,2023-02-13,xl,active,4.73,638,0.856,0.044,89.4
DRV_003612,Northgate,2023-05-14,economy,suspended,4.86,365,0.904,0.085,174.1
DRV_003613,Ridgeline,2023-03-21,xl,active,3.62,1182,0.799,0.102,71.8
DRV_003614,Lakewood,2022-02-24,xl,active,3.89,675,0.813,0.025,79.3
DRV_003615,Harbor City,2023-07-03,comfort,active,3.69,187,0.776,0.118,93.3
DRV_003616,Summit Town,2022-11-23,comfort,active,4.66,671,0.795,0.14,107.9
DRV_003617,Metro City,2022-02-07,xl,active,3.61,129,0.714,0.173,38.1
DRV_003618,Summit Town,2022-10-26,economy,active,4.31,203,0.862,0.053,90.4
DRV_003619,Northgate,2022-11-14,comfort,active,4.08,299,0.748,0.053,117.4
DRV_003620,Harbor City,2022-03-05,xl,suspended,4.63,161,0.901,0.069,48.6
DRV_003621,Westville,2023-12-29,economy,active,4.46,1035,0.712,0.163,99.2
DRV_003622,Harbor City,2022-06-12,economy,active,4.32,770,0.717,0.085,76.1
DRV_003623,Eastport,2022-08-30,economy,churned,4.26,627,0.78,0.068,46.7
DRV_003624,Lakewood,2022-11-18,xl,active,4.66,895,0.823,0.139,167.4
DRV_003625,Eastport,2023-08-31,comfort,active,4.22,754,0.894,0.026,83.7
DRV_003626,Clearwater,2023-06-27,economy,active,4.13,757,0.894,0.108,103.9
DRV_003627,Ridgeline,2023-07-17,economy,active,3.54,699,0.973,0.092,108.7
DRV_003628,Clearwater,2022-06-23,comfort,active,3.9,455,0.798,0.12,54.9
DRV_003629,Summit Town,2023-09-10,economy,active,4.05,50,0.717,0.137,115.0
DRV_003630,Northgate,2023-08-29,xl,active,4.37,689,0.941,0.072,66.9
DRV_003631,Lakewood,2022-12-05,economy,active,4.51,946,0.905,0.122,120.8
DRV_003632,Metro City,2023-02-03,comfort,active,4.94,1092,0.719,0.104,47.6
DRV_003633,Summit Town,2022-01-28,xl,active,3.92,323,0.723,0.041,148.8
DRV_003634,Metro City,2023-07-10,comfort,active,4.32,1112,0.833,0.161,159.5
DRV_003635,Westville,2023-12-03,economy,active,4.63,107,0.796,0.141,177.1
DRV_003636,Clearwater,2022-12-11,comfort,active,3.97,317,0.867,0.167,164.3
DRV_003637,Southbrook,2023-01-30,xl,active,4.32,1024,0.761,0.135,129.6
DRV_003638,Pinecrest,2022-12-31,xl,active,4.13,159,0.969,0.059,51.7
DRV_003639,Ridgeline,2022-03-02,economy,active,4.1,597,0.843,0.089,43.1
DRV_003640,Eastport,2023-03-29,economy,active,3.59,801,0.91,0.082,41.9
DRV_003641,Ridgeline,2023-06-11,comfort,active,3.54,98,0.735,0.026,156.0
DRV_003642,Pinecrest,2023-11-09,economy,active,3.94,250,0.873,0.086,144.7
DRV_003643,Westville,2023-11-10,economy,active,4.87,491,0.942,0.075,63.4
DRV_003644,Southbrook,2022-12-26,economy,active,3.79,971,0.706,0.021,65.5
DRV_003645,Westville,2023-12-02,comfort,active,3.59,924,0.851,0.156,44.5
DRV_003646,Ridgeline,2023-01-21,economy,suspended,4.43,372,0.769,0.043,175.8
DRV_003647,Westville,2023-04-14,economy,suspended,4.94,509,0.834,0.1,67.7
DRV_003648,Ridgeline,2023-03-16,xl,suspended,3.59,223,0.928,0.146,157.2
DRV_003649,Pinecrest,2023-12-31,economy,active,4.62,563,0.893,0.117,144.8
DRV_003650,Pinecrest,2023-06-23,comfort,active,3.66,988,0.911,0.047,150.3
DRV_003651,Metro City,2022-03-29,economy,active,3.7,153,0.759,0.119,124.3
DRV_003652,Northgate,2022-02-22,economy,active,4.9,289,0.933,0.141,62.0
DRV_003653,Clearwater,2022-10-27,economy,active,4.55,389,0.872,0.157,63.0
DRV_003654,Summit Town,2023-01-12,comfort,churned,4.34,60,0.719,0.071,170.0
DRV_003655,Westville,2023-05-04,comfort,active,3.75,1092,0.942,0.025,113.0
DRV_003656,Clearwater,2022-12-18,comfort,suspended,4.34,995,0.716,0.117,130.6
DRV_003657,Westville,2023-01-11,economy,active,3.59,427,0.708,0.056,109.6
DRV_003658,Metro City,2023-11-04,economy,active,4.09,157,0.933,0.145,81.4
DRV_003659,Westville,2022-09-02,economy,active,4.56,626,0.704,0.129,135.7
DRV_003660,Pinecrest,2022-12-27,economy,active,4.35,532,0.725,0.144,158.9
DRV_003661,Summit Town,2023-02-11,economy,active,4.51,214,0.705,0.175,65.1
DRV_003662,Harbor City,2022-12-08,xl,active,3.67,505,0.946,0.114,54.4
DRV_003663,Eastport,2023-12-08,comfort,churned,4.64,1105,0.713,0.165,39.9
DRV_003664,Harbor City,2023-12-04,economy,active,4.93,214,0.804,0.123,165.5
DRV_003665,Lakewood,2023-01-10,economy,active,4.86,1057,0.761,0.049,133.1
DRV_003666,Westville,2022-11-25,economy,active,3.63,90,0.796,0.148,136.6
DRV_003667,Southbrook,2023-03-06,comfort,active,3.65,564,0.781,0.131,38.2
DRV_003668,Harbor City,2022-05-13,economy,active,4.27,147,0.949,0.176,89.8
DRV_003669,Valleyford,2022-11-07,economy,active,4.29,847,0.915,0.059,38.6
DRV_003670,Pinecrest,2022-06-08,xl,active,4.79,541,0.948,0.073,133.3
DRV_003671,Eastport,2022-04-16,economy,active,4.05,751,0.902,0.151,81.4
DRV_003672,Metro City,2022-03-11,economy,active,4.27,1150,0.792,0.03,177.1
DRV_003673,Summit Town,2023-03-05,economy,active,3.81,1059,0.752,0.121,138.1
DRV_003674,Lakewood,2022-01-01,economy,active,4.92,883,0.848,0.106,51.4
DRV_003675,Southbrook,2023-04-17,economy,churned,3.68,452,0.8,0.047,57.3
DRV_003676,Ridgeline,2022-11-12,economy,active,4.86,872,0.88,0.046,48.3
DRV_003677,Eastport,2022-09-25,economy,active,4.84,672,0.711,0.15,67.4
DRV_003678,Westville,2023-07-16,comfort,suspended,3.58,820,0.9,0.022,175.7
DRV_003679,Harbor City,2023-01-29,xl,active,4.66,844,0.784,0.139,177.8
DRV_003680,Summit Town,2023-06-20,economy,active,4.01,934,0.829,0.137,73.0
DRV_003681,Southbrook,2023-06-02,comfort,suspended,3.84,893,0.974,0.124,66.6
DRV_003682,Pinecrest,2022-01-24,economy,active,4.1,658,0.76,0.086,68.5
DRV_003683,Lakewood,2022-06-07,economy,suspended,4.89,272,0.733,0.025,105.9
DRV_003684,Pinecrest,2023-02-21,economy,churned,4.1,1183,0.759,0.148,102.3
DRV_003685,Pinecrest,2023-12-14,economy,active,3.86,133,0.798,0.04,97.3
DRV_003686,Lakewood,2022-04-23,comfort,active,4.29,748,0.85,0.065,41.9
DRV_003687,Lakewood,2022-03-19,comfort,churned,4.11,310,0.974,0.171,68.8
DRV_003688,Westville,2023-11-18,economy,active,3.53,775,0.944,0.068,98.1
DRV_003689,Valleyford,2023-12-07,comfort,active,3.78,568,0.9,0.061,62.3
DRV_003690,Clearwater,2022-05-03,economy,active,3.53,74,0.902,0.176,123.7
DRV_003691,Metro City,2022-10-21,economy,active,4.28,1121,0.779,0.034,53.1
DRV_003692,Metro City,2023-04-03,economy,churned,4.46,917,0.96,0.046,83.9
DRV_003693,Ridgeline,2022-05-23,comfort,active,4.58,435,0.851,0.09,143.8
DRV_003694,Valleyford,2022-08-27,economy,suspended,3.81,459,0.746,0.146,118.7
DRV_003695,Harbor City,2022-10-16,xl,active,4.71,688,0.966,0.161,166.9
DRV_003696,Eastport,2023-04-14,economy,active,4.12,939,0.842,0.141,73.3
DRV_003697,Pinecrest,2022-08-13,xl,active,3.57,1188,0.744,0.176,31.5
DRV_003698,Pinecrest,2022-10-28,economy,churned,4.89,1024,0.906,0.023,105.9
DRV_003699,Harbor City,2022-07-31,xl,active,4.54,137,0.765,0.119,63.2
DRV_003700,Lakewood,2023-07-09,economy,active,4.34,75,0.753,0.039,48.5
DRV_003701,Harbor City,2022-04-22,economy,active,3.56,259,0.775,0.166,32.7
DRV_003702,Lakewood,2022-06-18,economy,active,3.52,492,0.862,0.17,118.0
DRV_003703,Valleyford,2022-07-02,economy,active,4.35,102,0.782,0.068,87.9
DRV_003704,Summit Town,2023-10-24,comfort,active,4.82,1090,0.711,0.152,78.5
DRV_003705,Pinecrest,2023-11-21,xl,active,4.47,805,0.808,0.121,87.2
DRV_003706,Summit Town,2023-01-01,economy,active,3.51,197,0.766,0.036,144.5
DRV_003707,Clearwater,2022-04-25,economy,active,4.46,1038,0.843,0.116,64.8
DRV_003708,Metro City,2023-07-06,economy,active,4.02,905,0.829,0.176,106.5
DRV_003709,Lakewood,2022-12-26,xl,churned,3.68,402,0.722,0.069,179.1
DRV_003710,Clearwater,2023-09-13,economy,active,4.72,421,0.769,0.02,37.5
DRV_003711,Lakewood,2022-09-20,economy,active,4.36,853,0.779,0.176,128.6
DRV_003712,Metro City,2023-12-31,economy,active,4.59,635,0.836,0.086,132.4
DRV_003713,Metro City,2023-08-13,economy,active,3.75,1150,0.93,0.089,93.4
DRV_003714,Ridgeline,2022-06-13,economy,churned,3.67,1089,0.761,0.134,151.1
DRV_003715,Clearwater,2023-06-14,comfort,active,4.27,1126,0.744,0.117,130.7
DRV_003716,Valleyford,2022-07-29,economy,active,4.29,777,0.7,0.068,136.8
DRV_003717,Clearwater,2022-09-13,xl,active,4.37,937,0.87,0.036,49.4
DRV_003718,Northgate,2022-07-02,comfort,active,4.62,548,0.791,0.152,112.1
DRV_003719,Summit Town,2023-05-14,economy,active,4.5,918,0.888,0.097,55.1
DRV_003720,Pinecrest,2022-07-11,economy,active,4.51,851,0.893,0.128,42.0
DRV_003721,Eastport,2023-04-12,economy,active,3.76,634,0.713,0.158,93.7
DRV_003722,Ridgeline,2023-03-02,economy,active,4.13,306,0.817,0.023,44.8
DRV_003723,Metro City,2023-07-03,comfort,active,4.4,1158,0.971,0.158,30.1
DRV_003724,Lakewood,2023-12-27,economy,active,4.28,64,0.777,0.14,175.7
DRV_003725,Eastport,2022-01-07,economy,active,3.96,178,0.848,0.171,161.5
DRV_003726,Clearwater,2023-12-24,xl,active,4.92,761,0.851,0.057,57.9
DRV_003727,Westville,2022-03-21,economy,active,3.71,495,0.773,0.072,52.5
DRV_003728,Pinecrest,2023-01-20,economy,active,4.96,1040,0.918,0.126,81.5
DRV_003729,Harbor City,2022-09-06,economy,active,4.67,106,0.701,0.168,46.9
DRV_003730,Valleyford,2023-04-12,xl,active,4.39,854,0.764,0.179,80.8
DRV_003731,Northgate,2023-06-11,economy,active,3.69,324,0.866,0.087,135.8
DRV_003732,Metro City,2023-09-20,comfort,active,4.35,647,0.957,0.106,65.9
DRV_003733,Ridgeline,2022-10-21,comfort,suspended,3.63,550,0.703,0.047,146.8
DRV_003734,Eastport,2023-11-13,economy,active,4.9,214,0.868,0.131,168.4
DRV_003735,Pinecrest,2022-08-24,economy,active,3.93,531,0.701,0.154,35.7
DRV_003736,Ridgeline,2022-05-29,economy,active,4.1,147,0.874,0.148,111.1
DRV_003737,Lakewood,2022-10-04,economy,active,4.46,1032,0.815,0.075,41.5
DRV_003738,Valleyford,2023-01-21,comfort,active,3.53,371,0.822,0.174,112.7
DRV_003739,Eastport,2023-05-03,comfort,active,4.31,169,0.971,0.039,35.6
DRV_003740,Valleyford,2023-08-31,comfort,active,4.57,1157,0.891,0.099,104.6
DRV_003741,Ridgeline,2022-06-14,xl,active,3.81,755,0.755,0.109,94.0
DRV_003742,Lakewood,2022-08-10,xl,active,3.73,581,0.979,0.106,173.6
DRV_003743,Harbor City,2023-11-17,xl,active,4.23,605,0.772,0.141,57.3
DRV_003744,Valleyford,2022-11-18,comfort,active,4.3,975,0.892,0.118,46.3
DRV_003745,Southbrook,2022-06-26,economy,churned,4.16,516,0.89,0.032,41.0
DRV_003746,Clearwater,2023-12-21,economy,active,3.94,64,0.938,0.049,50.9
DRV_003747,Summit Town,2022-11-24,economy,active,4.11,821,0.812,0.105,117.9
DRV_003748,Ridgeline,2023-12-21,xl,active,3.97,593,0.895,0.131,176.0
DRV_003749,Lakewood,2023-11-03,economy,active,3.87,189,0.875,0.102,119.4
DRV_003750,Westville,2023-10-24,economy,active,4.21,333,0.822,0.077,127.8
DRV_003751,Southbrook,2023-03-01,economy,active,4.09,479,0.956,0.028,122.3
DRV_003752,Ridgeline,2023-08-06,economy,active,4.15,1145,0.771,0.146,56.3
DRV_003753,Northgate,2023-12-03,xl,active,3.5,984,0.763,0.1,171.7
DRV_003754,Northgate,2022-07-16,xl,suspended,4.54,278,0.877,0.106,178.8
DRV_003755,Metro City,2022-01-28,economy,active,3.57,300,0.753,0.095,53.4
DRV_003756,Southbrook,2022-08-23,comfort,active,3.81,107,0.932,0.062,67.3
DRV_003757,Northgate,2023-04-10,comfort,active,4.71,288,0.795,0.064,115.5
DRV_003758,Clearwater,2023-02-04,economy,suspended,4.98,236,0.818,0.03,167.9
DRV_003759,Metro City,2022-02-28,economy,suspended,4.99,652,0.891,0.133,117.1
DRV_003760,Summit Town,2023-02-14,economy,churned,4.39,122,0.948,0.063,86.6
DRV_003761,Ridgeline,2022-05-08,economy,active,3.89,680,0.893,0.068,87.0
DRV_003762,Pinecrest,2023-01-05,comfort,active,4.75,412,0.726,0.179,90.0
DRV_003763,Pinecrest,2023-02-25,economy,churned,4.48,828,0.795,0.082,169.6
DRV_003764,Northgate,2023-04-10,xl,suspended,4.98,1195,0.91,0.102,145.7
DRV_003765,Pinecrest,2022-10-29,comfort,suspended,4.32,1144,0.954,0.082,150.1
DRV_003766,Northgate,2022-10-26,economy,active,4.29,1120,0.877,0.066,36.5
DRV_003767,Northgate,2023-05-11,economy,churned,3.57,704,0.867,0.021,76.4
DRV_003768,Metro City,2023-07-01,economy,active,3.79,707,0.806,0.157,147.5
DRV_003769,Summit Town,2023-08-13,xl,active,4.5,724,0.834,0.096,47.8
DRV_003770,Metro City,2022-09-01,economy,churned,4.99,1005,0.821,0.135,69.2
DRV_003771,Southbrook,2022-11-06,xl,active,4.21,354,0.715,0.173,153.4
DRV_003772,Metro City,2022-08-30,comfort,churned,3.54,509,0.706,0.02,113.8
DRV_003773,Summit Town,2023-01-21,comfort,active,4.1,441,0.873,0.128,111.6
DRV_003774,Pinecrest,2022-04-03,comfort,active,3.69,1074,0.843,0.039,74.3
DRV_003775,Harbor City,2022-11-10,comfort,active,4.94,292,0.769,0.093,43.9
DRV_003776,Eastport,2022-05-18,economy,active,3.71,291,0.95,0.155,159.8
DRV_003777,Clearwater,2023-01-24,economy,churned,3.68,469,0.758,0.031,57.2
DRV_003778,Metro City,2023-09-13,economy,active,4.19,513,0.896,0.178,109.0
DRV_003779,Lakewood,2023-12-21,comfort,suspended,4.31,865,0.921,0.113,118.9
DRV_003780,Summit Town,2022-11-22,economy,active,4.58,188,0.935,0.083,101.6
DRV_003781,Southbrook,2022-02-11,economy,active,4.05,295,0.935,0.023,152.0
DRV_003782,Pinecrest,2022-06-16,economy,churned,4.85,1127,0.922,0.114,30.8
DRV_003783,Metro City,2022-03-18,economy,churned,4.4,787,0.828,0.099,84.4
DRV_003784,Ridgeline,2023-07-09,economy,active,3.57,438,0.875,0.054,135.0
DRV_003785,Ridgeline,2023-12-20,comfort,churned,3.55,1168,0.94,0.098,37.2
DRV_003786,Harbor City,2023-02-09,comfort,active,4.2,332,0.818,0.022,168.1
DRV_003787,Harbor City,2022-05-10,economy,active,4.16,784,0.888,0.18,86.8
DRV_003788,Summit Town,2022-01-16,economy,active,4.18,305,0.745,0.073,119.3
DRV_003789,Pinecrest,2023-12-14,economy,suspended,3.59,838,0.858,0.097,31.4
DRV_003790,Ridgeline,2022-08-19,economy,churned,3.58,595,0.739,0.146,110.9
DRV_003791,Westville,2022-03-23,xl,active,3.59,211,0.885,0.134,61.0
DRV_003792,Metro City,2022-05-10,economy,active,4.6,629,0.806,0.162,80.4
DRV_003793,Metro City,2022-07-06,economy,active,4.4,566,0.764,0.171,170.7
DRV_003794,Ridgeline,2023-04-24,economy,churned,3.7,823,0.801,0.05,137.7
DRV_003795,Harbor City,2023-10-14,comfort,churned,4.15,1081,0.896,0.082,126.9
DRV_003796,Lakewood,2022-07-20,comfort,active,4.91,980,0.954,0.13,178.3
DRV_003797,Pinecrest,2023-05-17,economy,suspended,3.6,431,0.703,0.027,56.8
DRV_003798,Summit Town,2022-02-17,economy,active,3.78,858,0.747,0.135,39.1
DRV_003799,Northgate,2022-01-08,xl,active,4.08,686,0.898,0.021,145.3
DRV_003800,Lakewood,2022-02-10,economy,active,3.85,616,0.859,0.166,33.5
DRV_003801,Metro City,2023-11-05,economy,active,3.74,297,0.789,0.135,146.9
DRV_003802,Valleyford,2023-03-01,economy,active,4.96,666,0.882,0.11,105.9
DRV_003803,Metro City,2023-08-11,economy,active,4.65,436,0.943,0.089,64.0
DRV_003804,Valleyford,2022-01-16,economy,churned,4.59,1171,0.772,0.178,126.0
DRV_003805,Valleyford,2022-01-17,economy,active,4.9,578,0.836,0.138,104.1
DRV_003806,Metro City,2023-09-12,comfort,active,3.78,564,0.706,0.149,58.4
DRV_003807,Summit Town,2022-03-16,comfort,active,4.83,140,0.965,0.152,150.9
DRV_003808,Summit Town,2022-04-24,xl,churned,4.97,419,0.924,0.023,73.4
DRV_003809,Southbrook,2023-01-14,xl,active,4.38,1186,0.841,0.029,66.8
DRV_003810,Harbor City,2023-03-19,xl,churned,4.85,792,0.978,0.052,134.3
DRV_003811,Valleyford,2022-06-17,economy,active,4.72,899,0.762,0.125,92.9
DRV_003812,Valleyford,2022-11-21,economy,active,3.98,823,0.908,0.12,81.5
DRV_003813,Metro City,2023-05-08,economy,active,4.0,597,0.915,0.072,114.0
DRV_003814,Ridgeline,2022-11-20,xl,active,4.51,1128,0.933,0.176,128.9
DRV_003815,Westville,2022-10-07,comfort,suspended,4.33,406,0.892,0.035,48.7
DRV_003816,Lakewood,2022-02-22,comfort,active,4.08,455,0.753,0.144,164.3
DRV_003817,Summit Town,2022-11-26,economy,active,3.57,884,0.726,0.097,85.9
DRV_003818,Northgate,2023-08-10,xl,active,3.53,636,0.751,0.087,59.3
DRV_003819,Harbor City,2023-04-03,economy,active,3.65,495,0.94,0.024,49.4
DRV_003820,Eastport,2023-10-14,comfort,active,4.11,767,0.813,0.136,164.9
DRV_003821,Summit Town,2022-04-03,comfort,active,3.54,999,0.853,0.143,39.5
DRV_003822,Pinecrest,2022-01-09,economy,active,3.72,865,0.707,0.071,136.3
DRV_003823,Eastport,2023-02-05,economy,active,4.95,544,0.838,0.103,33.1
DRV_003824,Metro City,2022-05-11,xl,churned,4.18,96,0.815,0.117,161.8
DRV_003825,Valleyford,2023-03-10,economy,active,4.9,975,0.85,0.079,166.6
DRV_003826,Eastport,2023-10-22,economy,churned,3.78,1085,0.805,0.118,70.1
DRV_003827,Valleyford,2022-09-04,xl,active,4.04,901,0.721,0.089,39.3
DRV_003828,Harbor City,2023-02-06,economy,active,4.51,254,0.712,0.16,35.9
DRV_003829,Clearwater,2023-05-13,xl,active,4.98,1046,0.966,0.135,173.7
DRV_003830,Eastport,2022-04-20,xl,active,4.55,308,0.869,0.038,126.2
DRV_003831,Northgate,2023-10-18,economy,active,4.85,1051,0.88,0.148,172.9
DRV_003832,Harbor City,2022-05-29,economy,active,3.57,848,0.956,0.074,102.1
DRV_003833,Clearwater,2023-08-14,economy,churned,3.96,625,0.854,0.17,150.3
DRV_003834,Southbrook,2023-04-27,economy,active,4.82,278,0.872,0.117,172.3
DRV_003835,Ridgeline,2022-04-13,economy,churned,4.28,539,0.846,0.024,67.7
DRV_003836,Northgate,2023-06-14,xl,active,3.75,203,0.749,0.137,43.5
DRV_003837,Pinecrest,2022-05-24,xl,active,3.75,863,0.787,0.041,72.1
DRV_003838,Pinecrest,2023-03-14,economy,active,4.64,1141,0.948,0.16,112.2
DRV_003839,Westville,2023-12-02,economy,active,3.74,1008,0.824,0.172,134.3
DRV_003840,Eastport,2023-11-27,economy,active,4.25,789,0.757,0.131,176.4
DRV_003841,Harbor City,2023-09-29,comfort,active,3.77,1174,0.932,0.105,147.7
DRV_003842,Eastport,2022-12-27,economy,active,3.81,1139,0.724,0.116,43.1
DRV_003843,Eastport,2023-02-13,economy,active,4.1,1190,0.879,0.089,168.1
DRV_003844,Eastport,2022-08-08,economy,churned,3.68,122,0.896,0.033,156.7
DRV_003845,Pinecrest,2023-11-04,comfort,active,4.49,1170,0.785,0.169,62.3
DRV_003846,Eastport,2022-12-15,comfort,active,3.75,90,0.747,0.073,163.8
DRV_003847,Summit Town,2023-07-18,xl,active,4.63,502,0.826,0.07,64.1
DRV_003848,Metro City,2022-09-20,economy,active,4.28,371,0.911,0.051,108.7
DRV_003849,Northgate,2023-06-25,economy,active,4.02,1029,0.948,0.179,145.4
DRV_003850,Pinecrest,2022-06-13,economy,suspended,4.42,94,0.928,0.171,44.4
DRV_003851,Lakewood,2023-06-20,economy,active,4.11,1152,0.731,0.076,136.1
DRV_003852,Harbor City,2022-02-03,comfort,active,3.62,554,0.762,0.062,107.7
DRV_003853,Metro City,2022-03-18,economy,churned,3.96,142,0.873,0.149,106.4
DRV_003854,Metro City,2022-09-15,comfort,churned,4.29,1155,0.899,0.088,122.8
DRV_003855,Eastport,2022-12-18,economy,active,3.66,109,0.702,0.175,41.4
DRV_003856,Lakewood,2023-06-04,economy,active,4.6,460,0.74,0.164,49.1
DRV_003857,Harbor City,2022-09-20,economy,active,4.03,352,0.726,0.142,56.5
DRV_003858,Clearwater,2022-01-14,xl,suspended,3.81,892,0.796,0.034,52.7
DRV_003859,Westville,2022-08-26,economy,active,3.51,324,0.891,0.132,97.4
DRV_003860,Lakewood,2022-11-17,comfort,suspended,3.63,793,0.964,0.178,120.0
DRV_003861,Southbrook,2023-02-01,xl,active,3.86,153,0.725,0.08,50.1
DRV_003862,Summit Town,2023-04-16,economy,active,4.05,87,0.842,0.161,141.7
DRV_003863,Summit Town,2022-06-30,economy,active,3.73,134,0.804,0.085,157.3
DRV_003864,Westville,2023-03-22,comfort,active,4.32,316,0.812,0.175,44.5
DRV_003865,Ridgeline,2023-04-07,economy,churned,3.79,613,0.719,0.125,55.2
DRV_003866,Ridgeline,2023-07-21,economy,active,4.93,774,0.781,0.035,85.4
DRV_003867,Metro City,2023-01-17,economy,active,4.35,754,0.771,0.097,128.6
DRV_003868,Harbor City,2023-08-15,economy,active,4.69,155,0.901,0.028,42.8
DRV_003869,Pinecrest,2022-06-11,economy,active,4.13,472,0.88,0.083,82.1
DRV_003870,Ridgeline,2023-06-04,comfort,active,3.81,575,0.878,0.166,178.6
DRV_003871,Ridgeline,2022-02-03,economy,active,4.17,502,0.845,0.057,108.0
DRV_003872,Harbor City,2022-03-17,comfort,active,4.12,829,0.796,0.172,56.0
DRV_003873,Summit Town,2023-09-24,economy,active,4.44,618,0.768,0.036,121.7
DRV_003874,Harbor City,2022-12-13,comfort,active,4.87,440,0.703,0.126,83.5
DRV_003875,Pinecrest,2023-03-30,economy,active,3.86,301,0.741,0.175,163.5
DRV_003876,Clearwater,2023-03-17,comfort,active,3.64,408,0.762,0.125,172.6
DRV_003877,Harbor City,2023-05-23,comfort,active,4.57,1001,0.973,0.164,65.3
DRV_003878,Southbrook,2022-06-29,economy,active,3.5,881,0.972,0.179,167.8
DRV_003879,Pinecrest,2022-05-11,xl,active,4.69,545,0.915,0.123,146.4
DRV_003880,Ridgeline,2022-02-01,comfort,active,4.59,531,0.871,0.145,53.3
DRV_003881,Valleyford,2023-09-24,comfort,active,4.74,391,0.887,0.025,153.9
DRV_003882,Eastport,2022-06-13,economy,active,3.64,661,0.868,0.088,56.7
DRV_003883,Metro City,2023-02-24,economy,active,3.81,1060,0.881,0.066,31.5
DRV_003884,Southbrook,2022-11-29,economy,active,4.33,279,0.761,0.152,146.7
DRV_003885,Valleyford,2022-04-29,economy,suspended,3.99,722,0.973,0.128,81.9
DRV_003886,Harbor City,2022-10-30,economy,churned,4.77,958,0.912,0.118,168.2
DRV_003887,Metro City,2022-03-02,xl,active,4.19,128,0.766,0.169,96.4
DRV_003888,Pinecrest,2022-05-09,economy,active,4.14,739,0.844,0.034,121.6
DRV_003889,Ridgeline,2022-04-12,economy,active,3.78,722,0.921,0.173,141.9
DRV_003890,Clearwater,2023-08-25,economy,churned,4.34,1168,0.955,0.036,156.7
DRV_003891,Southbrook,2023-02-19,economy,active,4.02,494,0.807,0.076,56.6
DRV_003892,Pinecrest,2023-11-07,xl,active,4.18,919,0.835,0.121,60.6
DRV_003893,Clearwater,2022-11-15,economy,suspended,3.91,143,0.787,0.075,163.2
DRV_003894,Pinecrest,2022-05-27,comfort,active,4.41,739,0.805,0.129,73.8
DRV_003895,Clearwater,2023-03-21,economy,suspended,4.76,337,0.764,0.144,125.6
DRV_003896,Lakewood,2023-11-10,economy,active,3.53,756,0.708,0.153,40.6
DRV_003897,Metro City,2023-01-24,comfort,active,3.85,740,0.817,0.049,130.2
DRV_003898,Eastport,2022-01-14,economy,active,4.52,432,0.832,0.049,57.9
DRV_003899,Westville,2022-08-10,comfort,active,4.56,1020,0.918,0.028,149.7
DRV_003900,Pinecrest,2023-11-07,xl,suspended,3.94,562,0.846,0.099,141.3
DRV_003901,Ridgeline,2023-01-14,economy,suspended,3.93,341,0.791,0.042,118.2
DRV_003902,Southbrook,2023-11-26,economy,active,4.62,824,0.83,0.071,52.6
DRV_003903,Lakewood,2023-01-07,economy,active,4.34,657,0.923,0.154,69.8
DRV_003904,Clearwater,2022-01-09,comfort,active,4.08,642,0.835,0.172,36.3
DRV_003905,Southbrook,2023-09-30,economy,suspended,3.58,205,0.855,0.152,77.3
DRV_003906,Clearwater,2023-07-12,economy,suspended,4.48,1147,0.748,0.02,87.1
DRV_003907,Eastport,2023-06-07,xl,active,3.94,466,0.702,0.111,99.8
DRV_003908,Metro City,2023-12-10,comfort,active,4.37,686,0.96,0.047,179.5
DRV_003909,Northgate,2022-05-24,economy,active,4.58,223,0.775,0.08,138.8
DRV_003910,Metro City,2023-10-24,comfort,active,4.19,64,0.797,0.088,88.9
DRV_003911,Metro City,2022-06-19,economy,active,3.88,875,0.732,0.171,156.9
DRV_003912,Lakewood,2023-12-10,economy,active,3.82,195,0.844,0.121,85.0
DRV_003913,Southbrook,2022-05-20,economy,active,4.56,845,0.906,0.063,84.4
DRV_003914,Eastport,2023-02-06,economy,active,4.84,103,0.892,0.123,39.6
DRV_003915,Westville,2023-07-31,comfort,active,4.97,423,0.94,0.172,140.3
DRV_003916,Eastport,2022-02-27,xl,active,4.7,1088,0.78,0.029,60.3
DRV_003917,Pinecrest,2022-02-18,economy,active,4.4,683,0.788,0.151,65.3
DRV_003918,Southbrook,2023-09-13,comfort,active,4.8,412,0.97,0.055,81.9
DRV_003919,Harbor City,2022-02-14,economy,churned,4.08,179,0.828,0.044,153.3
DRV_003920,Valleyford,2023-03-25,economy,active,4.82,1011,0.934,0.164,159.1
DRV_003921,Valleyford,2023-11-16,comfort,suspended,4.15,707,0.871,0.02,112.6
DRV_003922,Westville,2023-03-25,economy,active,4.39,562,0.751,0.139,168.8
DRV_003923,Ridgeline,2022-12-18,economy,active,3.75,949,0.968,0.034,94.1
DRV_003924,Summit Town,2022-11-01,economy,suspended,4.25,1108,0.791,0.119,120.7
DRV_003925,Lakewood,2023-04-11,economy,active,4.01,823,0.88,0.119,169.4
DRV_003926,Ridgeline,2023-02-22,economy,active,4.05,604,0.771,0.158,108.2
DRV_003927,Clearwater,2023-01-02,comfort,active,4.4,768,0.861,0.152,99.1
DRV_003928,Valleyford,2022-04-23,comfort,suspended,4.82,1039,0.852,0.13,34.3
DRV_003929,Southbrook,2023-04-29,comfort,churned,4.74,376,0.773,0.081,162.1
DRV_003930,Westville,2023-06-25,comfort,churned,4.02,822,0.977,0.047,58.3
DRV_003931,Pinecrest,2023-06-02,economy,churned,4.6,652,0.739,0.122,98.6
DRV_003932,Westville,2022-02-24,economy,active,4.32,356,0.824,0.1,149.1
DRV_003933,Southbrook,2023-05-29,economy,active,4.02,313,0.709,0.032,106.9
DRV_003934,Northgate,2023-06-17,xl,active,4.86,713,0.891,0.173,147.1
DRV_003935,Westville,2022-05-14,comfort,active,3.74,252,0.829,0.07,155.5
DRV_003936,Clearwater,2023-09-12,economy,active,4.71,358,0.857,0.02,158.3
DRV_003937,Clearwater,2023-01-18,comfort,active,3.82,481,0.896,0.164,41.9
DRV_003938,Clearwater,2022-12-11,economy,suspended,4.84,279,0.914,0.112,61.0
DRV_003939,Northgate,2023-06-12,economy,active,4.58,415,0.97,0.137,166.4
DRV_003940,Northgate,2023-01-08,comfort,churned,4.2,417,0.942,0.044,69.4
DRV_003941,Lakewood,2023-02-02,economy,active,3.62,106,0.791,0.085,136.0
DRV_003942,Southbrook,2022-08-16,xl,active,3.77,391,0.904,0.123,109.4
DRV_003943,Southbrook,2023-11-09,economy,active,3.75,812,0.721,0.06,170.5
DRV_003944,Lakewood,2023-12-09,comfort,active,4.64,621,0.738,0.132,68.3
DRV_003945,Pinecrest,2022-04-06,economy,active,4.43,477,0.829,0.057,150.9
DRV_003946,Northgate,2023-06-20,xl,suspended,3.83,782,0.829,0.053,91.4
DRV_003947,Valleyford,2022-01-18,comfort,active,4.05,276,0.842,0.022,66.1
DRV_003948,Summit Town,2022-09-27,economy,active,3.96,1162,0.833,0.065,103.6
DRV_003949,Ridgeline,2023-12-10,economy,suspended,4.48,126,0.88,0.059,111.1
DRV_003950,Pinecrest,2022-05-08,economy,active,4.0,589,0.967,0.142,46.5
DRV_003951,Harbor City,2022-10-03,economy,active,4.65,956,0.748,0.111,58.8
DRV_003952,Lakewood,2022-06-10,economy,active,4.54,925,0.8,0.048,166.4
DRV_003953,Metro City,2023-06-16,comfort,active,3.86,579,0.721,0.111,129.9
DRV_003954,Metro City,2022-12-05,comfort,suspended,3.99,614,0.756,0.056,135.6
DRV_003955,Lakewood,2023-03-09,economy,active,4.32,1063,0.976,0.088,83.1
DRV_003956,Metro City,2023-11-20,economy,active,4.86,548,0.711,0.162,111.0
DRV_003957,Northgate,2023-01-16,xl,active,3.67,97,0.76,0.135,35.8
DRV_003958,Harbor City,2023-06-20,economy,active,4.04,524,0.819,0.124,51.5
DRV_003959,Metro City,2022-03-13,economy,active,4.4,99,0.782,0.065,176.3
DRV_003960,Valleyford,2022-06-07,economy,active,3.99,1057,0.853,0.04,61.4
DRV_003961,Harbor City,2023-11-23,economy,active,3.93,303,0.977,0.14,103.6
DRV_003962,Ridgeline,2023-09-20,economy,active,4.15,218,0.897,0.111,169.6
DRV_003963,Eastport,2023-04-25,comfort,active,3.79,769,0.814,0.12,128.0
DRV_003964,Valleyford,2022-10-04,economy,active,4.41,383,0.891,0.176,54.9
DRV_003965,Ridgeline,2022-05-26,economy,active,4.82,898,0.944,0.076,97.4
DRV_003966,Valleyford,2023-09-14,comfort,suspended,4.87,879,0.764,0.148,99.4
DRV_003967,Westville,2023-07-28,economy,churned,4.21,645,0.901,0.109,101.3
DRV_003968,Valleyford,2022-06-26,comfort,active,3.94,390,0.872,0.058,156.2
DRV_003969,Harbor City,2023-03-07,economy,active,4.07,373,0.905,0.028,113.4
DRV_003970,Ridgeline,2023-03-28,economy,churned,3.84,52,0.724,0.119,144.9
DRV_003971,Metro City,2022-12-15,economy,churned,4.4,1066,0.905,0.068,84.8
DRV_003972,Clearwater,2023-11-08,xl,active,3.7,299,0.921,0.131,134.4
DRV_003973,Metro City,2022-04-01,economy,active,3.98,588,0.892,0.132,94.2
DRV_003974,Southbrook,2022-07-08,xl,active,3.76,83,0.755,0.093,145.1
DRV_003975,Northgate,2022-03-11,comfort,active,3.81,635,0.745,0.106,140.3
DRV_003976,Westville,2023-05-21,xl,suspended,4.51,386,0.907,0.12,81.1
DRV_003977,Clearwater,2023-04-16,economy,active,4.99,632,0.881,0.095,83.5
DRV_003978,Valleyford,2023-12-22,economy,suspended,4.51,425,0.975,0.16,153.4
DRV_003979,Ridgeline,2023-01-31,economy,active,3.87,934,0.827,0.032,119.6
DRV_003980,Northgate,2022-04-20,economy,active,4.11,1146,0.764,0.177,122.4
DRV_003981,Valleyford,2022-11-26,economy,active,4.44,793,0.916,0.025,173.8
DRV_003982,Eastport,2022-03-06,economy,churned,4.8,979,0.91,0.053,63.5
DRV_003983,Southbrook,2023-05-05,comfort,active,4.57,580,0.846,0.133,108.3
DRV_003984,Harbor City,2023-05-08,comfort,churned,3.72,190,0.909,0.034,59.4
DRV_003985,Ridgeline,2023-09-19,xl,active,4.41,465,0.787,0.062,65.9
DRV_003986,Harbor City,2022-09-06,xl,active,3.8,191,0.76,0.045,121.4
DRV_003987,Eastport,2022-08-15,economy,active,4.06,100,0.735,0.136,47.3
DRV_003988,Metro City,2022-02-22,xl,active,4.95,1196,0.781,0.113,52.4
DRV_003989,Lakewood,2022-10-31,economy,active,4.84,602,0.883,0.03,66.5
DRV_003990,Ridgeline,2022-12-13,comfort,active,3.89,822,0.772,0.094,106.2
DRV_003991,Metro City,2023-07-05,comfort,churned,4.59,545,0.947,0.053,173.9
DRV_003992,Eastport,2023-07-05,economy,active,3.99,769,0.77,0.175,132.1
DRV_003993,Lakewood,2022-04-13,comfort,active,3.51,389,0.892,0.037,128.0
DRV_003994,Westville,2022-07-28,economy,active,4.78,726,0.848,0.116,85.5
DRV_003995,Clearwater,2023-01-09,economy,active,4.73,658,0.759,0.097,43.4
DRV_003996,Summit Town,2022-09-02,comfort,active,3.94,222,0.856,0.112,149.3
DRV_003997,Harbor City,2022-01-19,economy,suspended,4.66,674,0.967,0.173,35.8
DRV_003998,Northgate,2023-09-10,economy,active,3.55,354,0.964,0.075,140.8
DRV_003999,Clearwater,2023-06-18,comfort,active,4.31,693,0.782,0.14,84.5
DRV_004000,Southbrook,2023-01-15,economy,active,4.97,547,0.85,0.092,101.4
DRV_004001,Harbor City,2022-08-20,economy,churned,4.68,423,0.742,0.126,108.0
DRV_004002,Westville,2023-09-08,economy,churned,4.36,563,0.831,0.079,66.8
DRV_004003,Northgate,2022-01-26,comfort,active,4.05,134,0.79,0.056,130.2
DRV_004004,Summit Town,2022-11-22,economy,active,4.6,1166,0.96,0.033,71.9
DRV_004005,Ridgeline,2023-08-08,comfort,active,4.96,720,0.877,0.036,51.9
DRV_004006,Metro City,2023-11-27,comfort,churned,3.79,100,0.752,0.174,84.0
DRV_004007,Lakewood,2022-07-03,economy,churned,3.57,211,0.978,0.146,155.2
DRV_004008,Metro City,2023-04-21,xl,active,4.07,66,0.894,0.059,92.4
DRV_004009,Lakewood,2022-05-19,comfort,active,4.28,338,0.738,0.105,174.5
DRV_004010,Southbrook,2022-03-26,economy,active,3.87,1102,0.924,0.134,35.6
DRV_004011,Harbor City,2022-09-15,xl,churned,4.42,886,0.856,0.076,32.8
DRV_004012,Westville,2023-10-09,economy,active,3.96,1059,0.812,0.09,164.4
DRV_004013,Eastport,2023-05-19,economy,suspended,4.97,600,0.755,0.135,58.8
DRV_004014,Eastport,2022-12-24,economy,active,3.9,383,0.778,0.056,62.5
DRV_004015,Valleyford,2022-07-26,comfort,active,4.7,486,0.747,0.104,147.3
DRV_004016,Northgate,2022-04-14,economy,active,4.95,419,0.925,0.054,57.1
DRV_004017,Pinecrest,2022-07-17,economy,active,4.25,1050,0.776,0.02,122.1
DRV_004018,Lakewood,2022-04-22,comfort,churned,3.8,730,0.832,0.13,36.7
DRV_004019,Southbrook,2022-05-17,economy,active,4.84,1007,0.971,0.133,161.4
DRV_004020,Clearwater,2023-05-17,economy,active,4.1,282,0.978,0.179,115.6
DRV_004021,Harbor City,2022-04-07,comfort,active,4.32,1086,0.922,0.049,97.4
DRV_004022,Lakewood,2022-02-04,economy,active,3.57,1056,0.924,0.138,84.5
DRV_004023,Metro City,2023-01-31,xl,active,4.02,732,0.965,0.172,76.9
DRV_004024,Valleyford,2022-07-29,comfort,active,4.33,359,0.923,0.123,69.6
DRV_004025,Harbor City,2022-11-28,economy,active,4.54,735,0.826,0.174,176.3
DRV_004026,Summit Town,2022-04-13,economy,suspended,4.93,118,0.717,0.179,75.8
DRV_004027,Valleyford,2022-06-03,economy,active,4.38,273,0.758,0.148,65.6
DRV_004028,Clearwater,2022-11-18,comfort,churned,3.91,662,0.824,0.18,98.7
DRV_004029,Valleyford,2023-05-19,xl,active,4.34,1163,0.774,0.12,68.6
DRV_004030,Clearwater,2022-10-30,comfort,active,3.61,893,0.792,0.1,70.7
DRV_004031,Valleyford,2023-01-31,comfort,active,3.72,321,0.717,0.167,69.8
DRV_004032,Valleyford,2023-01-16,economy,active,4.03,1149,0.855,0.153,50.7
DRV_004033,Pinecrest,2022-07-16,economy,active,3.53,606,0.798,0.038,163.0
DRV_004034,Westville,2022-07-24,comfort,active,3.61,768,0.772,0.068,57.6
DRV_004035,Northgate,2022-11-07,economy,active,3.51,978,0.871,0.062,33.3
DRV_004036,Eastport,2022-01-24,xl,churned,3.77,167,0.777,0.157,146.6
DRV_004037,Summit Town,2023-05-16,economy,churned,4.74,276,0.833,0.057,97.7
DRV_004038,Northgate,2023-03-25,comfort,active,4.03,811,0.769,0.069,83.1
DRV_004039,Northgate,2022-08-12,economy,active,4.85,548,0.891,0.103,110.0
DRV_004040,Pinecrest,2022-09-30,comfort,active,4.83,156,0.939,0.032,113.5
DRV_004041,Westville,2022-08-28,economy,churned,4.8,210,0.723,0.174,87.7
DRV_004042,Lakewood,2023-04-21,economy,active,3.82,273,0.93,0.099,157.7
DRV_004043,Ridgeline,2023-07-09,economy,churned,4.01,622,0.938,0.05,156.4
DRV_004044,Harbor City,2022-03-21,comfort,active,4.2,391,0.97,0.063,84.8
DRV_004045,Metro City,2022-10-29,economy,active,4.15,1096,0.932,0.148,63.3
DRV_004046,Valleyford,2022-01-11,xl,churned,3.62,113,0.855,0.121,103.0
DRV_004047,Lakewood,2022-11-27,comfort,active,3.86,547,0.72,0.094,53.4
DRV_004048,Metro City,2022-07-01,economy,active,4.43,470,0.721,0.073,72.3
DRV_004049,Metro City,2022-09-03,comfort,churned,4.51,197,0.755,0.164,87.5
DRV_004050,Clearwater,2022-11-30,xl,churned,4.05,932,0.825,0.144,87.4
DRV_004051,Summit Town,2022-08-25,economy,active,3.95,926,0.968,0.135,56.9
DRV_004052,Harbor City,2022-10-15,xl,active,4.38,111,0.749,0.091,106.4
DRV_004053,Pinecrest,2023-07-13,comfort,active,4.5,672,0.851,0.177,122.1
DRV_004054,Ridgeline,2023-08-15,comfort,active,4.57,620,0.979,0.134,121.8
DRV_004055,Harbor City,2022-01-05,comfort,active,4.72,107,0.704,0.088,150.3
DRV_004056,Northgate,2022-10-03,economy,suspended,4.38,310,0.713,0.174,41.6
DRV_004057,Eastport,2023-09-11,comfort,active,4.07,473,0.776,0.163,53.5
DRV_004058,Westville,2023-01-23,comfort,active,4.02,701,0.763,0.138,95.5
DRV_004059,Metro City,2022-05-30,comfort,active,3.55,579,0.84,0.143,102.4
DRV_004060,Harbor City,2023-03-10,comfort,active,4.12,616,0.818,0.088,60.8
DRV_004061,Ridgeline,2022-04-16,comfort,active,4.8,886,0.863,0.101,74.9
DRV_004062,Clearwater,2022-01-16,economy,churned,4.44,240,0.741,0.051,53.9
DRV_004063,Summit Town,2023-04-07,economy,active,4.39,128,0.892,0.115,111.4
DRV_004064,Valleyford,2023-01-12,xl,active,3.84,1030,0.76,0.079,101.6
DRV_004065,Pinecrest,2023-07-07,comfort,churned,4.39,317,0.827,0.076,133.2
DRV_004066,Valleyford,2022-09-09,comfort,churned,3.77,625,0.709,0.172,124.6
DRV_004067,Harbor City,2023-09-16,economy,active,4.01,122,0.923,0.046,70.6
DRV_004068,Southbrook,2022-11-04,economy,active,4.38,1183,0.876,0.153,144.0
DRV_004069,Lakewood,2023-06-23,economy,active,3.57,870,0.758,0.065,52.8
DRV_004070,Ridgeline,2022-03-15,xl,active,3.97,1182,0.868,0.025,124.6
DRV_004071,Ridgeline,2022-03-12,economy,active,3.63,1145,0.822,0.026,123.0
DRV_004072,Harbor City,2023-07-26,xl,active,3.75,338,0.931,0.089,65.3
DRV_004073,Clearwater,2023-09-01,comfort,active,4.03,521,0.975,0.093,59.3
DRV_004074,Westville,2023-11-19,xl,suspended,4.54,1065,0.735,0.071,46.0
DRV_004075,Ridgeline,2022-08-25,economy,churned,3.9,654,0.837,0.127,123.1
DRV_004076,Harbor City,2022-01-17,xl,active,3.53,877,0.772,0.098,84.6
DRV_004077,Metro City,2023-12-17,economy,active,4.1,579,0.91,0.032,179.8
DRV_004078,Metro City,2023-03-16,economy,active,3.83,547,0.71,0.076,125.2
DRV_004079,Metro City,2022-06-30,comfort,active,4.67,519,0.852,0.036,31.5
DRV_004080,Pinecrest,2023-07-12,xl,churned,4.73,987,0.94,0.03,86.1
DRV_004081,Summit Town,2023-10-22,comfort,active,4.51,620,0.809,0.053,32.1
DRV_004082,Clearwater,2022-07-27,comfort,active,4.42,533,0.935,0.132,124.0
DRV_004083,Metro City,2023-07-16,xl,active,4.6,631,0.741,0.131,167.6
DRV_004084,Clearwater,2023-07-29,xl,suspended,4.06,616,0.957,0.158,141.7
DRV_004085,Ridgeline,2023-01-02,comfort,active,4.48,294,0.922,0.141,69.8
DRV_004086,Northgate,2023-04-07,comfort,active,4.13,477,0.81,0.106,56.8
DRV_004087,Eastport,2022-07-16,economy,active,4.14,769,0.737,0.07,161.6
DRV_004088,Ridgeline,2023-11-10,economy,suspended,4.68,1020,0.846,0.021,47.9
DRV_004089,Eastport,2023-12-19,economy,active,4.69,515,0.888,0.124,136.5
DRV_004090,Pinecrest,2023-12-18,economy,active,4.1,1092,0.736,0.066,66.7
DRV_004091,Eastport,2023-06-23,comfort,active,4.91,1186,0.961,0.06,75.2
DRV_004092,Ridgeline,2022-01-31,xl,active,4.31,223,0.914,0.176,37.0
DRV_004093,Summit Town,2022-09-25,economy,active,4.23,287,0.966,0.048,55.5
DRV_004094,Metro City,2022-11-21,comfort,active,4.25,728,0.784,0.025,35.9
DRV_004095,Westville,2023-12-02,comfort,active,4.67,364,0.821,0.172,108.1
DRV_004096,Harbor City,2023-02-04,comfort,active,4.95,184,0.767,0.069,97.5
DRV_004097,Harbor City,2023-01-27,economy,active,4.54,957,0.777,0.083,109.9
DRV_004098,Harbor City,2022-04-18,comfort,active,4.01,1068,0.741,0.033,39.8
DRV_004099,Eastport,2023-08-03,comfort,churned,4.28,323,0.735,0.085,150.9
DRV_004100,Valleyford,2022-09-03,comfort,suspended,3.96,303,0.888,0.176,48.6
DRV_004101,Northgate,2022-03-09,xl,active,4.48,994,0.744,0.131,154.8
DRV_004102,Valleyford,2023-12-22,economy,active,5.0,91,0.737,0.096,78.3
DRV_004103,Clearwater,2022-05-19,economy,active,4.8,68,0.85,0.069,96.6
DRV_004104,Ridgeline,2022-01-12,comfort,active,4.21,907,0.897,0.079,127.9
DRV_004105,Valleyford,2022-02-26,economy,active,4.01,266,0.918,0.118,120.8
DRV_004106,Westville,2022-11-27,economy,active,4.18,816,0.862,0.061,114.9
DRV_004107,Northgate,2022-03-17,economy,suspended,3.97,516,0.756,0.044,90.0
DRV_004108,Harbor City,2023-09-08,comfort,active,4.99,522,0.861,0.131,102.0
DRV_004109,Lakewood,2023-01-10,economy,active,3.8,1140,0.875,0.159,39.8
DRV_004110,Clearwater,2022-08-25,economy,active,4.71,762,0.772,0.164,54.3
DRV_004111,Summit Town,2022-01-03,comfort,churned,4.12,341,0.74,0.155,139.9
DRV_004112,Westville,2022-12-17,economy,active,4.48,936,0.959,0.105,130.8
DRV_004113,Summit Town,2022-04-21,economy,active,4.88,217,0.727,0.146,80.5
DRV_004114,Clearwater,2023-12-15,xl,active,4.39,245,0.778,0.168,148.9
DRV_004115,Northgate,2022-08-01,economy,churned,4.43,507,0.765,0.024,150.9
DRV_004116,Metro City,2022-12-13,xl,active,3.55,400,0.95,0.086,109.1
DRV_004117,Southbrook,2022-01-14,xl,active,3.69,1175,0.841,0.053,177.0
DRV_004118,Summit Town,2022-04-06,economy,churned,4.31,608,0.968,0.179,70.0
DRV_004119,Metro City,2022-06-01,comfort,active,4.06,517,0.932,0.169,74.2
DRV_004120,Summit Town,2022-02-07,economy,active,4.41,778,0.911,0.148,31.4
DRV_004121,Eastport,2023-06-14,economy,active,4.08,563,0.749,0.067,52.5
DRV_004122,Summit Town,2023-11-22,comfort,active,3.76,755,0.796,0.172,152.7
DRV_004123,Harbor City,2023-12-21,economy,active,4.7,527,0.93,0.025,124.4
DRV_004124,Southbrook,2022-07-14,xl,active,4.77,617,0.975,0.05,58.5
DRV_004125,Ridgeline,2023-07-30,comfort,active,4.95,1102,0.946,0.119,131.6
DRV_004126,Clearwater,2023-01-03,comfort,churned,3.8,810,0.966,0.147,54.5
DRV_004127,Northgate,2022-02-03,comfort,active,3.97,150,0.88,0.161,91.0
DRV_004128,Southbrook,2022-03-08,economy,active,3.92,74,0.835,0.068,179.7
DRV_004129,Pinecrest,2023-02-04,economy,churned,4.9,565,0.844,0.083,77.4
DRV_004130,Westville,2022-11-06,comfort,churned,4.4,422,0.828,0.093,131.9
DRV_004131,Pinecrest,2022-01-07,comfort,active,4.88,674,0.743,0.024,30.9
DRV_004132,Lakewood,2023-11-10,comfort,active,4.84,708,0.786,0.158,74.9
DRV_004133,Northgate,2023-06-18,xl,suspended,3.87,1042,0.725,0.074,75.8
DRV_004134,Valleyford,2023-01-02,comfort,active,4.14,402,0.725,0.052,155.7
DRV_004135,Ridgeline,2023-12-22,economy,active,4.12,827,0.787,0.085,55.6
DRV_004136,Metro City,2023-12-10,economy,active,4.23,1132,0.887,0.134,78.3
DRV_004137,Summit Town,2023-12-12,comfort,churned,5.0,286,0.872,0.159,54.5
DRV_004138,Lakewood,2022-07-08,comfort,active,3.76,1158,0.857,0.054,101.5
DRV_004139,Metro City,2023-10-06,economy,churned,4.66,1138,0.91,0.048,70.8
DRV_004140,Ridgeline,2023-01-04,economy,churned,3.84,477,0.818,0.171,56.7
DRV_004141,Southbrook,2023-06-15,xl,suspended,4.61,955,0.824,0.108,94.7
DRV_004142,Valleyford,2023-09-20,economy,active,3.8,316,0.845,0.079,100.9
DRV_004143,Pinecrest,2022-04-30,economy,active,4.29,88,0.719,0.052,76.4
DRV_004144,Eastport,2022-11-24,comfort,churned,4.5,307,0.863,0.179,175.0
DRV_004145,Clearwater,2022-04-05,xl,active,4.15,187,0.91,0.135,51.8
DRV_004146,Westville,2022-07-24,economy,active,4.95,560,0.774,0.055,137.1
DRV_004147,Southbrook,2022-10-29,comfort,active,4.56,348,0.939,0.035,109.1
DRV_004148,Eastport,2023-09-17,economy,active,3.74,1151,0.775,0.052,87.7
DRV_004149,Eastport,2023-09-22,economy,active,4.06,625,0.844,0.06,131.1
DRV_004150,Ridgeline,2022-10-12,economy,active,3.97,321,0.945,0.038,53.1
DRV_004151,Valleyford,2022-08-29,xl,active,3.94,385,0.907,0.057,169.5
DRV_004152,Ridgeline,2023-01-23,economy,active,3.82,430,0.861,0.039,155.0
DRV_004153,Metro City,2023-10-28,economy,churned,3.78,163,0.874,0.08,141.6
DRV_004154,Southbrook,2023-12-14,comfort,active,4.81,693,0.73,0.098,173.7
DRV_004155,Harbor City,2022-06-15,xl,active,4.98,77,0.896,0.093,171.1
DRV_004156,Harbor City,2022-05-17,economy,active,3.74,705,0.871,0.153,60.3
DRV_004157,Lakewood,2023-05-31,xl,active,4.69,879,0.724,0.061,163.0
DRV_004158,Southbrook,2022-08-09,xl,churned,3.84,811,0.735,0.162,148.7
DRV_004159,Westville,2022-05-26,economy,active,4.28,57,0.972,0.165,95.1
DRV_004160,Westville,2022-01-23,economy,active,3.8,887,0.75,0.174,109.7
DRV_004161,Metro City,2022-10-22,economy,active,3.91,617,0.951,0.049,114.3
DRV_004162,Westville,2022-10-14,comfort,active,4.12,960,0.777,0.059,107.7
DRV_004163,Valleyford,2023-02-16,economy,churned,4.56,536,0.811,0.12,93.7
DRV_004164,Harbor City,2022-05-27,comfort,active,4.21,614,0.856,0.043,123.4
DRV_004165,Valleyford,2023-06-06,xl,active,4.72,555,0.875,0.034,153.5
DRV_004166,Summit Town,2023-05-12,economy,suspended,3.64,131,0.839,0.032,173.0
DRV_004167,Metro City,2022-12-04,economy,active,4.36,566,0.798,0.117,129.9
DRV_004168,Lakewood,2022-05-13,economy,active,3.66,827,0.84,0.149,172.0
DRV_004169,Northgate,2023-01-06,comfort,active,3.68,995,0.896,0.061,174.4
DRV_004170,Harbor City,2023-05-08,comfort,churned,3.96,731,0.811,0.169,127.6
DRV_004171,Pinecrest,2022-09-30,economy,churned,3.66,481,0.853,0.147,72.5
DRV_004172,Valleyford,2022-07-12,comfort,active,4.66,296,0.806,0.032,107.8
DRV_004173,Lakewood,2023-01-05,economy,active,4.26,970,0.792,0.085,165.6
DRV_004174,Harbor City,2022-09-17,economy,active,4.47,1031,0.784,0.031,49.1
DRV_004175,Metro City,2022-10-20,comfort,active,3.58,371,0.763,0.166,141.4
DRV_004176,Metro City,2022-09-12,comfort,active,3.84,902,0.913,0.139,171.9
DRV_004177,Southbrook,2022-08-10,economy,active,4.28,1012,0.975,0.13,137.7
DRV_004178,Southbrook,2023-06-08,comfort,suspended,3.62,535,0.708,0.129,172.2
DRV_004179,Lakewood,2022-12-02,economy,active,3.74,706,0.755,0.066,138.3
DRV_004180,Metro City,2022-12-07,economy,active,3.53,1164,0.97,0.169,178.0
DRV_004181,Eastport,2023-04-22,economy,active,4.87,764,0.796,0.168,174.1
DRV_004182,Summit Town,2022-09-21,economy,active,4.15,828,0.809,0.138,124.1
DRV_004183,Metro City,2022-03-15,comfort,active,3.57,1090,0.886,0.095,120.0
DRV_004184,Summit Town,2023-09-15,economy,churned,4.19,1119,0.799,0.028,164.5
DRV_004185,Pinecrest,2022-02-10,economy,active,4.83,950,0.838,0.025,145.6
DRV_004186,Eastport,2023-02-22,xl,active,3.78,888,0.952,0.042,119.7
DRV_004187,Valleyford,2022-07-14,economy,active,3.86,297,0.858,0.115,137.1
DRV_004188,Harbor City,2022-06-06,economy,active,4.97,867,0.887,0.148,40.6
DRV_004189,Harbor City,2022-01-31,economy,churned,4.78,465,0.761,0.172,173.3
DRV_004190,Metro City,2023-10-20,economy,active,4.32,300,0.773,0.048,93.8
DRV_004191,Ridgeline,2022-11-10,comfort,active,3.78,1187,0.95,0.064,43.5
DRV_004192,Eastport,2022-09-08,comfort,active,3.83,532,0.957,0.029,86.8
DRV_004193,Northgate,2023-06-26,economy,active,4.79,784,0.926,0.178,107.1
DRV_004194,Westville,2022-01-29,economy,active,4.51,781,0.734,0.145,179.5
DRV_004195,Valleyford,2023-02-17,comfort,active,4.03,757,0.929,0.097,120.0
DRV_004196,Metro City,2022-12-28,comfort,active,3.54,1002,0.705,0.112,36.8
DRV_004197,Ridgeline,2023-02-09,economy,active,3.7,990,0.867,0.11,40.8
DRV_004198,Ridgeline,2022-04-01,economy,churned,4.59,1097,0.889,0.061,91.2
DRV_004199,Lakewood,2023-11-27,economy,active,4.47,1068,0.819,0.05,159.6
DRV_004200,Lakewood,2022-06-24,comfort,churned,4.04,144,0.834,0.068,84.0
DRV_004201,Southbrook,2023-05-11,economy,active,4.39,512,0.908,0.06,177.7
DRV_004202,Pinecrest,2023-06-30,comfort,active,4.63,872,0.951,0.109,32.1
DRV_004203,Pinecrest,2022-09-09,economy,active,4.47,1019,0.753,0.069,112.1
DRV_004204,Summit Town,2022-04-06,xl,active,3.86,355,0.739,0.137,176.5
DRV_004205,Metro City,2022-08-05,comfort,churned,4.93,1000,0.876,0.111,102.5
DRV_004206,Clearwater,2023-08-13,economy,active,3.54,866,0.765,0.105,106.2
DRV_004207,Lakewood,2023-10-24,economy,active,4.33,645,0.754,0.172,77.9
DRV_004208,Metro City,2023-11-15,xl,active,3.83,415,0.757,0.072,150.0
DRV_004209,Summit Town,2022-06-15,economy,active,4.56,724,0.755,0.122,169.5
DRV_004210,Southbrook,2023-03-19,economy,active,4.34,706,0.834,0.02,94.1
DRV_004211,Ridgeline,2022-04-21,comfort,active,3.79,378,0.97,0.138,166.9
DRV_004212,Summit Town,2023-06-03,xl,active,4.26,655,0.932,0.1,50.9
DRV_004213,Ridgeline,2022-10-31,economy,active,4.28,693,0.852,0.053,131.2
DRV_004214,Summit Town,2023-06-05,economy,active,4.13,1052,0.723,0.02,76.1
DRV_004215,Northgate,2023-05-16,comfort,churned,3.56,255,0.888,0.133,45.9
DRV_004216,Pinecrest,2023-12-26,economy,active,3.81,801,0.826,0.126,122.6
DRV_004217,Westville,2022-12-23,xl,active,4.95,141,0.918,0.126,111.5
DRV_004218,Northgate,2022-09-07,xl,churned,3.78,329,0.838,0.09,115.1
DRV_004219,Eastport,2023-01-20,xl,active,4.19,1010,0.887,0.122,140.6
DRV_004220,Lakewood,2022-04-29,economy,churned,3.94,773,0.756,0.111,101.4
DRV_004221,Westville,2022-03-23,xl,active,4.64,313,0.933,0.058,87.1
DRV_004222,Northgate,2023-01-14,comfort,suspended,4.37,786,0.918,0.103,141.2
DRV_004223,Metro City,2023-08-26,economy,active,4.57,1159,0.805,0.102,138.5
DRV_004224,Northgate,2023-01-25,comfort,churned,4.46,468,0.97,0.152,109.0
DRV_004225,Metro City,2023-07-25,xl,active,4.26,904,0.745,0.089,123.0
DRV_004226,Northgate,2022-05-10,economy,churned,4.94,352,0.706,0.09,106.3
DRV_004227,Clearwater,2022-11-25,comfort,churned,4.55,477,0.914,0.178,123.9
DRV_004228,Pinecrest,2023-03-24,economy,active,4.53,1096,0.868,0.163,89.9
DRV_004229,Metro City,2022-09-11,comfort,active,4.54,192,0.731,0.059,152.1
DRV_004230,Pinecrest,2022-01-11,economy,active,4.2,227,0.745,0.166,136.0
DRV_004231,Summit Town,2022-02-23,economy,active,4.46,110,0.737,0.042,136.9
DRV_004232,Harbor City,2023-11-09,economy,churned,4.41,212,0.747,0.157,177.2
DRV_004233,Northgate,2023-03-18,comfort,active,4.83,947,0.829,0.049,105.7
DRV_004234,Summit Town,2022-07-13,economy,active,4.97,727,0.714,0.088,172.6
DRV_004235,Summit Town,2022-07-08,economy,churned,4.22,193,0.845,0.177,89.5
DRV_004236,Valleyford,2022-01-29,xl,active,4.4,404,0.87,0.036,166.5
DRV_004237,Southbrook,2023-11-21,comfort,active,3.94,975,0.904,0.154,114.9
DRV_004238,Lakewood,2022-03-21,comfort,active,4.77,629,0.965,0.099,115.5
DRV_004239,Northgate,2023-07-09,economy,churned,4.57,861,0.723,0.038,161.2
DRV_004240,Valleyford,2022-06-25,economy,active,4.89,357,0.71,0.172,173.2
DRV_004241,Clearwater,2022-09-03,economy,active,4.41,1117,0.739,0.108,59.9
DRV_004242,Eastport,2022-07-19,xl,churned,4.56,473,0.794,0.161,49.5
DRV_004243,Lakewood,2023-08-25,comfort,churned,3.64,1147,0.847,0.159,146.6
DRV_004244,Southbrook,2022-01-24,economy,active,4.41,519,0.701,0.022,83.7
DRV_004245,Valleyford,2022-09-15,xl,active,4.07,901,0.894,0.062,50.7
DRV_004246,Metro City,2022-07-23,economy,active,4.26,696,0.968,0.074,64.6
DRV_004247,Southbrook,2022-07-19,economy,churned,3.99,760,0.77,0.106,82.3
DRV_004248,Clearwater,2022-05-21,economy,active,3.93,140,0.702,0.031,145.9
DRV_004249,Harbor City,2023-10-29,economy,active,4.73,960,0.911,0.082,41.1
DRV_004250,Northgate,2022-10-04,comfort,active,4.34,547,0.916,0.15,106.0
DRV_004251,Summit Town,2022-11-02,economy,active,3.88,348,0.712,0.048,32.6
DRV_004252,Westville,2022-10-09,economy,churned,4.65,840,0.873,0.132,134.8
DRV_004253,Lakewood,2023-12-17,xl,active,3.61,924,0.768,0.094,174.5
DRV_004254,Valleyford,2022-09-05,comfort,churned,3.94,865,0.877,0.031,83.5
DRV_004255,Southbrook,2022-09-07,xl,active,4.0,1117,0.903,0.048,168.4
DRV_004256,Summit Town,2022-08-28,economy,active,3.77,361,0.762,0.043,162.7
DRV_004257,Valleyford,2022-08-27,xl,active,4.76,267,0.773,0.119,82.2
DRV_004258,Clearwater,2022-03-07,comfort,active,4.51,674,0.871,0.034,61.2
DRV_004259,Lakewood,2023-03-18,economy,active,4.51,440,0.863,0.152,79.5
DRV_004260,Northgate,2022-01-19,xl,active,4.39,491,0.948,0.149,167.3
DRV_004261,Pinecrest,2022-06-14,economy,active,4.07,789,0.843,0.033,93.8
DRV_004262,Summit Town,2022-05-28,xl,active,4.49,92,0.924,0.162,104.8
DRV_004263,Harbor City,2022-08-01,comfort,active,4.6,545,0.905,0.173,52.0
DRV_004264,Northgate,2023-07-07,economy,active,4.31,546,0.886,0.027,64.2
DRV_004265,Summit Town,2023-03-14,xl,active,4.21,77,0.754,0.172,168.9
DRV_004266,Eastport,2023-12-25,economy,suspended,3.84,824,0.777,0.065,167.2
DRV_004267,Westville,2022-09-14,comfort,suspended,3.63,1007,0.859,0.126,74.5
DRV_004268,Eastport,2023-11-09,economy,active,3.56,1137,0.718,0.048,135.0
DRV_004269,Eastport,2022-02-02,economy,active,4.57,1136,0.713,0.151,133.0
DRV_004270,Metro City,2023-01-04,economy,active,4.02,178,0.714,0.155,93.3
DRV_004271,Northgate,2023-08-07,economy,active,4.56,333,0.958,0.177,137.1
DRV_004272,Harbor City,2023-01-24,economy,active,4.26,541,0.893,0.179,164.3
DRV_004273,Clearwater,2023-11-13,comfort,active,4.17,722,0.934,0.032,146.2
DRV_004274,Pinecrest,2022-08-18,xl,active,4.44,1132,0.97,0.125,112.6
DRV_004275,Pinecrest,2022-01-25,comfort,active,3.77,360,0.896,0.064,125.3
DRV_004276,Ridgeline,2023-07-19,comfort,active,4.97,589,0.844,0.04,155.7
DRV_004277,Valleyford,2022-02-19,economy,active,4.0,832,0.834,0.044,142.5
DRV_004278,Harbor City,2023-07-13,economy,active,4.65,1077,0.909,0.17,170.9
DRV_004279,Valleyford,2023-06-20,comfort,active,3.87,851,0.943,0.129,155.9
DRV_004280,Ridgeline,2023-09-09,xl,churned,4.2,834,0.932,0.028,38.6
DRV_004281,Westville,2022-12-16,economy,active,4.25,1176,0.838,0.177,137.5
DRV_004282,Clearwater,2023-10-16,economy,active,3.96,1045,0.917,0.149,50.1
DRV_004283,Ridgeline,2022-05-04,comfort,active,4.02,1044,0.833,0.069,155.1
DRV_004284,Northgate,2022-11-14,comfort,suspended,4.15,922,0.808,0.095,45.0
DRV_004285,Valleyford,2022-03-30,economy,active,4.75,431,0.783,0.136,73.1
DRV_004286,Lakewood,2023-07-14,economy,active,4.25,133,0.715,0.128,77.2
DRV_004287,Metro City,2023-06-06,economy,active,3.63,952,0.756,0.094,169.9
DRV_004288,Clearwater,2023-08-12,economy,active,3.83,926,0.904,0.102,178.2
DRV_004289,Lakewood,2023-07-12,economy,active,4.98,768,0.748,0.027,110.8
DRV_004290,Northgate,2022-08-14,comfort,churned,3.63,197,0.952,0.1,108.3
DRV_004291,Lakewood,2022-02-19,xl,active,4.47,1162,0.722,0.074,111.0
DRV_004292,Metro City,2023-11-10,comfort,active,3.82,910,0.714,0.066,126.0
DRV_004293,Clearwater,2022-12-26,economy,active,4.15,804,0.835,0.063,40.3
DRV_004294,Northgate,2022-03-10,economy,active,4.04,531,0.762,0.124,74.5
DRV_004295,Southbrook,2023-11-08,xl,active,4.97,112,0.729,0.089,121.8
DRV_004296,Ridgeline,2023-12-27,economy,suspended,4.33,837,0.717,0.088,65.2
DRV_004297,Lakewood,2022-11-22,xl,active,3.87,485,0.848,0.045,121.4
DRV_004298,Metro City,2023-07-17,economy,active,4.41,119,0.773,0.174,165.1
DRV_004299,Lakewood,2022-01-27,economy,active,3.61,117,0.856,0.056,145.3
DRV_004300,Eastport,2022-03-10,economy,active,4.89,181,0.742,0.085,110.0
DRV_004301,Northgate,2022-07-21,comfort,active,4.02,360,0.707,0.05,71.8
DRV_004302,Lakewood,2023-04-25,economy,active,4.83,172,0.708,0.133,91.7
DRV_004303,Westville,2022-04-08,xl,active,4.71,199,0.732,0.09,42.9
DRV_004304,Southbrook,2022-01-25,economy,churned,3.78,481,0.923,0.086,51.8
DRV_004305,Eastport,2023-05-04,economy,active,4.94,85,0.826,0.16,179.8
DRV_004306,Summit Town,2023-07-17,economy,active,4.99,245,0.875,0.142,167.5
DRV_004307,Lakewood,2023-06-24,comfort,active,4.71,498,0.945,0.103,122.6
DRV_004308,Harbor City,2023-08-07,xl,active,4.18,59,0.76,0.095,124.4
DRV_004309,Metro City,2023-08-10,xl,active,4.51,292,0.944,0.174,72.1
DRV_004310,Clearwater,2023-03-16,economy,churned,3.62,1061,0.909,0.173,88.7
DRV_004311,Westville,2023-01-15,comfort,churned,4.88,510,0.904,0.133,60.8
DRV_004312,Southbrook,2023-09-18,xl,active,3.83,914,0.944,0.142,172.6
DRV_004313,Ridgeline,2022-09-12,comfort,active,4.58,567,0.735,0.164,152.3
DRV_004314,Harbor City,2022-03-13,economy,active,4.7,703,0.851,0.174,74.1
DRV_004315,Harbor City,2023-07-03,xl,active,4.95,198,0.835,0.033,84.4
DRV_004316,Harbor City,2022-07-21,economy,suspended,4.74,882,0.886,0.18,31.7
DRV_004317,Southbrook,2023-12-16,economy,active,4.73,362,0.767,0.132,70.2
DRV_004318,Westville,2022-10-30,economy,churned,4.56,397,0.736,0.115,69.8
DRV_004319,Summit Town,2023-09-14,xl,active,4.36,348,0.973,0.086,53.1
DRV_004320,Metro City,2022-01-31,xl,active,3.56,861,0.83,0.074,167.3
DRV_004321,Eastport,2023-04-27,xl,active,4.96,803,0.765,0.149,33.5
DRV_004322,Northgate,2022-11-24,economy,active,4.17,648,0.736,0.125,114.1
DRV_004323,Northgate,2022-12-04,economy,churned,4.7,433,0.866,0.052,92.6
DRV_004324,Metro City,2022-07-13,economy,active,4.07,152,0.741,0.118,90.0
DRV_004325,Pinecrest,2023-12-10,economy,active,4.18,1007,0.751,0.043,52.6
DRV_004326,Pinecrest,2022-10-14,economy,active,4.19,814,0.967,0.099,149.0
DRV_004327,Eastport,2023-09-13,economy,suspended,4.99,711,0.708,0.113,78.6
DRV_004328,Clearwater,2022-11-07,xl,active,3.82,1192,0.752,0.122,132.7
DRV_004329,Northgate,2022-02-05,economy,active,4.25,146,0.888,0.043,77.4
DRV_004330,Southbrook,2023-10-04,economy,active,3.73,344,0.761,0.035,166.3
DRV_004331,Lakewood,2022-05-16,economy,active,4.24,1085,0.751,0.061,64.1
DRV_004332,Eastport,2022-07-17,comfort,suspended,4.32,55,0.856,0.117,154.8
DRV_004333,Valleyford,2023-09-21,comfort,suspended,3.7,413,0.895,0.169,141.5
DRV_004334,Westville,2023-10-15,economy,active,4.55,913,0.821,0.145,160.5
DRV_004335,Clearwater,2023-11-01,comfort,suspended,4.74,703,0.919,0.139,178.0
DRV_004336,Harbor City,2022-11-07,economy,active,4.72,370,0.928,0.073,116.7
DRV_004337,Eastport,2023-07-07,comfort,active,4.59,448,0.874,0.038,139.5
DRV_004338,Lakewood,2022-08-28,comfort,active,3.71,516,0.862,0.163,115.6
DRV_004339,Valleyford,2023-06-25,xl,active,4.43,340,0.929,0.1,164.1
DRV_004340,Summit Town,2023-01-02,economy,active,4.55,58,0.704,0.036,122.5
DRV_004341,Southbrook,2022-02-07,economy,churned,4.64,754,0.843,0.106,156.9
DRV_004342,Clearwater,2022-11-01,economy,active,4.56,124,0.736,0.128,69.7
DRV_004343,Harbor City,2022-12-08,economy,active,4.44,869,0.762,0.071,36.7
DRV_004344,Summit Town,2022-07-07,economy,suspended,4.59,865,0.966,0.021,44.8
DRV_004345,Lakewood,2022-10-01,economy,active,4.78,1139,0.701,0.119,127.9
DRV_004346,Ridgeline,2023-01-02,economy,active,4.35,1158,0.786,0.026,155.3
DRV_004347,Pinecrest,2022-02-06,economy,active,3.72,1135,0.743,0.089,66.3
DRV_004348,Clearwater,2022-04-21,xl,active,4.72,729,0.86,0.152,118.5
DRV_004349,Lakewood,2023-07-14,economy,active,4.49,154,0.936,0.18,108.8
DRV_004350,Valleyford,2022-09-14,economy,active,4.53,1018,0.809,0.079,128.8
DRV_004351,Eastport,2023-03-21,economy,churned,3.94,1092,0.934,0.023,64.6
DRV_004352,Northgate,2023-02-18,comfort,active,3.72,286,0.823,0.099,63.3
DRV_004353,Metro City,2023-02-07,comfort,active,4.67,465,0.955,0.064,146.9
DRV_004354,Ridgeline,2022-10-29,economy,active,3.57,127,0.937,0.163,37.3
DRV_004355,Lakewood,2022-12-19,economy,active,4.1,424,0.75,0.134,134.1
DRV_004356,Harbor City,2023-08-25,economy,active,4.26,449,0.948,0.085,40.7
DRV_004357,Lakewood,2023-12-06,comfort,active,3.53,1047,0.754,0.142,45.5
DRV_004358,Harbor City,2022-07-07,economy,churned,4.4,289,0.837,0.075,66.4
DRV_004359,Ridgeline,2023-05-04,comfort,active,3.68,216,0.755,0.103,81.2
DRV_004360,Lakewood,2023-12-09,economy,active,3.86,759,0.808,0.168,178.0
DRV_004361,Clearwater,2022-01-06,economy,active,4.99,873,0.976,0.052,98.5
DRV_004362,Eastport,2023-07-27,comfort,active,4.34,1149,0.914,0.07,94.3
DRV_004363,Harbor City,2022-12-29,economy,active,4.95,956,0.855,0.162,145.6
DRV_004364,Valleyford,2023-12-08,economy,active,4.24,315,0.962,0.094,70.5
DRV_004365,Pinecrest,2023-02-27,economy,suspended,4.71,845,0.801,0.071,119.5
DRV_004366,Westville,2023-09-04,economy,active,3.56,1087,0.748,0.026,135.0
DRV_004367,Ridgeline,2022-05-02,economy,active,3.94,1005,0.932,0.087,158.4
DRV_004368,Northgate,2022-04-14,economy,suspended,3.92,667,0.703,0.1,48.4
DRV_004369,Lakewood,2023-11-08,comfort,active,3.6,388,0.925,0.085,128.2
DRV_004370,Valleyford,2023-01-20,economy,churned,4.93,167,0.706,0.064,30.7
DRV_004371,Lakewood,2023-02-12,comfort,active,4.26,444,0.78,0.079,104.5
DRV_004372,Clearwater,2022-05-05,economy,active,4.39,666,0.8,0.123,84.1
DRV_004373,Harbor City,2022-06-15,comfort,active,4.28,1163,0.789,0.163,152.2
DRV_004374,Summit Town,2023-08-21,economy,active,3.87,587,0.768,0.124,139.1
DRV_004375,Ridgeline,2022-08-10,economy,active,4.89,870,0.73,0.123,133.7
DRV_004376,Summit Town,2023-03-03,comfort,active,4.5,911,0.701,0.151,55.4
DRV_004377,Northgate,2022-08-20,economy,suspended,3.69,583,0.917,0.046,76.5
DRV_004378,Westville,2022-07-12,comfort,active,4.19,910,0.828,0.068,73.1
DRV_004379,Summit Town,2022-05-02,economy,active,3.5,1044,0.745,0.028,59.1
DRV_004380,Harbor City,2023-11-10,comfort,active,4.51,787,0.723,0.076,93.2
DRV_004381,Clearwater,2023-11-18,xl,active,4.29,865,0.778,0.18,93.8
DRV_004382,Eastport,2022-03-26,economy,active,4.86,818,0.799,0.073,82.5
DRV_004383,Clearwater,2022-09-15,economy,active,4.92,1195,0.829,0.158,149.1
DRV_004384,Lakewood,2023-02-16,xl,active,3.65,748,0.728,0.034,133.6
DRV_004385,Westville,2022-10-07,economy,active,3.63,190,0.974,0.094,149.2
DRV_004386,Pinecrest,2023-06-11,economy,active,4.85,322,0.775,0.076,151.2
DRV_004387,Harbor City,2022-07-09,economy,active,4.27,372,0.824,0.052,63.1
DRV_004388,Summit Town,2022-02-12,economy,churned,4.2,1114,0.899,0.08,171.9
DRV_004389,Ridgeline,2022-09-03,comfort,active,4.36,51,0.787,0.124,127.6
DRV_004390,Summit Town,2023-03-13,economy,active,4.2,293,0.723,0.098,149.7
DRV_004391,Clearwater,2022-05-12,xl,active,4.42,851,0.805,0.155,169.3
DRV_004392,Harbor City,2023-08-19,economy,active,4.92,734,0.855,0.165,152.3
DRV_004393,Ridgeline,2022-01-09,comfort,active,4.41,68,0.936,0.097,113.9
DRV_004394,Southbrook,2022-02-19,economy,churned,3.98,939,0.803,0.177,102.0
DRV_004395,Clearwater,2023-01-07,comfort,active,3.82,87,0.949,0.032,112.2
DRV_004396,Southbrook,2023-01-09,economy,suspended,4.95,146,0.853,0.064,161.2
DRV_004397,Clearwater,2022-08-04,xl,suspended,4.37,996,0.901,0.087,39.9
DRV_004398,Harbor City,2022-07-08,comfort,active,4.35,567,0.708,0.113,88.0
DRV_004399,Summit Town,2022-02-20,economy,active,3.55,683,0.951,0.107,72.6
DRV_004400,Westville,2023-04-29,economy,churned,4.88,84,0.76,0.111,97.0
DRV_004401,Northgate,2022-10-04,economy,active,4.2,236,0.791,0.163,120.3
DRV_004402,Southbrook,2022-03-28,economy,active,5.0,310,0.847,0.064,145.9
DRV_004403,Pinecrest,2022-10-19,comfort,active,3.75,452,0.969,0.151,31.3
DRV_004404,Westville,2023-11-16,xl,active,3.99,781,0.797,0.109,94.7
DRV_004405,Northgate,2022-07-10,comfort,active,3.82,495,0.762,0.098,73.5
DRV_004406,Metro City,2023-10-16,comfort,suspended,4.07,1100,0.969,0.068,140.4
DRV_004407,Northgate,2022-07-08,economy,suspended,4.96,296,0.926,0.069,71.2
DRV_004408,Summit Town,2022-05-16,economy,active,4.12,399,0.886,0.082,65.1
DRV_004409,Clearwater,2022-07-10,economy,active,4.74,152,0.815,0.142,55.9
DRV_004410,Northgate,2022-08-24,economy,active,4.63,1010,0.818,0.096,105.5
DRV_004411,Pinecrest,2022-03-30,comfort,churned,3.95,746,0.966,0.045,37.8
DRV_004412,Lakewood,2023-03-05,economy,active,4.37,653,0.719,0.142,134.7
DRV_004413,Northgate,2022-09-01,comfort,active,4.78,991,0.912,0.126,162.6
DRV_004414,Pinecrest,2023-06-09,economy,active,4.42,924,0.868,0.172,59.4
DRV_004415,Southbrook,2022-12-25,comfort,active,3.9,516,0.971,0.105,104.3
DRV_004416,Harbor City,2022-11-20,comfort,active,4.79,981,0.856,0.125,162.0
DRV_004417,Metro City,2022-12-10,economy,churned,4.33,353,0.779,0.097,157.9
DRV_004418,Clearwater,2022-04-25,comfort,active,4.97,781,0.918,0.129,147.3
DRV_004419,Clearwater,2023-06-05,comfort,active,4.48,556,0.976,0.09,58.0
DRV_004420,Clearwater,2022-03-18,comfort,churned,4.17,536,0.954,0.042,95.6
DRV_004421,Southbrook,2023-06-11,comfort,active,4.15,778,0.783,0.178,177.5
DRV_004422,Northgate,2023-12-31,economy,active,4.82,721,0.797,0.135,66.3
DRV_004423,Harbor City,2023-07-12,comfort,active,4.97,1130,0.911,0.117,50.0
DRV_004424,Lakewood,2022-11-29,economy,active,4.12,844,0.867,0.097,92.0
DRV_004425,Northgate,2022-08-18,comfort,active,3.74,523,0.703,0.134,52.7
DRV_004426,Eastport,2023-09-29,economy,churned,3.56,1040,0.74,0.04,100.6
DRV_004427,Southbrook,2022-07-07,economy,active,3.98,1165,0.724,0.072,122.9
DRV_004428,Summit Town,2022-12-19,economy,churned,4.01,680,0.75,0.04,89.3
DRV_004429,Pinecrest,2023-07-17,economy,active,4.14,347,0.785,0.04,67.9
DRV_004430,Metro City,2023-11-05,economy,churned,3.72,1054,0.971,0.023,99.1
DRV_004431,Eastport,2023-11-04,comfort,churned,4.24,791,0.889,0.141,148.6
DRV_004432,Valleyford,2022-03-06,economy,active,4.92,496,0.715,0.056,152.6
DRV_004433,Northgate,2023-10-18,economy,active,3.85,527,0.87,0.153,30.9
DRV_004434,Valleyford,2022-03-25,economy,active,4.53,923,0.822,0.165,36.7
DRV_004435,Pinecrest,2023-03-03,economy,churned,3.56,792,0.911,0.047,167.6
DRV_004436,Clearwater,2023-11-10,economy,active,4.47,751,0.947,0.133,64.2
DRV_004437,Summit Town,2023-04-24,economy,active,4.91,963,0.718,0.094,90.9
DRV_004438,Ridgeline,2023-11-23,economy,active,3.92,139,0.974,0.167,46.9
DRV_004439,Valleyford,2022-09-09,comfort,active,4.72,450,0.716,0.098,80.2
DRV_004440,Harbor City,2022-08-18,economy,active,3.62,627,0.905,0.081,144.2
DRV_004441,Clearwater,2022-08-27,economy,active,4.04,353,0.953,0.067,37.9
DRV_004442,Ridgeline,2022-09-17,economy,churned,3.51,928,0.91,0.165,97.3
DRV_004443,Westville,2023-05-14,economy,active,4.03,352,0.742,0.056,122.4
DRV_004444,Eastport,2022-11-27,economy,churned,3.96,823,0.758,0.152,73.0
DRV_004445,Lakewood,2023-06-23,economy,active,4.54,558,0.712,0.051,153.2
DRV_004446,Eastport,2022-10-31,comfort,churned,3.94,698,0.737,0.123,30.6
DRV_004447,Eastport,2022-08-13,comfort,suspended,4.73,55,0.717,0.092,94.1
DRV_004448,Valleyford,2022-05-19,economy,active,3.94,961,0.715,0.037,157.8
DRV_004449,Metro City,2023-02-07,comfort,active,3.83,339,0.857,0.04,47.5
DRV_004450,Harbor City,2023-10-18,economy,active,4.24,1088,0.721,0.065,58.8
DRV_004451,Valleyford,2023-09-20,economy,churned,4.48,1155,0.819,0.143,128.3
DRV_004452,Summit Town,2022-07-04,comfort,active,4.83,214,0.899,0.137,77.2
DRV_004453,Southbrook,2022-12-15,comfort,active,4.72,103,0.704,0.053,67.0
DRV_004454,Northgate,2023-05-30,economy,suspended,4.29,343,0.879,0.096,108.3
DRV_004455,Pinecrest,2023-03-24,economy,suspended,4.97,404,0.912,0.036,124.8
DRV_004456,Northgate,2022-02-19,comfort,churned,3.94,1187,0.85,0.135,137.3
DRV_004457,Westville,2023-03-08,economy,active,5.0,148,0.833,0.147,87.3
DRV_004458,Harbor City,2022-01-29,comfort,suspended,4.08,327,0.905,0.163,118.4
DRV_004459,Northgate,2022-03-27,economy,active,3.89,263,0.848,0.162,167.7
DRV_004460,Metro City,2023-04-23,comfort,active,4.07,1001,0.843,0.074,172.6
DRV_004461,Ridgeline,2022-03-16,xl,churned,4.38,844,0.925,0.061,124.9
DRV_004462,Pinecrest,2022-09-05,xl,churned,4.21,661,0.935,0.163,110.7
DRV_004463,Summit Town,2023-03-06,economy,churned,3.58,1008,0.803,0.043,141.4
DRV_004464,Eastport,2023-04-24,economy,active,4.03,492,0.816,0.029,166.3
DRV_004465,Valleyford,2022-11-22,economy,active,4.24,340,0.924,0.07,63.8
DRV_004466,Harbor City,2022-03-10,economy,active,4.49,886,0.853,0.142,85.9
DRV_004467,Eastport,2023-08-07,comfort,active,4.93,1077,0.892,0.131,33.3
DRV_004468,Westville,2023-11-25,comfort,active,4.93,916,0.721,0.178,175.1
DRV_004469,Westville,2023-10-11,comfort,active,4.27,63,0.727,0.078,152.6
DRV_004470,Southbrook,2023-07-01,xl,active,4.35,362,0.849,0.064,41.5
DRV_004471,Pinecrest,2022-10-21,comfort,active,4.55,1197,0.929,0.081,160.4
DRV_004472,Harbor City,2023-10-02,xl,active,4.75,62,0.789,0.145,136.1
DRV_004473,Eastport,2022-12-23,comfort,active,4.62,591,0.969,0.054,159.4
DRV_004474,Harbor City,2022-04-10,economy,active,4.58,945,0.913,0.172,157.7
DRV_004475,Southbrook,2023-09-13,economy,churned,4.17,1049,0.919,0.102,67.1
DRV_004476,Summit Town,2022-08-22,xl,active,4.8,842,0.934,0.145,73.8
DRV_004477,Clearwater,2023-11-17,economy,active,4.49,1071,0.771,0.152,80.7
DRV_004478,Pinecrest,2022-09-26,economy,active,3.74,188,0.792,0.097,134.3
DRV_004479,Pinecrest,2023-09-27,comfort,active,4.4,381,0.733,0.139,129.0
DRV_004480,Harbor City,2023-01-28,economy,active,3.97,92,0.806,0.078,103.2
DRV_004481,Ridgeline,2022-12-08,economy,active,3.8,973,0.71,0.15,111.6
DRV_004482,Ridgeline,2022-08-05,economy,active,4.47,809,0.91,0.152,97.6
DRV_004483,Clearwater,2023-09-03,comfort,active,4.46,1087,0.925,0.111,78.7
DRV_004484,Pinecrest,2022-02-14,comfort,suspended,4.93,741,0.76,0.055,152.1
DRV_004485,Valleyford,2022-12-09,xl,active,4.96,757,0.837,0.175,115.7
DRV_004486,Summit Town,2022-09-27,comfort,suspended,4.11,927,0.888,0.172,144.8
DRV_004487,Eastport,2023-02-01,comfort,active,3.77,541,0.908,0.119,53.9
DRV_004488,Westville,2022-07-05,comfort,active,3.71,1054,0.971,0.177,67.0
DRV_004489,Clearwater,2023-05-01,economy,active,4.96,1191,0.756,0.1,90.8
DRV_004490,Pinecrest,2022-10-09,xl,active,4.09,813,0.769,0.08,63.7
DRV_004491,Westville,2022-05-18,xl,active,4.01,459,0.939,0.094,121.5
DRV_004492,Metro City,2022-05-24,economy,churned,4.43,780,0.727,0.027,137.2
DRV_004493,Southbrook,2023-05-24,comfort,active,3.59,1129,0.92,0.108,64.1
DRV_004494,Metro City,2022-07-11,economy,active,4.47,648,0.737,0.127,32.0
DRV_004495,Pinecrest,2022-08-13,comfort,suspended,4.81,923,0.83,0.038,121.0
DRV_004496,Pinecrest,2023-04-03,economy,active,4.59,701,0.866,0.061,177.2
DRV_004497,Lakewood,2022-08-29,xl,active,4.13,559,0.915,0.135,79.1
DRV_004498,Harbor City,2022-10-11,xl,active,3.67,1170,0.732,0.147,125.1
DRV_004499,Pinecrest,2022-06-28,comfort,active,3.86,464,0.931,0.178,37.2
DRV_004500,Valleyford,2022-09-10,economy,active,3.9,103,0.938,0.061,115.3
DRV_004501,Clearwater,2023-05-21,economy,active,4.08,964,0.922,0.155,114.0
DRV_004502,Southbrook,2023-01-25,economy,active,3.7,675,0.962,0.048,115.1
DRV_004503,Southbrook,2023-12-30,xl,active,4.36,82,0.944,0.041,102.9
DRV_004504,Westville,2023-07-18,economy,churned,4.05,334,0.915,0.137,97.6
DRV_004505,Northgate,2022-01-13,economy,active,4.24,926,0.862,0.091,159.7
DRV_004506,Ridgeline,2022-10-04,economy,active,3.93,884,0.926,0.147,32.0
DRV_004507,Valleyford,2022-07-31,xl,active,4.18,628,0.973,0.065,86.2
DRV_004508,Harbor City,2023-03-05,xl,active,4.57,910,0.878,0.054,92.5
DRV_004509,Eastport,2022-07-13,xl,active,3.63,1198,0.768,0.108,154.3
DRV_004510,Northgate,2023-12-07,economy,active,4.27,355,0.769,0.038,88.4
DRV_004511,Lakewood,2022-08-07,xl,churned,4.43,286,0.923,0.065,43.4
DRV_004512,Lakewood,2023-01-17,xl,churned,4.5,922,0.977,0.047,48.4
DRV_004513,Summit Town,2022-03-31,xl,active,4.88,490,0.759,0.071,48.0
DRV_004514,Harbor City,2023-10-27,economy,active,4.67,790,0.972,0.142,120.6
DRV_004515,Valleyford,2023-10-28,economy,active,4.61,652,0.775,0.039,109.5
DRV_004516,Eastport,2023-08-03,comfort,active,4.8,1138,0.816,0.118,67.4
DRV_004517,Eastport,2022-09-14,economy,active,4.87,144,0.954,0.114,58.3
DRV_004518,Pinecrest,2022-02-12,economy,active,4.76,987,0.969,0.106,166.4
DRV_004519,Southbrook,2023-06-04,economy,active,4.42,1129,0.859,0.097,117.9
DRV_004520,Ridgeline,2022-11-10,xl,active,4.76,937,0.966,0.126,156.5
DRV_004521,Southbrook,2023-12-24,economy,active,3.99,1177,0.936,0.156,69.7
DRV_004522,Metro City,2023-05-25,economy,active,4.93,211,0.943,0.046,101.2
DRV_004523,Southbrook,2023-01-29,comfort,active,3.76,1158,0.943,0.15,68.5
DRV_004524,Harbor City,2023-12-22,economy,active,3.84,1184,0.808,0.03,53.9
DRV_004525,Harbor City,2023-08-08,economy,active,3.74,1120,0.709,0.097,88.4
DRV_004526,Northgate,2022-12-01,economy,active,4.67,965,0.746,0.102,30.5
DRV_004527,Lakewood,2022-01-14,comfort,active,4.15,462,0.721,0.052,163.5
DRV_004528,Clearwater,2022-03-09,economy,active,4.61,1018,0.768,0.034,97.5
DRV_004529,Harbor City,2022-11-20,comfort,active,4.27,67,0.715,0.032,48.5
DRV_004530,Lakewood,2023-02-15,comfort,active,4.1,914,0.778,0.026,100.0
DRV_004531,Northgate,2022-01-23,economy,active,4.84,258,0.865,0.112,160.6
DRV_004532,Westville,2022-04-03,economy,active,4.15,1032,0.739,0.045,173.6
DRV_004533,Summit Town,2023-05-30,economy,active,4.43,280,0.788,0.149,30.3
DRV_004534,Ridgeline,2023-07-03,economy,suspended,4.79,750,0.763,0.164,176.2
DRV_004535,Westville,2022-01-22,economy,active,3.82,199,0.727,0.067,78.5
DRV_004536,Northgate,2023-01-06,economy,suspended,4.1,65,0.889,0.046,136.0
DRV_004537,Clearwater,2022-03-01,comfort,active,3.72,88,0.95,0.086,142.9
DRV_004538,Summit Town,2023-06-13,economy,active,4.31,582,0.9,0.161,166.0
DRV_004539,Harbor City,2023-09-01,economy,active,4.68,1020,0.892,0.084,91.5
DRV_004540,Metro City,2023-09-27,xl,active,3.58,335,0.975,0.037,144.9
DRV_004541,Valleyford,2023-03-13,comfort,active,3.59,289,0.905,0.178,132.8
DRV_004542,Westville,2023-04-05,economy,active,4.61,407,0.713,0.1,78.8
DRV_004543,Ridgeline,2023-11-08,economy,active,4.56,248,0.761,0.075,153.9
DRV_004544,Summit Town,2023-03-24,xl,active,4.1,366,0.878,0.163,163.8
DRV_004545,Metro City,2022-11-22,xl,active,4.04,474,0.879,0.168,115.0
DRV_004546,Summit Town,2023-07-05,economy,active,3.92,775,0.933,0.099,152.9
DRV_004547,Metro City,2023-03-08,xl,active,3.59,752,0.744,0.069,123.7
DRV_004548,Metro City,2023-09-07,comfort,churned,4.27,956,0.975,0.097,148.4
DRV_004549,Harbor City,2023-01-19,economy,active,4.42,474,0.845,0.055,122.7
DRV_004550,Southbrook,2023-09-27,comfort,active,4.8,1049,0.958,0.097,133.9
DRV_004551,Eastport,2022-02-02,economy,active,4.31,894,0.848,0.057,35.6
DRV_004552,Summit Town,2022-01-27,comfort,active,3.73,1055,0.752,0.12,44.5
DRV_004553,Southbrook,2022-03-14,xl,active,3.96,889,0.798,0.142,92.0
DRV_004554,Northgate,2023-02-11,economy,active,4.68,73,0.762,0.175,148.4
DRV_004555,Valleyford,2023-06-02,comfort,active,4.43,305,0.774,0.155,39.6
DRV_004556,Clearwater,2022-06-07,comfort,active,4.66,917,0.949,0.034,32.0
DRV_004557,Ridgeline,2022-04-24,comfort,active,4.12,236,0.806,0.054,62.7
DRV_004558,Harbor City,2023-09-21,comfort,active,3.6,1119,0.751,0.105,159.0
DRV_004559,Lakewood,2023-07-02,economy,active,4.84,368,0.802,0.061,163.1
DRV_004560,Valleyford,2023-04-19,xl,active,4.02,939,0.873,0.022,74.2
DRV_004561,Ridgeline,2022-12-23,comfort,active,3.63,378,0.756,0.141,132.3
DRV_004562,Ridgeline,2022-11-03,economy,churned,4.38,183,0.714,0.077,135.5
DRV_004563,Summit Town,2022-01-15,comfort,active,4.62,344,0.944,0.031,30.1
DRV_004564,Valleyford,2022-05-18,economy,active,4.22,1151,0.767,0.101,86.1
DRV_004565,Valleyford,2023-10-17,economy,suspended,4.42,645,0.962,0.176,52.5
DRV_004566,Southbrook,2022-09-05,economy,active,4.13,627,0.713,0.129,81.9
DRV_004567,Valleyford,2023-05-30,xl,active,4.72,710,0.882,0.045,69.8
DRV_004568,Summit Town,2023-05-29,comfort,active,4.68,710,0.886,0.102,41.4
DRV_004569,Pinecrest,2022-08-14,economy,active,4.58,911,0.744,0.164,177.9
DRV_004570,Southbrook,2022-05-30,comfort,active,3.53,375,0.886,0.029,105.2
DRV_004571,Metro City,2023-05-20,xl,active,4.27,65,0.809,0.122,51.8
DRV_004572,Metro City,2022-03-10,comfort,active,4.68,1023,0.807,0.135,65.2
DRV_004573,Northgate,2022-12-28,xl,active,3.87,441,0.946,0.133,35.5
DRV_004574,Valleyford,2023-10-11,xl,active,3.89,1058,0.967,0.044,75.0
DRV_004575,Westville,2023-06-04,comfort,active,4.86,757,0.748,0.165,39.7
DRV_004576,Eastport,2023-07-12,comfort,active,4.76,988,0.892,0.072,67.1
DRV_004577,Southbrook,2022-03-02,xl,active,4.98,903,0.743,0.028,95.3
DRV_004578,Westville,2022-05-26,xl,active,4.25,288,0.71,0.033,130.8
DRV_004579,Ridgeline,2022-07-20,economy,active,3.69,269,0.742,0.093,154.9
DRV_004580,Pinecrest,2022-08-02,economy,active,3.51,196,0.878,0.026,38.3
DRV_004581,Metro City,2022-05-22,economy,active,4.56,337,0.903,0.145,67.0
DRV_004582,Valleyford,2023-12-11,economy,active,4.73,1172,0.842,0.159,50.3
DRV_004583,Westville,2022-05-01,economy,active,4.14,76,0.966,0.022,82.2
DRV_004584,Ridgeline,2023-06-01,comfort,active,4.14,1053,0.914,0.15,56.4
DRV_004585,Metro City,2023-03-05,economy,active,4.76,523,0.745,0.177,65.3
DRV_004586,Eastport,2023-03-22,economy,active,3.78,1034,0.758,0.025,167.6
DRV_004587,Ridgeline,2022-06-06,economy,suspended,3.6,1040,0.867,0.136,126.2
DRV_004588,Eastport,2022-08-13,economy,active,4.95,946,0.793,0.18,160.0
DRV_004589,Pinecrest,2023-03-19,economy,active,4.31,423,0.7,0.148,111.5
DRV_004590,Northgate,2022-08-07,comfort,active,4.66,172,0.707,0.101,153.0
DRV_004591,Clearwater,2023-05-22,xl,suspended,4.93,640,0.814,0.162,82.5
DRV_004592,Pinecrest,2022-01-29,xl,active,4.72,641,0.847,0.133,66.7
DRV_004593,Southbrook,2022-02-23,economy,active,4.2,346,0.883,0.067,112.3
DRV_004594,Metro City,2023-06-16,comfort,active,4.47,182,0.914,0.056,171.3
DRV_004595,Valleyford,2023-03-27,economy,active,4.45,579,0.971,0.102,155.3
DRV_004596,Clearwater,2022-02-01,economy,active,4.89,536,0.935,0.08,66.5
DRV_004597,Lakewood,2023-10-19,economy,active,3.71,279,0.8,0.073,173.2
DRV_004598,Summit Town,2022-01-04,economy,churned,4.54,235,0.85,0.048,108.7
DRV_004599,Southbrook,2023-11-29,economy,active,4.79,611,0.76,0.155,93.1
DRV_004600,Clearwater,2023-06-17,comfort,active,4.04,601,0.971,0.133,73.2
DRV_004601,Westville,2023-12-23,comfort,active,4.56,634,0.85,0.073,124.1
DRV_004602,Lakewood,2023-11-24,economy,active,3.87,822,0.77,0.058,116.8
DRV_004603,Pinecrest,2022-08-17,economy,active,3.63,773,0.903,0.041,153.8
DRV_004604,Harbor City,2023-07-07,comfort,churned,3.54,1017,0.837,0.038,167.2
DRV_004605,Harbor City,2022-06-03,comfort,churned,4.29,1088,0.979,0.12,142.0
DRV_004606,Harbor City,2022-12-11,economy,churned,3.58,142,0.721,0.037,57.7
DRV_004607,Westville,2022-06-25,comfort,active,4.39,460,0.794,0.174,49.9
DRV_004608,Ridgeline,2022-12-21,xl,active,4.06,1075,0.964,0.065,110.4
DRV_004609,Metro City,2023-09-29,economy,active,3.51,1117,0.829,0.024,53.0
DRV_004610,Clearwater,2022-11-15,economy,active,3.84,268,0.787,0.157,122.6
DRV_004611,Southbrook,2022-03-09,economy,active,4.61,305,0.869,0.079,54.2
DRV_004612,Clearwater,2022-08-25,comfort,churned,4.07,1135,0.886,0.075,64.8
DRV_004613,Southbrook,2023-07-29,economy,active,4.59,221,0.726,0.039,42.6
DRV_004614,Northgate,2023-01-16,comfort,active,4.72,604,0.773,0.126,155.6
DRV_004615,Ridgeline,2023-02-13,economy,active,4.7,1037,0.787,0.077,118.4
DRV_004616,Westville,2022-11-11,economy,active,4.51,115,0.769,0.152,82.0
DRV_004617,Harbor City,2022-08-02,economy,churned,4.62,1061,0.807,0.121,89.5
DRV_004618,Harbor City,2023-03-13,economy,active,4.35,959,0.794,0.161,50.2
DRV_004619,Northgate,2023-04-08,economy,suspended,4.2,1064,0.905,0.12,157.2
DRV_004620,Metro City,2023-10-18,xl,active,3.59,104,0.868,0.145,75.8
DRV_004621,Clearwater,2023-03-27,comfort,active,4.96,257,0.82,0.131,40.7
DRV_004622,Pinecrest,2023-12-28,economy,active,4.76,771,0.756,0.094,83.9
DRV_004623,Valleyford,2023-08-27,economy,active,4.51,434,0.818,0.13,66.5
DRV_004624,Pinecrest,2022-02-27,comfort,active,4.47,966,0.751,0.126,91.1
DRV_004625,Summit Town,2022-10-14,xl,churned,4.37,63,0.967,0.021,159.0
DRV_004626,Pinecrest,2022-10-08,economy,active,3.64,582,0.749,0.132,141.7
DRV_004627,Westville,2022-01-03,economy,active,3.98,278,0.94,0.062,66.5
DRV_004628,Northgate,2022-05-12,xl,churned,4.01,833,0.872,0.107,78.2
DRV_004629,Ridgeline,2023-07-11,economy,active,4.69,741,0.927,0.038,95.0
DRV_004630,Pinecrest,2022-09-15,xl,active,4.41,708,0.949,0.024,54.2
DRV_004631,Valleyford,2022-04-18,economy,churned,4.1,725,0.925,0.022,72.8
DRV_004632,Northgate,2022-07-29,xl,active,3.99,130,0.865,0.045,76.3
DRV_004633,Southbrook,2022-07-20,economy,active,4.78,344,0.775,0.023,58.3
DRV_004634,Lakewood,2022-05-08,comfort,churned,4.68,847,0.885,0.041,71.0
DRV_004635,Summit Town,2022-03-15,economy,active,4.72,352,0.701,0.109,93.7
DRV_004636,Pinecrest,2023-07-12,comfort,suspended,4.09,1145,0.806,0.084,157.2
DRV_004637,Pinecrest,2023-08-25,economy,active,4.22,138,0.94,0.177,132.0
DRV_004638,Northgate,2022-12-29,comfort,active,4.36,444,0.863,0.149,40.0
DRV_004639,Northgate,2023-03-26,economy,active,3.79,465,0.773,0.043,106.3
DRV_004640,Clearwater,2023-11-03,economy,active,4.04,195,0.95,0.087,65.2
DRV_004641,Harbor City,2023-09-08,economy,active,4.24,1195,0.704,0.089,30.2
DRV_004642,Northgate,2022-01-24,xl,active,4.51,344,0.947,0.078,114.8
DRV_004643,Southbrook,2023-11-27,comfort,active,4.17,1092,0.913,0.099,59.9
DRV_004644,Clearwater,2022-02-18,economy,churned,3.73,780,0.741,0.127,127.0
DRV_004645,Metro City,2022-01-20,xl,active,4.14,688,0.718,0.123,69.1
DRV_004646,Summit Town,2022-10-22,comfort,active,4.3,1180,0.966,0.077,66.3
DRV_004647,Harbor City,2023-06-29,economy,active,4.48,81,0.719,0.133,118.6
DRV_004648,Southbrook,2022-02-28,xl,active,4.78,983,0.973,0.066,118.6
DRV_004649,Northgate,2022-08-02,economy,churned,3.85,1029,0.818,0.154,157.3
DRV_004650,Metro City,2022-07-11,economy,active,4.34,948,0.799,0.174,59.7
DRV_004651,Clearwater,2022-10-18,economy,active,4.13,718,0.882,0.067,178.0
DRV_004652,Northgate,2023-12-21,xl,active,4.53,464,0.839,0.146,85.4
DRV_004653,Westville,2022-08-30,economy,suspended,4.81,230,0.809,0.15,175.5
DRV_004654,Valleyford,2022-06-02,comfort,active,4.22,751,0.879,0.099,53.3
DRV_004655,Ridgeline,2022-03-31,comfort,active,4.77,556,0.798,0.034,172.9
DRV_004656,Westville,2022-05-25,comfort,active,3.5,514,0.71,0.146,174.6
DRV_004657,Lakewood,2022-04-08,economy,active,4.87,1158,0.931,0.085,73.6
DRV_004658,Clearwater,2023-02-23,economy,churned,4.68,117,0.844,0.053,60.5
DRV_004659,Eastport,2022-11-03,economy,active,3.7,297,0.892,0.12,120.4
DRV_004660,Ridgeline,2022-12-30,economy,active,4.51,615,0.861,0.09,50.6
DRV_004661,Ridgeline,2023-08-31,economy,active,4.27,1156,0.872,0.034,74.3
DRV_004662,Valleyford,2023-02-28,economy,active,4.96,680,0.761,0.177,177.4
DRV_004663,Eastport,2022-04-24,economy,active,3.96,598,0.962,0.059,144.7
DRV_004664,Valleyford,2022-10-03,economy,active,4.41,1024,0.825,0.102,149.4
DRV_004665,Metro City,2022-08-17,economy,active,4.28,905,0.958,0.127,161.0
DRV_004666,Valleyford,2023-08-27,economy,active,3.83,927,0.926,0.038,133.4
DRV_004667,Metro City,2022-08-13,comfort,active,4.72,785,0.902,0.138,137.5
DRV_004668,Metro City,2022-04-12,xl,active,4.61,572,0.829,0.124,139.9
DRV_004669,Westville,2023-06-22,economy,active,4.32,720,0.706,0.099,88.7
DRV_004670,Pinecrest,2022-11-09,economy,active,4.92,622,0.788,0.105,45.0
DRV_004671,Valleyford,2022-03-11,economy,churned,4.89,581,0.886,0.173,121.5
DRV_004672,Pinecrest,2023-05-19,economy,active,4.73,961,0.793,0.166,150.0
DRV_004673,Summit Town,2022-06-03,economy,active,3.73,717,0.728,0.038,65.2
DRV_004674,Ridgeline,2023-09-26,economy,active,4.84,382,0.845,0.079,57.4
DRV_004675,Summit Town,2023-08-31,economy,active,3.96,788,0.743,0.103,173.6
DRV_004676,Clearwater,2022-09-27,xl,active,4.36,463,0.786,0.167,50.8
DRV_004677,Pinecrest,2023-02-10,economy,active,4.96,987,0.841,0.151,112.3
DRV_004678,Harbor City,2023-02-19,economy,active,3.85,1089,0.733,0.082,141.2
DRV_004679,Harbor City,2023-04-23,economy,active,3.8,743,0.732,0.162,44.3
DRV_004680,Harbor City,2022-02-20,xl,active,4.78,924,0.759,0.081,114.1
DRV_004681,Northgate,2022-08-26,comfort,active,3.52,216,0.866,0.063,132.0
DRV_004682,Harbor City,2022-05-05,economy,active,3.76,1134,0.961,0.118,36.6
DRV_004683,Metro City,2023-05-25,economy,active,3.99,824,0.767,0.077,93.0
DRV_004684,Pinecrest,2022-02-20,comfort,active,4.61,1060,0.902,0.12,101.1
DRV_004685,Summit Town,2023-01-13,comfort,active,4.22,926,0.753,0.086,113.4
DRV_004686,Summit Town,2023-06-16,comfort,active,4.09,926,0.878,0.147,36.0
DRV_004687,Pinecrest,2023-11-24,economy,active,4.88,170,0.739,0.173,164.0
DRV_004688,Ridgeline,2022-07-30,comfort,active,4.63,350,0.937,0.063,159.1
DRV_004689,Lakewood,2022-01-06,comfort,active,4.45,453,0.908,0.102,158.0
DRV_004690,Southbrook,2023-06-13,comfort,churned,4.01,649,0.891,0.136,107.9
DRV_004691,Eastport,2022-01-02,economy,active,4.79,526,0.704,0.045,148.2
DRV_004692,Harbor City,2022-02-18,economy,suspended,3.88,529,0.934,0.147,150.2
DRV_004693,Pinecrest,2023-12-25,economy,active,4.92,664,0.742,0.113,174.5
DRV_004694,Summit Town,2023-09-22,economy,suspended,3.89,498,0.849,0.044,152.4
DRV_004695,Harbor City,2023-06-01,economy,active,4.73,715,0.917,0.159,47.9
DRV_004696,Eastport,2023-09-02,comfort,active,4.87,946,0.877,0.088,51.4
DRV_004697,Harbor City,2022-02-25,comfort,active,3.84,770,0.929,0.048,106.3
DRV_004698,Clearwater,2022-03-06,economy,churned,3.84,495,0.898,0.051,136.4
DRV_004699,Lakewood,2022-08-08,comfort,active,3.62,1152,0.912,0.146,155.3
DRV_004700,Valleyford,2022-01-18,xl,active,4.01,219,0.784,0.17,31.8
DRV_004701,Valleyford,2023-10-11,economy,active,4.25,53,0.806,0.081,95.0
DRV_004702,Southbrook,2022-02-11,comfort,active,3.63,450,0.84,0.033,93.5
DRV_004703,Pinecrest,2023-02-02,comfort,suspended,3.72,670,0.864,0.036,134.2
DRV_004704,Clearwater,2023-09-16,economy,churned,4.13,978,0.894,0.125,113.1
DRV_004705,Westville,2023-06-21,economy,active,3.77,729,0.856,0.079,150.4
DRV_004706,Pinecrest,2022-06-21,economy,churned,4.66,633,0.899,0.088,135.0
DRV_004707,Lakewood,2022-12-10,comfort,active,3.98,399,0.742,0.074,102.1
DRV_004708,Summit Town,2023-02-05,xl,active,3.57,64,0.811,0.094,65.7
DRV_004709,Clearwater,2023-07-15,comfort,active,3.73,498,0.956,0.123,126.6
DRV_004710,Harbor City,2022-11-08,comfort,active,3.96,766,0.761,0.107,64.0
DRV_004711,Ridgeline,2022-07-28,xl,active,3.72,992,0.74,0.046,127.1
DRV_004712,Pinecrest,2023-08-04,economy,active,3.82,251,0.909,0.099,52.7
DRV_004713,Northgate,2023-10-10,economy,active,3.81,350,0.754,0.094,61.8
DRV_004714,Southbrook,2022-12-23,economy,churned,4.13,173,0.828,0.107,94.4
DRV_004715,Pinecrest,2022-01-21,economy,active,4.29,860,0.899,0.038,107.8
DRV_004716,Southbrook,2023-01-01,economy,active,4.43,400,0.836,0.045,173.1
DRV_004717,Westville,2023-10-12,economy,active,4.86,1063,0.952,0.105,121.1
DRV_004718,Eastport,2023-12-24,comfort,active,4.53,935,0.946,0.064,93.7
DRV_004719,Northgate,2022-10-20,xl,active,3.8,1141,0.841,0.121,154.2
DRV_004720,Harbor City,2022-04-20,comfort,active,4.17,107,0.969,0.08,50.9
DRV_004721,Ridgeline,2023-02-22,xl,churned,4.59,1041,0.782,0.055,32.2
DRV_004722,Metro City,2023-08-30,xl,active,4.33,288,0.765,0.125,68.3
DRV_004723,Northgate,2023-11-21,comfort,active,3.75,722,0.888,0.083,109.9
DRV_004724,Summit Town,2022-02-07,economy,active,4.68,283,0.86,0.045,125.5
DRV_004725,Eastport,2022-08-01,economy,active,3.79,782,0.77,0.149,150.2
DRV_004726,Northgate,2022-12-15,economy,active,4.02,996,0.804,0.089,120.5
DRV_004727,Ridgeline,2022-03-13,economy,churned,4.6,570,0.765,0.166,47.4
DRV_004728,Ridgeline,2023-10-10,economy,active,4.95,337,0.766,0.051,148.7
DRV_004729,Summit Town,2022-03-23,xl,active,4.84,608,0.803,0.16,31.9
DRV_004730,Summit Town,2023-05-01,xl,active,4.95,716,0.959,0.151,135.8
DRV_004731,Southbrook,2023-11-02,comfort,active,4.1,911,0.934,0.037,108.2
DRV_004732,Lakewood,2023-05-16,comfort,suspended,4.15,195,0.843,0.105,104.3
DRV_004733,Northgate,2023-07-12,xl,active,3.74,104,0.834,0.125,141.8
DRV_004734,Metro City,2022-07-12,xl,active,4.21,959,0.709,0.099,36.6
DRV_004735,Valleyford,2023-08-28,comfort,churned,4.67,175,0.829,0.082,91.6
DRV_004736,Southbrook,2022-11-02,comfort,active,3.6,349,0.875,0.171,171.2
DRV_004737,Pinecrest,2022-02-14,economy,active,3.98,1077,0.918,0.132,32.1
DRV_004738,Summit Town,2022-09-25,economy,active,4.89,580,0.8,0.175,161.6
DRV_004739,Harbor City,2022-09-13,economy,churned,3.77,157,0.957,0.155,127.3
DRV_004740,Summit Town,2023-01-16,economy,churned,3.95,431,0.935,0.151,166.2
DRV_004741,Lakewood,2022-07-13,economy,active,4.9,1043,0.723,0.136,36.9
DRV_004742,Pinecrest,2022-12-04,comfort,active,4.02,806,0.953,0.123,151.1
DRV_004743,Ridgeline,2022-11-09,comfort,churned,4.75,935,0.762,0.162,109.7
DRV_004744,Pinecrest,2022-08-27,economy,suspended,3.93,347,0.959,0.118,67.3
DRV_004745,Summit Town,2023-05-24,economy,active,3.89,995,0.877,0.032,100.7
DRV_004746,Lakewood,2022-08-12,economy,active,3.78,50,0.815,0.113,168.5
DRV_004747,Harbor City,2023-07-14,economy,active,3.59,247,0.822,0.036,95.9
DRV_004748,Harbor City,2022-07-03,economy,active,4.12,654,0.858,0.172,50.5
DRV_004749,Valleyford,2023-09-24,economy,churned,4.57,1056,0.936,0.123,39.8
DRV_004750,Harbor City,2022-09-24,comfort,active,4.26,1171,0.934,0.109,32.1
DRV_004751,Eastport,2022-01-30,economy,churned,4.11,509,0.816,0.052,61.7
DRV_004752,Southbrook,2022-04-20,economy,active,3.81,1005,0.938,0.103,112.4
DRV_004753,Metro City,2023-08-12,economy,active,4.53,340,0.832,0.075,82.5
DRV_004754,Valleyford,2023-09-29,comfort,active,3.88,1191,0.817,0.128,161.3
DRV_004755,Harbor City,2022-06-04,comfort,active,3.55,178,0.768,0.117,147.9
DRV_004756,Clearwater,2023-03-16,economy,active,4.95,561,0.932,0.1,99.7
DRV_004757,Harbor City,2023-02-24,xl,active,4.91,54,0.874,0.06,64.5
DRV_004758,Clearwater,2022-04-08,economy,active,3.82,702,0.821,0.104,92.2
DRV_004759,Clearwater,2022-11-26,comfort,active,3.86,556,0.885,0.094,125.7
DRV_004760,Northgate,2023-05-22,economy,active,4.37,967,0.941,0.156,33.5
DRV_004761,Ridgeline,2023-12-08,xl,active,4.14,775,0.755,0.163,163.4
DRV_004762,Eastport,2023-09-11,economy,active,4.83,437,0.81,0.141,128.2
DRV_004763,Southbrook,2022-03-13,economy,active,4.14,1141,0.806,0.071,174.4
DRV_004764,Summit Town,2022-06-23,comfort,active,3.7,179,0.721,0.026,129.6
DRV_004765,Lakewood,2022-11-15,comfort,suspended,4.32,129,0.794,0.168,84.4
DRV_004766,Westville,2022-04-20,comfort,active,3.67,244,0.913,0.179,95.7
DRV_004767,Summit Town,2023-02-21,economy,active,4.17,705,0.771,0.04,31.0
DRV_004768,Southbrook,2022-01-07,economy,churned,4.37,1156,0.927,0.13,38.6
DRV_004769,Pinecrest,2022-03-24,economy,active,4.92,230,0.967,0.088,45.4
DRV_004770,Metro City,2022-02-04,comfort,active,3.94,958,0.763,0.044,89.0
DRV_004771,Westville,2022-08-04,economy,active,4.47,921,0.815,0.18,73.0
DRV_004772,Eastport,2023-07-11,xl,active,3.5,382,0.737,0.169,90.1
DRV_004773,Summit Town,2022-05-10,economy,active,4.81,225,0.894,0.177,90.9
DRV_004774,Lakewood,2023-12-22,economy,active,3.98,947,0.835,0.043,82.6
DRV_004775,Clearwater,2022-07-16,comfort,active,3.86,967,0.865,0.099,107.1
DRV_004776,Metro City,2022-02-02,economy,active,3.65,860,0.918,0.163,170.3
DRV_004777,Pinecrest,2022-09-02,comfort,active,4.68,931,0.917,0.128,108.4
DRV_004778,Harbor City,2023-07-01,xl,suspended,3.58,589,0.844,0.09,153.0
DRV_004779,Northgate,2022-03-19,economy,active,4.43,481,0.947,0.103,146.9
DRV_004780,Lakewood,2022-02-22,economy,active,3.97,76,0.961,0.026,92.6
DRV_004781,Northgate,2023-09-13,comfort,active,4.57,638,0.877,0.118,65.9
DRV_004782,Lakewood,2023-03-09,xl,suspended,4.95,887,0.711,0.158,34.8
DRV_004783,Harbor City,2022-09-08,economy,active,3.91,267,0.917,0.02,38.4
DRV_004784,Valleyford,2023-07-06,economy,active,4.43,383,0.95,0.046,62.9
DRV_004785,Clearwater,2023-09-09,economy,active,4.06,704,0.856,0.103,161.6
DRV_004786,Southbrook,2022-09-20,economy,active,4.26,362,0.896,0.11,45.8
DRV_004787,Clearwater,2023-02-14,economy,active,3.62,1062,0.8,0.075,153.8
DRV_004788,Metro City,2022-01-08,economy,churned,3.81,654,0.841,0.024,98.6
DRV_004789,Southbrook,2022-08-12,comfort,active,4.69,530,0.923,0.139,126.8
DRV_004790,Pinecrest,2023-03-11,comfort,active,4.02,355,0.945,0.059,51.6
DRV_004791,Clearwater,2022-05-24,economy,churned,3.5,1095,0.732,0.123,149.1
DRV_004792,Pinecrest,2023-12-25,economy,churned,3.98,873,0.705,0.109,43.5
DRV_004793,Lakewood,2023-12-10,comfort,active,4.5,710,0.805,0.089,108.5
DRV_004794,Harbor City,2022-07-08,xl,suspended,4.96,385,0.809,0.114,45.5
DRV_004795,Southbrook,2022-10-17,comfort,active,4.78,186,0.917,0.131,158.3
DRV_004796,Metro City,2022-05-19,economy,suspended,4.64,977,0.702,0.112,118.3
DRV_004797,Valleyford,2023-01-03,xl,suspended,4.89,104,0.914,0.109,111.8
DRV_004798,Summit Town,2022-04-01,xl,active,4.49,552,0.85,0.09,70.9
DRV_004799,Lakewood,2022-10-13,comfort,active,4.28,709,0.895,0.089,106.7
DRV_004800,Northgate,2023-02-10,xl,active,4.31,644,0.843,0.099,33.1
DRV_004801,Valleyford,2023-03-23,xl,active,4.92,843,0.921,0.092,102.1
DRV_004802,Northgate,2023-03-12,comfort,active,3.5,90,0.822,0.09,62.2
DRV_004803,Valleyford,2022-06-11,economy,active,4.27,311,0.797,0.054,163.8
DRV_004804,Eastport,2023-08-02,comfort,active,4.65,73,0.878,0.136,70.8
DRV_004805,Metro City,2023-05-20,economy,active,3.56,338,0.824,0.041,106.7
DRV_004806,Ridgeline,2023-07-04,economy,active,4.73,293,0.785,0.165,30.5
DRV_004807,Clearwater,2022-12-08,economy,active,4.77,1039,0.956,0.12,141.4
DRV_004808,Ridgeline,2023-10-14,comfort,active,4.29,450,0.903,0.028,54.1
DRV_004809,Lakewood,2022-10-12,economy,active,4.74,700,0.755,0.125,179.8
DRV_004810,Clearwater,2023-08-12,comfort,active,3.71,252,0.907,0.078,73.9
DRV_004811,Ridgeline,2022-05-29,xl,active,4.91,940,0.771,0.169,129.8
DRV_004812,Ridgeline,2022-06-30,economy,active,3.57,627,0.821,0.17,174.0
DRV_004813,Metro City,2023-01-20,comfort,active,3.56,1075,0.761,0.155,143.4
DRV_004814,Northgate,2023-02-10,comfort,active,4.29,741,0.732,0.111,82.5
DRV_004815,Westville,2023-06-29,comfort,active,4.6,960,0.812,0.167,168.1
DRV_004816,Valleyford,2022-08-06,xl,active,4.55,973,0.855,0.124,61.9
DRV_004817,Westville,2023-09-30,economy,active,4.33,140,0.785,0.16,125.2
DRV_004818,Northgate,2022-08-29,economy,suspended,4.68,640,0.721,0.046,141.8
DRV_004819,Southbrook,2023-01-25,comfort,churned,4.41,466,0.77,0.165,83.5
DRV_004820,Clearwater,2023-11-12,economy,churned,4.78,472,0.769,0.126,154.7
DRV_004821,Harbor City,2023-01-29,xl,active,3.67,507,0.865,0.069,100.9
DRV_004822,Westville,2023-05-13,comfort,active,4.97,1112,0.779,0.18,159.2
DRV_004823,Eastport,2023-10-26,economy,active,4.82,1171,0.849,0.13,62.2
DRV_004824,Lakewood,2023-12-13,economy,active,4.84,551,0.832,0.165,164.3
DRV_004825,Lakewood,2022-12-31,economy,active,4.05,1194,0.775,0.021,110.0
DRV_004826,Summit Town,2022-11-01,xl,active,4.92,373,0.908,0.108,94.3
DRV_004827,Valleyford,2022-05-24,economy,active,3.71,896,0.887,0.134,65.3
DRV_004828,Valleyford,2023-01-28,economy,active,3.62,137,0.89,0.022,45.5
DRV_004829,Summit Town,2023-11-02,economy,active,4.1,232,0.821,0.142,73.7
DRV_004830,Southbrook,2022-12-22,economy,active,4.9,262,0.789,0.124,89.6
DRV_004831,Harbor City,2022-09-12,comfort,active,4.95,707,0.865,0.064,119.9
DRV_004832,Pinecrest,2022-03-20,economy,suspended,4.24,844,0.969,0.13,138.5
DRV_004833,Clearwater,2022-10-12,economy,active,4.63,87,0.822,0.041,36.4
DRV_004834,Metro City,2022-06-22,comfort,churned,4.31,278,0.886,0.152,172.7
DRV_004835,Southbrook,2023-12-15,economy,active,3.67,1066,0.824,0.159,67.3
DRV_004836,Metro City,2023-01-21,economy,active,4.48,469,0.961,0.098,131.8
DRV_004837,Westville,2022-04-11,economy,churned,3.72,875,0.774,0.101,151.0
DRV_004838,Southbrook,2022-02-19,comfort,churned,4.48,81,0.828,0.084,92.6
DRV_004839,Lakewood,2023-09-14,xl,active,3.86,547,0.838,0.075,95.7
DRV_004840,Summit Town,2023-11-11,economy,active,3.89,484,0.904,0.16,37.2
DRV_004841,Southbrook,2023-07-11,xl,active,4.51,959,0.902,0.069,91.2
DRV_004842,Harbor City,2022-04-01,economy,active,4.2,795,0.907,0.084,170.6
DRV_004843,Valleyford,2022-03-13,xl,active,4.75,131,0.905,0.068,85.4
DRV_004844,Westville,2022-05-25,economy,active,4.52,302,0.832,0.125,164.6
DRV_004845,Pinecrest,2023-07-03,economy,active,3.94,688,0.744,0.15,135.1
DRV_004846,Harbor City,2023-07-13,comfort,active,4.67,54,0.944,0.046,162.7
DRV_004847,Valleyford,2023-09-04,economy,active,3.6,181,0.791,0.061,59.4
DRV_004848,Clearwater,2022-03-12,economy,churned,4.6,1008,0.731,0.037,130.3
DRV_004849,Lakewood,2022-04-22,economy,active,4.08,73,0.736,0.046,44.9
DRV_004850,Harbor City,2023-10-20,economy,active,3.95,879,0.839,0.085,103.1
DRV_004851,Westville,2023-11-09,economy,active,4.28,681,0.819,0.144,138.6
DRV_004852,Northgate,2023-06-14,xl,churned,4.86,1191,0.886,0.107,54.3
DRV_004853,Southbrook,2022-03-19,economy,active,3.89,726,0.871,0.029,173.8
DRV_004854,Summit Town,2022-02-20,economy,active,5.0,205,0.73,0.12,100.5
DRV_004855,Harbor City,2022-02-10,comfort,active,4.38,758,0.783,0.147,97.1
DRV_004856,Summit Town,2023-05-21,economy,suspended,3.88,829,0.951,0.083,162.9
DRV_004857,Northgate,2023-09-10,comfort,active,4.54,388,0.915,0.059,159.0
DRV_004858,Lakewood,2023-04-07,economy,active,4.6,345,0.944,0.142,167.5
DRV_004859,Northgate,2022-07-11,economy,active,4.3,513,0.706,0.024,130.5
DRV_004860,Clearwater,2023-07-07,comfort,active,3.7,627,0.955,0.15,129.3
DRV_004861,Ridgeline,2022-02-13,comfort,active,4.72,341,0.941,0.149,64.5
DRV_004862,Northgate,2023-08-28,economy,active,4.72,908,0.827,0.162,141.3
DRV_004863,Westville,2023-10-14,economy,active,4.65,1030,0.889,0.034,123.2
DRV_004864,Eastport,2023-06-09,comfort,active,4.63,243,0.776,0.037,81.5
DRV_004865,Summit Town,2023-10-04,economy,churned,4.07,902,0.884,0.16,175.0
DRV_004866,Lakewood,2023-03-04,economy,active,4.24,585,0.924,0.096,102.9
DRV_004867,Valleyford,2022-12-08,economy,active,4.49,206,0.835,0.083,138.5
DRV_004868,Clearwater,2022-08-24,economy,active,3.75,359,0.708,0.112,129.9
DRV_004869,Ridgeline,2023-11-04,economy,active,4.41,1108,0.817,0.029,31.6
DRV_004870,Valleyford,2023-05-25,economy,active,3.67,228,0.903,0.123,98.5
DRV_004871,Northgate,2022-05-20,economy,active,4.77,104,0.897,0.171,121.0
DRV_004872,Summit Town,2023-11-30,economy,active,3.68,881,0.836,0.128,180.0
DRV_004873,Harbor City,2022-02-13,economy,active,4.66,677,0.976,0.094,53.2
DRV_004874,Valleyford,2023-03-05,comfort,active,3.83,347,0.733,0.174,132.3
DRV_004875,Harbor City,2022-05-20,xl,churned,4.89,912,0.744,0.13,95.5
DRV_004876,Valleyford,2023-04-30,xl,active,4.49,658,0.772,0.029,100.6
DRV_004877,Summit Town,2022-10-29,comfort,suspended,4.15,323,0.925,0.127,53.8
DRV_004878,Clearwater,2022-11-16,economy,active,3.57,846,0.914,0.03,109.5
DRV_004879,Northgate,2023-05-06,comfort,active,4.41,1023,0.916,0.069,36.9
DRV_004880,Metro City,2023-07-06,economy,churned,4.07,559,0.946,0.119,92.1
DRV_004881,Lakewood,2022-10-05,economy,active,4.7,956,0.824,0.054,90.8
DRV_004882,Pinecrest,2023-12-30,economy,active,4.69,203,0.789,0.026,56.0
DRV_004883,Clearwater,2022-12-30,economy,active,4.53,122,0.868,0.119,179.6
DRV_004884,Metro City,2022-04-28,economy,churned,3.9,64,0.815,0.066,136.9
DRV_004885,Harbor City,2022-01-05,comfort,active,3.76,439,0.847,0.105,173.3
DRV_004886,Lakewood,2022-05-28,economy,active,4.25,489,0.739,0.062,141.4
DRV_004887,Ridgeline,2023-05-20,economy,active,4.18,1063,0.811,0.13,104.1
DRV_004888,Lakewood,2023-01-29,economy,active,4.51,1189,0.832,0.163,121.9
DRV_004889,Clearwater,2022-09-04,economy,active,4.3,781,0.724,0.034,55.2
DRV_004890,Valleyford,2022-12-18,comfort,active,4.24,1168,0.978,0.146,52.9
DRV_004891,Eastport,2023-09-04,economy,active,4.22,1167,0.711,0.045,103.0
DRV_004892,Summit Town,2023-02-22,economy,active,4.26,565,0.957,0.073,60.5
DRV_004893,Ridgeline,2022-02-12,comfort,active,4.81,355,0.722,0.077,145.5
DRV_004894,Eastport,2022-02-05,economy,active,3.76,528,0.941,0.053,74.5
DRV_004895,Harbor City,2022-12-18,economy,suspended,3.53,66,0.854,0.032,43.1
DRV_004896,Summit Town,2022-10-23,xl,active,3.83,793,0.755,0.143,117.8
DRV_004897,Eastport,2023-09-13,economy,active,3.97,1057,0.765,0.147,113.3
DRV_004898,Pinecrest,2023-03-02,xl,active,4.42,1007,0.798,0.179,69.2
DRV_004899,Valleyford,2023-07-07,xl,active,4.76,338,0.922,0.17,49.3
DRV_004900,Ridgeline,2023-03-04,xl,active,4.57,714,0.741,0.09,124.3
DRV_004901,Harbor City,2022-09-10,economy,active,5.0,1068,0.768,0.041,141.1
DRV_004902,Pinecrest,2023-04-25,comfort,suspended,3.5,882,0.894,0.022,58.4
DRV_004903,Lakewood,2023-03-30,economy,active,3.79,116,0.872,0.105,141.9
DRV_004904,Eastport,2023-06-10,economy,active,3.63,77,0.818,0.158,128.3
DRV_004905,Metro City,2022-05-19,economy,churned,4.5,1097,0.717,0.063,146.2
DRV_004906,Metro City,2023-04-14,economy,active,4.14,1060,0.856,0.052,39.6
DRV_004907,Ridgeline,2022-07-28,comfort,active,3.97,917,0.764,0.09,174.9
DRV_004908,Eastport,2023-07-31,economy,active,3.97,669,0.871,0.163,128.9
DRV_004909,Northgate,2023-08-06,economy,churned,4.84,1171,0.777,0.092,68.8
DRV_004910,Southbrook,2023-04-02,comfort,churned,3.61,616,0.974,0.136,161.6
DRV_004911,Ridgeline,2023-11-23,economy,active,3.97,748,0.865,0.094,117.1
DRV_004912,Lakewood,2023-01-28,economy,active,4.25,298,0.86,0.08,54.1
DRV_004913,Valleyford,2022-01-19,comfort,active,4.12,433,0.934,0.091,157.9
DRV_004914,Westville,2023-03-19,comfort,active,4.53,206,0.978,0.143,138.3
DRV_004915,Westville,2023-07-22,economy,active,4.41,663,0.918,0.141,72.0
DRV_004916,Valleyford,2022-03-15,economy,active,4.7,473,0.866,0.089,111.6
DRV_004917,Southbrook,2022-03-18,economy,active,4.77,865,0.942,0.063,89.9
DRV_004918,Harbor City,2022-07-19,economy,active,4.1,1108,0.751,0.042,31.0
DRV_004919,Ridgeline,2023-09-09,comfort,active,4.8,1016,0.914,0.02,101.7
DRV_004920,Ridgeline,2023-01-21,comfort,active,4.45,693,0.89,0.038,65.3
DRV_004921,Pinecrest,2023-12-14,economy,active,4.79,960,0.858,0.046,53.2
DRV_004922,Westville,2023-09-30,comfort,suspended,4.2,523,0.943,0.13,43.9
DRV_004923,Northgate,2023-02-10,economy,suspended,3.54,770,0.899,0.151,63.5
DRV_004924,Harbor City,2023-05-11,economy,active,4.49,210,0.901,0.138,143.9
DRV_004925,Westville,2022-08-30,xl,active,4.95,160,0.955,0.136,83.8
DRV_004926,Clearwater,2022-03-07,economy,active,4.9,121,0.896,0.179,50.9
DRV_004927,Northgate,2022-10-19,economy,suspended,3.73,390,0.772,0.174,55.4
DRV_004928,Clearwater,2023-03-09,economy,churned,4.23,747,0.751,0.063,127.8
DRV_004929,Lakewood,2022-05-14,economy,churned,4.81,593,0.844,0.043,90.5
DRV_004930,Pinecrest,2022-06-11,economy,churned,4.12,1151,0.766,0.045,123.3
DRV_004931,Summit Town,2022-01-11,comfort,suspended,4.28,128,0.896,0.163,37.8
DRV_004932,Ridgeline,2023-06-20,comfort,active,5.0,565,0.936,0.036,139.3
DRV_004933,Northgate,2023-10-19,economy,active,4.22,507,0.782,0.074,174.4
DRV_004934,Summit Town,2023-08-28,comfort,suspended,3.79,322,0.956,0.105,148.0
DRV_004935,Westville,2022-10-05,economy,churned,3.56,672,0.909,0.118,138.3
DRV_004936,Westville,2023-03-10,economy,active,4.19,483,0.977,0.115,59.8
DRV_004937,Metro City,2023-12-03,xl,active,4.27,297,0.756,0.146,90.8
DRV_004938,Metro City,2023-03-08,economy,active,4.88,636,0.829,0.111,53.4
DRV_004939,Northgate,2022-08-04,xl,active,4.69,302,0.879,0.156,144.3
DRV_004940,Pinecrest,2022-09-05,economy,active,3.59,916,0.914,0.034,141.3
DRV_004941,Pinecrest,2023-06-15,xl,churned,4.73,469,0.955,0.157,48.5
DRV_004942,Southbrook,2022-11-22,economy,active,3.6,571,0.95,0.114,141.8
DRV_004943,Clearwater,2023-09-04,economy,churned,3.52,248,0.766,0.056,115.7
DRV_004944,Westville,2023-09-23,comfort,active,4.32,1115,0.818,0.176,177.1
DRV_004945,Southbrook,2022-01-27,economy,active,4.29,253,0.901,0.17,178.4
DRV_004946,Summit Town,2023-06-13,economy,active,3.97,786,0.737,0.155,42.1
DRV_004947,Clearwater,2022-09-28,economy,active,4.19,787,0.969,0.166,155.5
DRV_004948,Metro City,2023-01-15,economy,active,4.88,188,0.909,0.081,54.1
DRV_004949,Southbrook,2022-07-13,economy,churned,4.51,219,0.932,0.056,112.5
DRV_004950,Valleyford,2022-09-26,comfort,active,4.01,181,0.954,0.049,105.8
DRV_004951,Summit Town,2022-08-30,economy,active,4.9,1122,0.75,0.16,71.1
DRV_004952,Southbrook,2022-02-06,economy,churned,3.74,684,0.818,0.152,138.3
DRV_004953,Northgate,2023-07-26,comfort,active,3.76,221,0.882,0.177,110.4
DRV_004954,Southbrook,2022-04-15,xl,suspended,3.85,973,0.93,0.156,123.3
DRV_004955,Harbor City,2022-10-02,economy,churned,3.85,1120,0.907,0.121,133.7
DRV_004956,Southbrook,2022-05-21,economy,active,3.61,663,0.734,0.043,90.7
DRV_004957,Valleyford,2022-04-28,economy,active,3.96,692,0.881,0.046,36.2
DRV_004958,Southbrook,2022-09-30,economy,active,4.32,974,0.782,0.096,68.7
DRV_004959,Valleyford,2023-11-02,economy,active,3.83,535,0.814,0.143,56.3
DRV_004960,Westville,2023-11-21,economy,suspended,3.66,142,0.978,0.048,143.0
DRV_004961,Summit Town,2022-10-06,xl,active,4.48,899,0.744,0.166,67.4
DRV_004962,Pinecrest,2023-01-04,economy,churned,4.13,428,0.729,0.129,84.8
DRV_004963,Pinecrest,2023-12-21,economy,churned,4.48,813,0.815,0.07,96.9
DRV_004964,Harbor City,2022-06-21,economy,active,3.87,105,0.942,0.162,155.3
DRV_004965,Metro City,2023-11-21,xl,churned,4.63,444,0.745,0.116,156.7
DRV_004966,Southbrook,2022-03-19,comfort,active,4.96,459,0.722,0.137,63.0
DRV_004967,Harbor City,2022-06-14,comfort,churned,3.89,410,0.817,0.082,91.3
DRV_004968,Harbor City,2022-09-04,economy,active,4.46,704,0.877,0.083,66.7
DRV_004969,Eastport,2022-01-28,comfort,churned,4.65,548,0.743,0.022,176.4
DRV_004970,Lakewood,2023-08-19,xl,churned,4.31,1114,0.925,0.106,110.0
DRV_004971,Ridgeline,2023-09-17,economy,suspended,3.94,878,0.937,0.142,30.1
DRV_004972,Eastport,2022-10-07,comfort,suspended,3.82,579,0.846,0.175,43.6
DRV_004973,Clearwater,2023-09-03,xl,active,4.47,361,0.709,0.163,158.4
DRV_004974,Westville,2023-07-18,economy,active,4.22,481,0.845,0.034,89.7
DRV_004975,Westville,2023-08-09,economy,active,4.76,407,0.76,0.177,165.8
DRV_004976,Valleyford,2023-08-09,comfort,active,3.63,831,0.825,0.044,129.5
DRV_004977,Harbor City,2023-02-23,economy,active,3.55,1121,0.913,0.027,110.0
DRV_004978,Pinecrest,2022-03-22,economy,active,4.06,875,0.715,0.14,152.2
DRV_004979,Ridgeline,2023-11-06,economy,active,4.21,1124,0.7,0.165,139.6
DRV_004980,Eastport,2023-03-21,xl,active,4.46,246,0.737,0.172,117.3
DRV_004981,Eastport,2023-10-20,comfort,active,3.67,150,0.713,0.152,42.7
DRV_004982,Westville,2023-12-02,economy,active,4.38,855,0.773,0.053,150.4
DRV_004983,Northgate,2022-05-17,economy,active,4.72,1178,0.813,0.045,154.7
DRV_004984,Harbor City,2022-10-21,comfort,active,4.86,670,0.918,0.029,164.1
DRV_004985,Harbor City,2022-05-21,xl,active,4.85,570,0.708,0.113,45.2
DRV_004986,Ridgeline,2022-02-07,economy,active,4.28,635,0.798,0.098,175.8
DRV_004987,Southbrook,2023-12-07,comfort,active,4.85,228,0.96,0.037,95.6
DRV_004988,Ridgeline,2023-11-06,economy,active,4.31,1178,0.861,0.094,62.7
DRV_004989,Westville,2023-11-12,comfort,active,3.61,116,0.931,0.111,136.6
DRV_004990,Northgate,2023-10-08,comfort,churned,4.96,936,0.835,0.136,146.2
DRV_004991,Valleyford,2023-04-19,comfort,active,3.5,530,0.727,0.086,30.1
DRV_004992,Pinecrest,2023-01-17,economy,suspended,3.93,987,0.752,0.071,78.8
DRV_004993,Valleyford,2023-12-25,xl,active,3.57,889,0.912,0.127,100.3
DRV_004994,Eastport,2023-02-08,economy,active,4.32,994,0.942,0.129,157.4
DRV_004995,Ridgeline,2023-04-14,xl,active,4.35,890,0.831,0.063,33.0
DRV_004996,Harbor City,2022-06-04,economy,active,4.46,794,0.838,0.023,142.8
DRV_004997,Harbor City,2023-06-30,economy,churned,3.71,662,0.826,0.171,169.7
DRV_004998,Eastport,2023-08-22,economy,churned,3.53,79,0.705,0.141,171.2
DRV_004999,Eastport,2023-05-11,economy,churned,3.9,999,0.727,0.052,63.8
DRV_005000,Southbrook,2022-12-30,economy,active,3.58,473,0.978,0.111,122.6
DRV_005001,Southbrook,2022-05-25,comfort,active,3.55,493,0.712,0.115,101.5
DRV_005002,Lakewood,2022-01-25,comfort,active,3.9,931,0.798,0.04,122.4
DRV_005003,Valleyford,2023-04-03,comfort,active,5.0,133,0.893,0.051,112.0
DRV_005004,Harbor City,2023-05-14,economy,active,4.71,256,0.819,0.173,165.7
DRV_005005,Clearwater,2023-07-19,comfort,active,4.04,1114,0.975,0.101,139.9
DRV_005006,Westville,2023-11-25,economy,active,4.06,1151,0.709,0.051,111.9
DRV_005007,Valleyford,2022-12-30,comfort,active,4.89,1116,0.945,0.148,179.6
DRV_005008,Southbrook,2023-08-29,comfort,active,4.49,58,0.738,0.095,170.8
DRV_005009,Pinecrest,2023-06-07,economy,active,4.76,494,0.757,0.122,52.5
DRV_005010,Harbor City,2022-07-22,economy,active,4.8,692,0.848,0.068,125.4
DRV_005011,Metro City,2023-09-09,xl,churned,3.75,409,0.944,0.029,170.4
DRV_005012,Valleyford,2022-02-08,economy,active,3.52,147,0.816,0.046,156.8
DRV_005013,Northgate,2023-03-14,economy,active,3.9,91,0.782,0.176,164.1
DRV_005014,Northgate,2023-11-18,xl,active,4.39,924,0.812,0.12,122.5
DRV_005015,Eastport,2023-04-27,economy,suspended,4.86,971,0.726,0.153,41.7
DRV_005016,Valleyford,2023-11-16,comfort,active,3.96,759,0.935,0.023,32.6
DRV_005017,Ridgeline,2022-02-10,comfort,active,4.78,172,0.956,0.142,75.2
DRV_005018,Summit Town,2023-01-24,economy,active,4.49,515,0.889,0.098,122.4
DRV_005019,Westville,2023-07-24,economy,active,4.48,583,0.825,0.126,168.8
DRV_005020,Ridgeline,2023-04-14,comfort,active,4.57,166,0.872,0.077,89.1
DRV_005021,Eastport,2023-10-05,economy,active,4.27,267,0.855,0.119,124.0
DRV_005022,Pinecrest,2022-12-04,comfort,active,4.51,569,0.714,0.026,110.0
DRV_005023,Eastport,2023-05-14,xl,active,4.69,356,0.81,0.027,65.4
DRV_005024,Valleyford,2022-11-03,economy,active,4.38,452,0.884,0.148,77.0
DRV_005025,Southbrook,2023-09-29,economy,active,3.56,304,0.937,0.04,86.0
DRV_005026,Clearwater,2022-03-29,comfort,churned,4.27,266,0.801,0.022,144.7
DRV_005027,Southbrook,2022-07-05,comfort,active,4.4,1184,0.929,0.166,130.3
DRV_005028,Westville,2022-03-12,economy,active,4.81,261,0.912,0.062,101.2
DRV_005029,Eastport,2023-05-28,economy,active,3.51,727,0.96,0.113,178.7
DRV_005030,Northgate,2022-06-19,xl,active,3.57,1024,0.977,0.154,74.8
DRV_005031,Eastport,2022-08-20,comfort,active,4.05,384,0.712,0.139,140.0
DRV_005032,Harbor City,2023-09-03,comfort,suspended,4.7,428,0.822,0.027,46.6
DRV_005033,Valleyford,2022-09-20,economy,active,4.23,710,0.917,0.11,97.8
DRV_005034,Southbrook,2022-04-17,economy,active,3.96,164,0.93,0.107,146.7
DRV_005035,Metro City,2022-01-16,comfort,churned,4.54,790,0.723,0.076,101.7
DRV_005036,Eastport,2022-06-15,economy,active,4.26,231,0.87,0.141,117.9
DRV_005037,Lakewood,2023-10-30,economy,churned,4.36,913,0.952,0.174,101.7
DRV_005038,Clearwater,2023-02-05,economy,suspended,4.14,810,0.764,0.044,63.9
DRV_005039,Harbor City,2023-12-28,xl,churned,4.59,508,0.797,0.043,160.7
DRV_005040,Valleyford,2022-06-07,comfort,churned,3.52,475,0.811,0.138,129.6
DRV_005041,Eastport,2022-09-14,comfort,active,3.5,245,0.81,0.093,141.5
DRV_005042,Eastport,2022-04-30,economy,churned,4.52,114,0.857,0.147,172.4
DRV_005043,Westville,2022-10-18,economy,active,3.54,1172,0.717,0.043,133.9
DRV_005044,Eastport,2023-02-16,comfort,churned,4.01,113,0.918,0.026,39.7
DRV_005045,Summit Town,2023-08-13,xl,suspended,4.05,256,0.734,0.132,124.4
DRV_005046,Ridgeline,2022-09-26,comfort,active,4.42,118,0.928,0.179,105.8
DRV_005047,Harbor City,2023-07-18,economy,active,4.66,600,0.705,0.035,63.2
DRV_005048,Lakewood,2023-04-03,comfort,active,4.73,897,0.92,0.158,119.0
DRV_005049,Westville,2022-08-02,economy,active,3.92,345,0.799,0.082,131.0
DRV_005050,Northgate,2023-10-28,economy,active,3.74,1027,0.884,0.023,113.9
DRV_005051,Eastport,2022-11-13,comfort,churned,4.97,748,0.75,0.102,53.0
DRV_005052,Clearwater,2022-04-21,comfort,active,3.57,1021,0.85,0.065,125.3
DRV_005053,Northgate,2023-12-04,economy,churned,4.72,497,0.784,0.131,33.7
DRV_005054,Summit Town,2023-10-29,comfort,active,3.53,677,0.701,0.066,53.9
DRV_005055,Eastport,2022-02-06,xl,active,4.23,307,0.903,0.097,149.7
DRV_005056,Southbrook,2023-10-21,comfort,active,4.46,501,0.737,0.052,103.5
DRV_005057,Westville,2023-11-23,comfort,active,4.22,1093,0.963,0.152,118.6
DRV_005058,Ridgeline,2023-08-29,economy,active,4.35,414,0.852,0.168,80.9
DRV_005059,Westville,2022-07-06,xl,active,3.54,519,0.7,0.085,114.9
DRV_005060,Southbrook,2023-04-06,comfort,active,3.73,907,0.965,0.092,35.7
DRV_005061,Summit Town,2023-01-28,xl,active,4.33,368,0.737,0.177,33.6
DRV_005062,Summit Town,2023-03-29,xl,churned,4.74,979,0.934,0.043,165.6
DRV_005063,Westville,2023-03-27,economy,active,4.32,369,0.792,0.149,72.9
DRV_005064,Southbrook,2023-04-12,xl,active,4.25,1129,0.859,0.111,150.5
DRV_005065,Harbor City,2023-01-11,economy,active,4.98,841,0.934,0.161,107.4
DRV_005066,Eastport,2023-05-20,comfort,active,4.08,1182,0.714,0.067,41.3
DRV_005067,Metro City,2023-01-20,comfort,active,4.08,704,0.89,0.067,39.4
DRV_005068,Southbrook,2022-01-13,xl,active,3.61,860,0.742,0.072,39.3
DRV_005069,Lakewood,2022-01-26,comfort,active,4.67,836,0.901,0.023,105.4
DRV_005070,Northgate,2023-12-01,comfort,suspended,3.6,271,0.745,0.047,80.0
DRV_005071,Clearwater,2023-10-26,xl,active,3.7,82,0.706,0.179,176.7
DRV_005072,Harbor City,2023-03-04,xl,active,3.59,1156,0.744,0.06,46.1
DRV_005073,Southbrook,2022-05-08,comfort,active,3.79,735,0.875,0.023,89.5
DRV_005074,Westville,2023-07-25,comfort,churned,4.16,191,0.976,0.065,32.1
DRV_005075,Summit Town,2022-04-15,economy,churned,3.56,748,0.972,0.085,122.1
DRV_005076,Ridgeline,2022-10-03,economy,active,4.12,371,0.909,0.108,44.2
DRV_005077,Clearwater,2022-08-29,xl,active,4.22,441,0.931,0.031,132.1
DRV_005078,Valleyford,2022-01-10,economy,active,3.67,1007,0.945,0.146,137.8
DRV_005079,Ridgeline,2023-08-13,xl,active,3.58,681,0.848,0.152,177.9
DRV_005080,Northgate,2023-01-08,comfort,active,3.97,642,0.764,0.054,63.2
DRV_005081,Northgate,2022-08-19,economy,active,4.48,691,0.885,0.148,128.5
DRV_005082,Northgate,2023-01-06,xl,active,4.41,330,0.74,0.078,75.9
DRV_005083,Pinecrest,2022-01-01,economy,active,3.69,951,0.933,0.088,75.7
DRV_005084,Southbrook,2022-11-16,economy,active,3.64,652,0.815,0.17,158.5
DRV_005085,Westville,2023-01-15,economy,active,3.78,509,0.775,0.163,163.6
DRV_005086,Harbor City,2022-09-05,economy,churned,4.81,936,0.936,0.08,70.3
DRV_005087,Metro City,2023-08-30,comfort,active,4.9,726,0.731,0.098,119.7
DRV_005088,Westville,2022-07-02,economy,active,4.28,364,0.973,0.066,141.0
DRV_005089,Clearwater,2022-04-11,xl,active,4.85,934,0.966,0.102,80.9
DRV_005090,Harbor City,2023-01-21,comfort,active,3.7,626,0.87,0.129,53.1
DRV_005091,Eastport,2023-10-10,economy,churned,4.49,165,0.899,0.035,152.5
DRV_005092,Ridgeline,2022-10-01,xl,suspended,4.47,380,0.71,0.167,108.4
DRV_005093,Southbrook,2022-02-04,xl,active,4.17,871,0.822,0.135,71.7
DRV_005094,Summit Town,2023-12-10,comfort,active,4.61,507,0.948,0.035,34.1
DRV_005095,Clearwater,2022-11-21,xl,active,4.21,860,0.703,0.159,158.7
DRV_005096,Summit Town,2022-05-07,economy,suspended,4.78,293,0.781,0.139,96.7
DRV_005097,Northgate,2023-03-26,economy,active,3.7,1144,0.799,0.07,113.2
DRV_005098,Northgate,2022-08-22,economy,active,3.53,863,0.889,0.103,50.1
DRV_005099,Ridgeline,2023-11-16,economy,active,4.07,331,0.897,0.158,42.4
DRV_005100,Ridgeline,2022-08-03,economy,active,3.69,411,0.718,0.175,83.4
DRV_005101,Westville,2023-02-06,economy,churned,3.77,423,0.761,0.065,64.4
DRV_005102,Pinecrest,2023-02-01,economy,suspended,3.57,632,0.931,0.124,35.1
DRV_005103,Southbrook,2022-06-26,economy,active,4.15,441,0.754,0.158,56.4
DRV_005104,Valleyford,2022-12-31,comfort,active,4.61,975,0.78,0.178,128.1
DRV_005105,Lakewood,2022-03-21,economy,churned,4.34,275,0.745,0.031,67.6
DRV_005106,Westville,2023-04-15,economy,churned,4.04,212,0.911,0.101,174.9
DRV_005107,Harbor City,2023-07-08,economy,active,3.52,108,0.708,0.16,165.1
DRV_005108,Westville,2023-11-25,economy,active,4.26,810,0.785,0.021,81.9
DRV_005109,Pinecrest,2022-08-26,economy,active,3.99,1075,0.849,0.09,148.7
DRV_005110,Northgate,2022-07-28,economy,active,3.86,430,0.702,0.113,57.0
DRV_005111,Harbor City,2023-02-05,comfort,active,4.18,983,0.967,0.104,99.8
DRV_005112,Northgate,2023-05-21,comfort,active,3.76,611,0.943,0.137,94.4
DRV_005113,Westville,2023-12-26,economy,active,3.98,376,0.881,0.03,160.9
DRV_005114,Valleyford,2022-01-19,comfort,churned,4.89,873,0.823,0.146,90.8
DRV_005115,Eastport,2022-06-23,comfort,active,4.42,50,0.743,0.065,54.4
DRV_005116,Valleyford,2022-07-11,economy,churned,4.98,1112,0.855,0.152,134.8
DRV_005117,Ridgeline,2022-07-06,comfort,active,4.44,1182,0.767,0.087,126.1
DRV_005118,Lakewood,2022-12-05,economy,active,3.65,1039,0.879,0.027,78.3
DRV_005119,Lakewood,2023-09-30,economy,suspended,4.5,1062,0.741,0.174,141.3
DRV_005120,Lakewood,2022-01-23,economy,churned,4.8,1085,0.901,0.145,126.0
DRV_005121,Lakewood,2023-08-19,economy,churned,4.87,558,0.79,0.076,53.2
DRV_005122,Harbor City,2023-03-27,economy,churned,4.33,107,0.841,0.063,60.3
DRV_005123,Metro City,2023-03-26,comfort,active,3.68,688,0.745,0.114,129.3
DRV_005124,Metro City,2023-05-11,comfort,active,4.46,534,0.772,0.178,120.0
DRV_005125,Ridgeline,2022-03-26,economy,active,3.71,969,0.826,0.066,35.2
DRV_005126,Southbrook,2023-06-30,economy,churned,3.58,971,0.828,0.172,68.4
DRV_005127,Valleyford,2022-07-01,xl,churned,3.82,994,0.98,0.073,43.9
DRV_005128,Westville,2023-01-13,economy,suspended,3.65,983,0.794,0.133,176.1
DRV_005129,Westville,2023-05-10,economy,suspended,4.17,1016,0.724,0.081,102.5
DRV_005130,Westville,2023-03-17,comfort,active,4.92,532,0.847,0.034,106.0
DRV_005131,Clearwater,2022-08-24,xl,active,4.49,794,0.79,0.17,52.0
DRV_005132,Pinecrest,2022-10-17,comfort,active,4.54,378,0.946,0.046,100.3
DRV_005133,Lakewood,2022-12-14,comfort,active,4.71,759,0.759,0.171,174.5
DRV_005134,Harbor City,2022-01-31,xl,active,3.86,681,0.94,0.037,159.7
DRV_005135,Northgate,2023-06-15,economy,active,4.36,101,0.886,0.063,102.3
DRV_005136,Lakewood,2022-03-14,comfort,active,4.57,908,0.753,0.167,162.1
DRV_005137,Northgate,2022-12-01,economy,active,3.96,821,0.813,0.125,93.3
DRV_005138,Valleyford,2023-04-24,comfort,churned,4.08,845,0.838,0.05,121.9
DRV_005139,Valleyford,2022-02-28,comfort,active,4.55,318,0.846,0.115,87.4
DRV_005140,Harbor City,2023-12-28,xl,active,4.71,338,0.811,0.049,132.1
DRV_005141,Eastport,2022-10-03,comfort,active,4.04,91,0.864,0.16,135.3
DRV_005142,Northgate,2022-01-12,comfort,active,4.44,50,0.901,0.028,45.6
DRV_005143,Southbrook,2023-04-26,economy,active,4.5,879,0.842,0.105,164.8
DRV_005144,Ridgeline,2023-02-12,economy,active,4.89,1069,0.869,0.03,67.6
DRV_005145,Clearwater,2023-04-13,economy,active,4.68,506,0.941,0.131,144.3
DRV_005146,Northgate,2023-07-03,economy,active,3.79,562,0.839,0.17,171.3
DRV_005147,Valleyford,2022-12-14,comfort,active,4.44,495,0.817,0.153,74.0
DRV_005148,Westville,2023-08-27,economy,churned,4.94,1007,0.769,0.079,176.3
DRV_005149,Westville,2022-09-28,economy,active,4.07,1020,0.737,0.058,146.1
DRV_005150,Summit Town,2023-02-02,comfort,active,4.65,1052,0.782,0.039,140.0
DRV_005151,Northgate,2022-04-26,economy,active,4.31,145,0.814,0.16,45.9
DRV_005152,Clearwater,2023-03-29,comfort,suspended,4.16,1129,0.914,0.033,99.5
DRV_005153,Southbrook,2022-07-10,comfort,active,4.36,62,0.761,0.121,101.0
DRV_005154,Harbor City,2023-05-24,economy,active,4.14,455,0.897,0.079,164.3
DRV_005155,Metro City,2023-08-08,economy,active,3.98,384,0.722,0.179,103.6
DRV_005156,Westville,2023-09-20,comfort,churned,4.64,808,0.744,0.101,87.9
DRV_005157,Summit Town,2023-11-10,economy,active,4.3,356,0.791,0.108,93.7
DRV_005158,Lakewood,2022-03-31,economy,active,4.9,735,0.832,0.167,174.6
DRV_005159,Valleyford,2022-04-11,comfort,churned,3.51,1075,0.751,0.175,122.1
DRV_005160,Harbor City,2023-11-08,comfort,active,4.65,238,0.731,0.113,104.7
DRV_005161,Pinecrest,2022-10-06,comfort,active,3.74,1060,0.858,0.147,144.6
DRV_005162,Northgate,2022-01-19,comfort,active,4.64,552,0.815,0.122,72.1
DRV_005163,Summit Town,2022-07-29,economy,suspended,4.81,737,0.816,0.088,158.3
DRV_005164,Eastport,2023-09-03,comfort,active,4.68,545,0.786,0.029,123.5
DRV_005165,Pinecrest,2022-09-17,economy,active,4.39,278,0.804,0.135,69.6
DRV_005166,Harbor City,2022-02-26,economy,active,3.68,269,0.752,0.132,44.6
DRV_005167,Harbor City,2023-06-12,economy,active,4.94,101,0.776,0.039,105.4
DRV_005168,Clearwater,2022-05-23,economy,active,3.99,481,0.852,0.057,144.4
DRV_005169,Metro City,2022-09-15,comfort,active,3.54,162,0.846,0.137,79.1
DRV_005170,Northgate,2022-01-03,comfort,active,3.5,551,0.954,0.044,174.5
DRV_005171,Valleyford,2023-03-16,comfort,active,4.61,595,0.933,0.131,110.4
DRV_005172,Clearwater,2022-11-22,economy,active,4.75,969,0.702,0.135,157.6
DRV_005173,Summit Town,2023-09-25,economy,active,4.7,890,0.764,0.077,48.6
DRV_005174,Southbrook,2022-09-02,comfort,active,4.34,1036,0.949,0.061,111.8
DRV_005175,Southbrook,2022-05-30,economy,active,4.45,79,0.788,0.08,176.7
DRV_005176,Northgate,2022-05-02,economy,active,4.86,874,0.834,0.077,95.2
DRV_005177,Southbrook,2022-05-27,economy,active,4.5,365,0.889,0.117,146.7
DRV_005178,Clearwater,2022-11-26,economy,active,4.03,975,0.852,0.139,135.8
DRV_005179,Southbrook,2022-03-05,economy,suspended,4.93,1094,0.701,0.158,81.1
DRV_005180,Westville,2022-10-21,economy,active,4.95,163,0.758,0.025,154.5
DRV_005181,Summit Town,2023-09-16,xl,active,4.44,639,0.728,0.136,96.4
DRV_005182,Valleyford,2023-07-15,comfort,suspended,4.35,690,0.747,0.07,87.7
DRV_005183,Westville,2023-04-11,economy,churned,4.91,367,0.741,0.154,129.5
DRV_005184,Lakewood,2023-10-14,economy,active,4.67,347,0.874,0.032,62.1
DRV_005185,Valleyford,2023-07-24,economy,active,3.68,211,0.814,0.108,166.1
DRV_005186,Metro City,2023-04-22,xl,active,4.94,531,0.719,0.108,40.0
DRV_005187,Eastport,2023-09-23,economy,active,4.59,858,0.723,0.072,164.6
DRV_005188,Pinecrest,2022-04-01,xl,active,4.61,858,0.966,0.175,111.2
DRV_005189,Valleyford,2023-08-21,xl,suspended,4.1,941,0.743,0.037,130.3
DRV_005190,Southbrook,2022-08-04,economy,active,3.51,1138,0.771,0.042,173.6
DRV_005191,Metro City,2023-06-20,xl,suspended,3.91,778,0.861,0.123,174.1
DRV_005192,Valleyford,2023-10-29,economy,active,4.0,460,0.752,0.102,157.9
DRV_005193,Pinecrest,2022-12-29,economy,active,4.18,369,0.755,0.062,144.6
DRV_005194,Harbor City,2022-03-06,xl,active,4.55,714,0.72,0.069,115.4
DRV_005195,Northgate,2022-09-28,comfort,active,4.18,558,0.975,0.045,63.9
DRV_005196,Valleyford,2022-10-25,comfort,suspended,4.06,173,0.87,0.159,96.0
DRV_005197,Pinecrest,2023-11-15,economy,active,3.87,508,0.848,0.111,116.8
DRV_005198,Metro City,2023-11-20,economy,active,4.65,834,0.949,0.059,66.5
DRV_005199,Valleyford,2023-02-19,comfort,active,4.68,251,0.866,0.083,120.4
DRV_005200,Lakewood,2023-11-25,economy,active,4.04,323,0.774,0.165,114.4
DRV_005201,Pinecrest,2022-11-15,xl,active,3.83,372,0.832,0.162,137.7
DRV_005202,Harbor City,2022-10-28,comfort,suspended,3.83,589,0.834,0.031,124.6
DRV_005203,Westville,2023-09-03,economy,active,4.49,987,0.811,0.125,159.7
DRV_005204,Clearwater,2023-05-03,comfort,churned,4.66,424,0.911,0.044,92.9
DRV_005205,Clearwater,2023-01-17,economy,active,4.68,196,0.731,0.054,116.5
DRV_005206,Clearwater,2022-11-30,comfort,churned,4.81,108,0.745,0.158,120.8
DRV_005207,Harbor City,2023-05-31,comfort,active,4.63,755,0.804,0.163,82.2
DRV_005208,Lakewood,2023-07-05,economy,churned,4.23,901,0.72,0.033,129.3
DRV_005209,Eastport,2022-12-25,economy,active,3.9,150,0.976,0.16,79.6
DRV_005210,Northgate,2022-01-24,comfort,active,4.06,762,0.839,0.137,146.7
DRV_005211,Westville,2022-03-16,comfort,suspended,3.93,1091,0.714,0.144,166.2
DRV_005212,Lakewood,2022-04-16,economy,churned,3.65,990,0.87,0.147,67.9
DRV_005213,Ridgeline,2022-12-04,economy,active,3.72,1125,0.919,0.101,117.8
DRV_005214,Pinecrest,2023-03-25,economy,churned,3.52,1138,0.814,0.172,159.2
DRV_005215,Southbrook,2023-08-10,comfort,active,3.8,953,0.835,0.052,117.6
DRV_005216,Metro City,2022-06-19,economy,churned,4.75,522,0.896,0.101,93.1
DRV_005217,Clearwater,2023-07-29,economy,active,4.31,851,0.765,0.071,134.1
DRV_005218,Summit Town,2023-05-02,economy,churned,4.08,919,0.867,0.152,90.4
DRV_005219,Pinecrest,2022-02-07,xl,active,3.86,927,0.877,0.033,101.8
DRV_005220,Ridgeline,2022-09-14,economy,suspended,4.38,406,0.925,0.089,178.9
DRV_005221,Clearwater,2022-08-09,economy,active,4.96,558,0.95,0.144,86.9
DRV_005222,Lakewood,2023-10-10,economy,active,4.02,547,0.963,0.07,166.1
DRV_005223,Harbor City,2023-11-04,economy,active,4.77,978,0.735,0.058,141.3
DRV_005224,Ridgeline,2023-08-22,comfort,active,4.91,1011,0.929,0.062,93.1
DRV_005225,Harbor City,2023-01-21,economy,active,4.68,1152,0.889,0.134,165.3
DRV_005226,Clearwater,2022-12-26,comfort,suspended,4.39,1083,0.804,0.066,52.6
DRV_005227,Eastport,2022-08-16,comfort,suspended,3.95,181,0.958,0.084,173.0
DRV_005228,Southbrook,2023-07-19,xl,active,3.55,482,0.941,0.107,136.0
DRV_005229,Summit Town,2022-03-04,economy,active,4.6,515,0.917,0.171,112.0
DRV_005230,Eastport,2022-07-17,economy,churned,4.93,973,0.716,0.147,97.1
DRV_005231,Ridgeline,2022-04-09,economy,active,4.53,79,0.75,0.05,169.5
DRV_005232,Pinecrest,2022-12-27,economy,suspended,3.55,930,0.957,0.161,151.5
DRV_005233,Clearwater,2022-08-07,economy,active,3.71,1077,0.975,0.155,112.4
DRV_005234,Metro City,2022-05-25,economy,active,4.09,264,0.778,0.139,152.3
DRV_005235,Harbor City,2022-10-02,economy,active,4.98,442,0.778,0.103,113.8
DRV_005236,Southbrook,2023-09-21,comfort,active,3.63,769,0.871,0.031,139.1
DRV_005237,Lakewood,2023-02-12,economy,active,3.98,733,0.721,0.134,125.6
DRV_005238,Eastport,2023-08-24,comfort,churned,4.33,620,0.867,0.103,59.2
DRV_005239,Northgate,2023-10-30,comfort,active,3.67,392,0.971,0.07,62.6
DRV_005240,Valleyford,2023-10-21,economy,churned,3.68,122,0.783,0.022,138.3
DRV_005241,Summit Town,2022-09-14,economy,active,3.6,337,0.908,0.057,72.0
DRV_005242,Clearwater,2023-10-03,economy,active,4.25,679,0.847,0.117,164.0
DRV_005243,Pinecrest,2023-10-26,comfort,churned,3.93,317,0.78,0.038,109.9
DRV_005244,Valleyford,2023-12-02,comfort,active,3.56,1176,0.815,0.125,50.8
DRV_005245,Pinecrest,2022-09-14,economy,suspended,4.25,271,0.854,0.151,144.9
DRV_005246,Westville,2022-06-16,economy,suspended,4.6,946,0.913,0.071,142.4
DRV_005247,Ridgeline,2023-03-03,comfort,active,4.5,431,0.851,0.033,127.6
DRV_005248,Westville,2023-11-12,economy,active,4.53,281,0.959,0.042,166.3
DRV_005249,Southbrook,2023-10-20,comfort,active,4.33,287,0.733,0.077,141.9
DRV_005250,Summit Town,2023-02-21,economy,churned,4.67,304,0.968,0.15,145.8
DRV_005251,Clearwater,2022-04-19,economy,active,3.59,1157,0.854,0.121,105.7
DRV_005252,Ridgeline,2022-11-05,economy,active,3.79,416,0.81,0.159,144.6
DRV_005253,Pinecrest,2023-06-06,economy,active,4.55,408,0.721,0.179,94.1
DRV_005254,Northgate,2023-02-14,comfort,active,4.0,70,0.783,0.052,97.4
DRV_005255,Valleyford,2022-09-10,xl,active,3.86,428,0.823,0.131,120.1
DRV_005256,Ridgeline,2022-09-08,comfort,active,3.54,134,0.962,0.095,143.5
DRV_005257,Harbor City,2022-02-13,economy,active,4.8,267,0.912,0.099,43.7
DRV_005258,Pinecrest,2022-07-30,comfort,churned,4.76,877,0.717,0.072,102.7
DRV_005259,Summit Town,2023-05-04,economy,active,3.59,776,0.792,0.075,32.0
DRV_005260,Pinecrest,2022-06-26,economy,active,3.96,678,0.838,0.128,105.3
DRV_005261,Lakewood,2023-12-27,economy,active,3.82,309,0.938,0.119,95.0
DRV_005262,Southbrook,2022-03-02,comfort,active,3.81,850,0.917,0.071,39.3
DRV_005263,Northgate,2023-03-06,xl,active,3.89,231,0.761,0.039,83.2
DRV_005264,Ridgeline,2022-12-29,comfort,churned,3.95,872,0.714,0.113,72.3
DRV_005265,Southbrook,2023-09-01,economy,churned,4.56,856,0.737,0.138,164.0
DRV_005266,Westville,2023-10-11,comfort,active,4.95,134,0.841,0.109,95.7
DRV_005267,Harbor City,2023-02-01,economy,active,3.57,743,0.725,0.021,43.1
DRV_005268,Clearwater,2023-04-06,economy,active,3.98,1137,0.77,0.065,90.0
DRV_005269,Metro City,2023-05-26,economy,active,4.5,762,0.93,0.145,126.3
DRV_005270,Valleyford,2023-01-16,xl,churned,3.96,1164,0.813,0.139,167.5
DRV_005271,Clearwater,2022-05-15,economy,churned,3.79,1010,0.979,0.022,160.9
DRV_005272,Clearwater,2022-11-09,xl,active,3.75,89,0.912,0.095,95.9
DRV_005273,Westville,2022-06-26,comfort,churned,4.4,1087,0.774,0.09,125.0
DRV_005274,Northgate,2022-12-06,comfort,active,3.73,127,0.702,0.124,175.1
DRV_005275,Valleyford,2023-03-26,economy,churned,3.64,282,0.848,0.04,52.3
DRV_005276,Eastport,2022-06-02,economy,active,4.62,992,0.898,0.119,162.5
DRV_005277,Summit Town,2022-07-02,economy,active,4.02,612,0.832,0.172,157.0
DRV_005278,Harbor City,2023-08-24,comfort,active,4.84,749,0.954,0.079,167.2
DRV_005279,Southbrook,2022-10-03,economy,active,4.24,385,0.915,0.074,175.0
DRV_005280,Southbrook,2022-05-25,economy,active,3.7,1190,0.846,0.025,54.7
DRV_005281,Lakewood,2023-06-05,comfort,active,3.79,152,0.705,0.029,114.1
DRV_005282,Eastport,2023-06-08,economy,active,4.82,333,0.795,0.169,54.8
DRV_005283,Southbrook,2023-08-27,comfort,active,3.69,1018,0.838,0.176,70.6
DRV_005284,Valleyford,2023-07-09,comfort,active,3.97,964,0.77,0.021,149.2
DRV_005285,Metro City,2023-12-26,economy,churned,3.96,376,0.935,0.164,161.9
DRV_005286,Westville,2023-02-24,economy,active,4.98,653,0.819,0.048,98.6
DRV_005287,Southbrook,2022-07-29,comfort,active,4.96,91,0.757,0.11,142.2
DRV_005288,Metro City,2023-09-22,economy,active,4.54,688,0.918,0.129,60.7
DRV_005289,Lakewood,2022-07-13,comfort,active,3.85,1028,0.87,0.077,97.9
DRV_005290,Valleyford,2022-08-01,comfort,active,3.77,290,0.755,0.105,30.6
DRV_005291,Harbor City,2023-08-28,comfort,active,3.59,1123,0.849,0.12,146.8
DRV_005292,Eastport,2023-10-06,economy,active,3.59,747,0.894,0.051,70.0
DRV_005293,Metro City,2022-09-05,economy,active,4.91,104,0.826,0.179,35.1
DRV_005294,Clearwater,2023-06-17,comfort,active,4.41,522,0.785,0.053,82.7
DRV_005295,Valleyford,2023-11-05,comfort,suspended,3.8,245,0.893,0.022,83.7
DRV_005296,Harbor City,2023-08-07,economy,active,4.67,303,0.892,0.171,137.9
DRV_005297,Northgate,2022-01-04,economy,active,3.61,144,0.705,0.089,85.0
DRV_005298,Ridgeline,2023-05-01,economy,active,4.28,1012,0.766,0.084,75.1
DRV_005299,Valleyford,2022-05-05,comfort,active,3.79,817,0.881,0.064,31.2
DRV_005300,Metro City,2023-09-10,comfort,active,4.17,296,0.763,0.024,147.2
DRV_005301,Pinecrest,2022-02-18,comfort,churned,3.84,146,0.97,0.062,41.0
DRV_005302,Lakewood,2023-12-26,economy,active,3.7,395,0.746,0.083,81.4
DRV_005303,Southbrook,2022-05-10,comfort,active,4.89,376,0.91,0.103,66.9
DRV_005304,Clearwater,2022-11-03,economy,churned,4.88,149,0.98,0.093,173.3
DRV_005305,Valleyford,2022-06-20,economy,active,4.24,192,0.797,0.161,120.9
DRV_005306,Pinecrest,2023-08-18,economy,active,4.68,827,0.869,0.166,34.4
DRV_005307,Pinecrest,2022-10-15,comfort,active,3.8,912,0.73,0.071,131.3
DRV_005308,Northgate,2023-06-28,comfort,active,4.1,376,0.874,0.174,162.4
DRV_005309,Summit Town,2022-02-19,comfort,active,3.84,505,0.977,0.158,130.2
DRV_005310,Metro City,2022-11-27,economy,active,3.63,1151,0.972,0.168,108.5
DRV_005311,Southbrook,2023-10-28,economy,suspended,4.14,445,0.815,0.133,79.0
DRV_005312,Westville,2023-11-08,economy,active,4.62,902,0.93,0.052,122.9
DRV_005313,Eastport,2022-06-02,comfort,churned,4.62,1015,0.931,0.051,36.2
DRV_005314,Valleyford,2022-10-15,economy,churned,4.17,1086,0.792,0.165,63.7
DRV_005315,Eastport,2022-10-26,economy,active,4.17,1163,0.93,0.101,168.1
DRV_005316,Lakewood,2023-02-17,economy,active,4.4,275,0.745,0.162,136.6
DRV_005317,Pinecrest,2023-01-28,economy,suspended,4.9,1143,0.974,0.135,44.2
DRV_005318,Lakewood,2022-03-19,economy,active,3.73,785,0.942,0.054,130.6
DRV_005319,Northgate,2023-07-11,economy,active,4.11,319,0.843,0.082,164.9
DRV_005320,Clearwater,2022-06-14,economy,churned,4.86,1061,0.808,0.175,130.6
DRV_005321,Northgate,2022-08-18,economy,active,4.32,499,0.965,0.023,118.6
DRV_005322,Lakewood,2023-09-06,xl,active,4.69,1155,0.72,0.134,104.2
DRV_005323,Eastport,2023-05-19,economy,active,4.19,586,0.84,0.177,118.7
DRV_005324,Lakewood,2022-10-17,economy,active,4.88,797,0.836,0.037,160.7
DRV_005325,Metro City,2023-10-29,comfort,active,4.84,601,0.807,0.064,77.4
DRV_005326,Metro City,2022-10-15,economy,active,4.17,1139,0.732,0.108,145.8
DRV_005327,Metro City,2023-02-17,economy,suspended,3.51,592,0.77,0.155,126.2
DRV_005328,Valleyford,2022-06-29,comfort,active,4.35,219,0.975,0.101,49.6
DRV_005329,Northgate,2022-05-14,comfort,active,3.81,1059,0.926,0.03,65.8
DRV_005330,Lakewood,2022-12-25,comfort,active,3.86,96,0.935,0.04,162.6
DRV_005331,Southbrook,2023-02-16,economy,active,4.14,912,0.843,0.08,78.6
DRV_005332,Summit Town,2023-08-12,comfort,active,4.17,584,0.885,0.072,91.4
DRV_005333,Valleyford,2022-10-13,economy,active,4.79,846,0.841,0.055,79.9
DRV_005334,Eastport,2023-10-16,comfort,active,3.55,414,0.89,0.154,113.4
DRV_005335,Metro City,2023-03-20,comfort,active,3.94,310,0.942,0.024,39.9
DRV_005336,Eastport,2022-02-21,economy,active,4.45,1114,0.768,0.153,96.2
DRV_005337,Eastport,2023-06-24,comfort,active,4.43,264,0.966,0.167,105.0
DRV_005338,Metro City,2023-02-24,comfort,active,3.98,68,0.956,0.121,152.1
DRV_005339,Pinecrest,2022-10-12,comfort,active,3.77,514,0.817,0.12,61.9
DRV_005340,Pinecrest,2022-12-08,comfort,active,3.92,414,0.974,0.044,88.2
DRV_005341,Harbor City,2022-08-09,comfort,churned,4.84,733,0.947,0.111,109.0
DRV_005342,Harbor City,2023-03-25,comfort,active,3.89,452,0.711,0.08,151.4
DRV_005343,Northgate,2023-02-18,comfort,active,4.24,462,0.712,0.057,135.3
DRV_005344,Northgate,2022-11-23,economy,active,4.91,869,0.898,0.113,36.8
DRV_005345,Westville,2022-07-28,economy,active,3.68,931,0.919,0.02,82.4
DRV_005346,Northgate,2022-10-19,xl,active,4.81,52,0.77,0.064,62.6
DRV_005347,Southbrook,2022-12-30,economy,active,4.62,243,0.84,0.125,48.4
DRV_005348,Northgate,2022-12-11,economy,active,4.23,1027,0.851,0.093,71.3
DRV_005349,Clearwater,2022-08-14,comfort,suspended,4.92,1080,0.825,0.043,115.7
DRV_005350,Southbrook,2023-03-01,economy,active,3.61,1124,0.719,0.02,152.5
DRV_005351,Valleyford,2022-06-15,economy,active,4.78,458,0.761,0.063,162.8
DRV_005352,Northgate,2023-01-01,xl,active,3.8,606,0.928,0.108,80.3
DRV_005353,Clearwater,2022-03-30,economy,active,4.03,221,0.72,0.106,64.6
DRV_005354,Lakewood,2022-12-11,economy,active,3.68,174,0.874,0.041,116.1
DRV_005355,Valleyford,2023-07-27,comfort,active,4.24,739,0.878,0.118,130.0
DRV_005356,Clearwater,2023-08-21,comfort,churned,3.75,108,0.968,0.18,112.9
DRV_005357,Clearwater,2023-05-23,economy,active,3.88,239,0.976,0.114,154.5
DRV_005358,Harbor City,2023-06-29,economy,active,3.59,347,0.965,0.104,89.4
DRV_005359,Valleyford,2022-02-18,comfort,active,3.96,103,0.852,0.12,79.8
DRV_005360,Valleyford,2022-09-07,economy,active,3.75,204,0.712,0.161,115.0
DRV_005361,Eastport,2023-04-23,economy,active,4.53,65,0.778,0.171,129.0
DRV_005362,Harbor City,2023-08-08,economy,active,4.46,628,0.833,0.027,80.2
DRV_005363,Harbor City,2023-03-02,xl,suspended,4.5,727,0.711,0.053,68.1
DRV_005364,Northgate,2023-09-16,comfort,churned,4.51,521,0.71,0.039,175.0
DRV_005365,Pinecrest,2022-07-19,economy,active,3.65,487,0.791,0.144,136.2
DRV_005366,Summit Town,2022-04-23,xl,suspended,3.82,270,0.808,0.027,122.0
DRV_005367,Lakewood,2022-03-05,economy,active,4.61,1046,0.863,0.164,72.7
DRV_005368,Eastport,2023-03-02,economy,active,4.22,1008,0.961,0.023,168.2
DRV_005369,Pinecrest,2023-05-01,economy,active,4.45,544,0.81,0.116,109.3
DRV_005370,Summit Town,2022-07-28,comfort,active,3.58,740,0.713,0.064,70.5
DRV_005371,Metro City,2023-07-27,economy,active,4.08,1147,0.851,0.095,84.2
DRV_005372,Summit Town,2023-06-24,economy,active,4.16,770,0.8,0.091,85.8
DRV_005373,Pinecrest,2022-09-20,economy,active,4.54,644,0.952,0.14,35.1
DRV_005374,Eastport,2022-06-24,comfort,churned,4.87,835,0.821,0.099,91.4
DRV_005375,Southbrook,2023-06-26,economy,churned,4.36,972,0.79,0.087,69.1
DRV_005376,Westville,2023-05-06,economy,active,4.64,1044,0.903,0.137,97.8
DRV_005377,Harbor City,2022-05-05,economy,active,4.47,254,0.838,0.168,114.1
DRV_005378,Northgate,2022-07-06,economy,active,4.86,826,0.855,0.147,80.3
DRV_005379,Ridgeline,2022-12-21,economy,churned,4.72,1079,0.743,0.138,34.6
DRV_005380,Ridgeline,2023-01-09,xl,churned,3.87,202,0.805,0.098,169.1
DRV_005381,Valleyford,2022-05-02,comfort,active,3.83,1171,0.713,0.164,47.6
DRV_005382,Lakewood,2023-11-24,comfort,active,4.87,490,0.911,0.098,82.6
DRV_005383,Ridgeline,2022-10-11,economy,active,4.4,1084,0.769,0.169,139.1
DRV_005384,Clearwater,2022-10-06,economy,active,4.17,649,0.734,0.148,161.9
DRV_005385,Lakewood,2022-02-14,economy,churned,4.55,591,0.865,0.044,126.9
DRV_005386,Summit Town,2023-10-02,economy,churned,3.92,263,0.862,0.028,66.1
DRV_005387,Lakewood,2022-06-21,economy,active,4.71,965,0.788,0.139,129.5
DRV_005388,Lakewood,2023-12-22,economy,active,4.29,1131,0.969,0.13,90.4
DRV_005389,Ridgeline,2022-12-29,comfort,active,4.81,1141,0.878,0.116,141.7
DRV_005390,Metro City,2023-10-01,comfort,churned,4.47,340,0.959,0.176,89.3
DRV_005391,Harbor City,2022-05-11,economy,active,3.89,799,0.784,0.107,43.2
DRV_005392,Summit Town,2022-05-02,economy,active,4.95,937,0.855,0.076,109.0
DRV_005393,Ridgeline,2023-08-08,comfort,suspended,4.1,1148,0.816,0.11,36.3
DRV_005394,Lakewood,2023-08-22,xl,active,4.65,1144,0.816,0.025,123.5
DRV_005395,Lakewood,2023-02-01,xl,active,3.88,769,0.713,0.113,77.6
DRV_005396,Harbor City,2022-01-24,economy,churned,4.13,366,0.761,0.164,162.3
DRV_005397,Westville,2023-11-20,economy,suspended,4.61,259,0.943,0.021,105.1
DRV_005398,Ridgeline,2022-10-15,economy,active,4.54,574,0.938,0.155,35.1
DRV_005399,Westville,2023-11-15,xl,churned,4.91,787,0.729,0.148,125.8
DRV_005400,Valleyford,2023-09-28,economy,active,4.7,336,0.705,0.037,154.7
DRV_005401,Westville,2023-09-14,comfort,active,3.99,772,0.729,0.155,36.7
DRV_005402,Lakewood,2023-05-18,economy,active,4.79,995,0.879,0.142,141.7
DRV_005403,Summit Town,2023-05-07,economy,suspended,4.88,689,0.767,0.099,144.2
DRV_005404,Metro City,2023-01-24,economy,active,4.93,964,0.914,0.059,132.1
DRV_005405,Metro City,2022-01-19,comfort,active,4.85,418,0.702,0.066,103.5
DRV_005406,Ridgeline,2022-10-11,economy,active,4.54,1077,0.9,0.118,127.1
DRV_005407,Pinecrest,2023-06-18,economy,active,4.69,1184,0.948,0.059,103.4
DRV_005408,Lakewood,2023-08-16,economy,active,4.47,122,0.713,0.072,86.4
DRV_005409,Eastport,2023-02-13,xl,active,3.98,365,0.943,0.169,37.5
DRV_005410,Harbor City,2023-06-02,xl,active,4.72,901,0.957,0.137,104.4
DRV_005411,Pinecrest,2022-01-16,economy,active,3.84,917,0.85,0.138,147.5
DRV_005412,Northgate,2022-12-08,comfort,active,4.15,716,0.78,0.173,37.6
DRV_005413,Westville,2023-01-06,comfort,active,4.02,694,0.858,0.021,35.6
DRV_005414,Metro City,2023-10-14,xl,active,3.76,537,0.787,0.059,55.4
DRV_005415,Summit Town,2022-08-16,comfort,active,4.7,702,0.961,0.125,74.3
DRV_005416,Westville,2022-06-17,economy,active,4.21,1072,0.852,0.09,105.0
DRV_005417,Ridgeline,2022-09-15,xl,active,4.29,106,0.924,0.038,154.3
DRV_005418,Harbor City,2022-05-05,economy,active,4.25,1047,0.871,0.145,34.4
DRV_005419,Harbor City,2023-02-12,economy,active,4.53,142,0.781,0.028,147.3
DRV_005420,Ridgeline,2023-04-15,economy,active,3.76,854,0.84,0.107,137.2
DRV_005421,Eastport,2023-08-08,xl,active,4.25,447,0.946,0.11,104.9
DRV_005422,Westville,2023-12-11,comfort,active,3.89,247,0.807,0.122,58.9
DRV_005423,Harbor City,2022-02-23,comfort,active,4.96,58,0.796,0.071,42.8
DRV_005424,Lakewood,2022-06-30,economy,suspended,3.59,348,0.968,0.024,53.7
DRV_005425,Harbor City,2022-08-08,comfort,active,4.89,53,0.794,0.162,79.9
DRV_005426,Ridgeline,2022-07-02,economy,active,3.59,229,0.941,0.169,109.6
DRV_005427,Summit Town,2023-08-27,economy,suspended,3.66,501,0.75,0.097,82.4
DRV_005428,Lakewood,2022-04-12,xl,active,4.86,344,0.922,0.023,113.8
DRV_005429,Pinecrest,2022-01-22,economy,active,4.47,561,0.872,0.113,162.2
DRV_005430,Pinecrest,2023-09-21,xl,active,3.99,939,0.734,0.071,49.5
DRV_005431,Northgate,2023-12-03,economy,active,4.38,71,0.718,0.049,164.2
DRV_005432,Summit Town,2022-06-15,comfort,active,3.75,433,0.784,0.047,59.1
DRV_005433,Clearwater,2022-08-31,economy,active,3.6,484,0.884,0.049,103.9
DRV_005434,Northgate,2023-01-03,economy,active,3.57,375,0.801,0.073,140.0
DRV_005435,Southbrook,2023-01-19,economy,active,3.91,665,0.776,0.065,134.5
DRV_005436,Valleyford,2023-12-25,economy,active,3.77,336,0.863,0.154,143.7
DRV_005437,Pinecrest,2022-10-23,xl,suspended,4.1,302,0.967,0.099,137.0
DRV_005438,Eastport,2022-01-09,comfort,active,4.82,108,0.734,0.088,32.4
DRV_005439,Eastport,2022-11-05,xl,churned,4.07,865,0.88,0.043,104.4
DRV_005440,Harbor City,2023-02-11,economy,churned,4.1,441,0.955,0.16,86.9
DRV_005441,Pinecrest,2023-01-13,comfort,active,3.68,981,0.852,0.029,169.2
DRV_005442,Clearwater,2023-01-09,economy,active,4.98,158,0.97,0.058,173.2
DRV_005443,Southbrook,2023-11-05,economy,active,3.72,305,0.867,0.119,68.4
DRV_005444,Clearwater,2023-08-13,xl,active,4.01,696,0.888,0.132,136.8
DRV_005445,Valleyford,2022-07-03,economy,active,4.92,1028,0.922,0.148,65.6
DRV_005446,Lakewood,2022-09-17,comfort,active,4.18,262,0.756,0.086,142.3
DRV_005447,Valleyford,2023-05-03,xl,active,4.01,397,0.857,0.075,74.9
DRV_005448,Valleyford,2022-10-27,economy,active,4.57,362,0.872,0.066,139.6
DRV_005449,Clearwater,2022-11-09,xl,active,3.55,87,0.734,0.111,34.1
DRV_005450,Lakewood,2022-05-03,economy,churned,3.98,600,0.828,0.076,135.4
DRV_005451,Harbor City,2022-07-05,comfort,churned,4.37,824,0.916,0.072,93.1
DRV_005452,Ridgeline,2023-06-25,comfort,active,4.99,488,0.711,0.023,140.8
DRV_005453,Northgate,2023-09-08,comfort,churned,4.95,842,0.816,0.172,43.7
DRV_005454,Harbor City,2023-07-27,xl,active,4.44,419,0.741,0.03,160.2
DRV_005455,Harbor City,2022-08-13,xl,active,4.01,677,0.749,0.063,129.8
DRV_005456,Harbor City,2022-04-10,economy,active,4.33,1150,0.844,0.167,85.6
DRV_005457,Southbrook,2022-04-27,comfort,active,4.9,223,0.708,0.138,81.2
DRV_005458,Metro City,2022-10-15,economy,active,4.5,117,0.819,0.113,74.3
DRV_005459,Harbor City,2023-01-13,economy,active,3.72,191,0.707,0.126,118.3
DRV_005460,Clearwater,2023-10-14,economy,churned,4.96,1062,0.959,0.036,35.9
DRV_005461,Pinecrest,2023-10-19,economy,active,4.85,736,0.947,0.149,136.8
DRV_005462,Northgate,2022-01-02,economy,churned,3.83,1117,0.759,0.06,148.0
DRV_005463,Ridgeline,2023-06-01,economy,active,4.49,493,0.718,0.173,68.0
DRV_005464,Westville,2022-08-07,economy,active,4.82,1163,0.77,0.057,51.0
DRV_005465,Ridgeline,2022-05-25,xl,active,3.83,489,0.708,0.12,175.7
DRV_005466,Southbrook,2023-02-10,xl,churned,4.89,1041,0.906,0.107,125.1
DRV_005467,Harbor City,2022-01-25,comfort,active,3.77,677,0.861,0.043,134.1
DRV_005468,Metro City,2022-09-01,xl,active,4.04,981,0.852,0.078,124.9
DRV_005469,Lakewood,2023-02-08,economy,active,4.91,960,0.939,0.145,67.4
DRV_005470,Metro City,2022-07-18,economy,active,4.92,322,0.927,0.054,150.2
DRV_005471,Valleyford,2023-03-10,economy,active,3.53,939,0.814,0.174,102.2
DRV_005472,Southbrook,2022-12-02,economy,active,4.8,257,0.871,0.067,69.5
DRV_005473,Summit Town,2023-08-07,economy,active,4.54,632,0.824,0.12,119.0
DRV_005474,Lakewood,2022-05-13,economy,active,4.81,743,0.875,0.119,162.5
DRV_005475,Westville,2022-02-11,economy,active,4.19,116,0.742,0.095,146.4
DRV_005476,Clearwater,2023-01-22,economy,active,4.97,665,0.784,0.125,136.7
DRV_005477,Lakewood,2022-07-07,economy,active,4.62,293,0.771,0.139,70.1
DRV_005478,Southbrook,2023-05-31,comfort,active,4.64,879,0.747,0.119,71.8
DRV_005479,Pinecrest,2022-03-10,xl,active,4.14,593,0.816,0.11,154.6
DRV_005480,Valleyford,2023-02-24,comfort,active,4.09,185,0.903,0.117,150.0
DRV_005481,Pinecrest,2023-12-24,economy,active,3.81,1197,0.811,0.084,159.2
DRV_005482,Ridgeline,2022-03-09,economy,active,3.59,378,0.975,0.031,172.3
DRV_005483,Summit Town,2022-08-09,xl,active,4.85,682,0.785,0.046,84.8
DRV_005484,Lakewood,2023-09-09,economy,active,4.39,823,0.965,0.117,120.0
DRV_005485,Lakewood,2023-01-25,economy,active,4.34,983,0.754,0.168,114.6
DRV_005486,Metro City,2022-05-08,economy,active,4.01,753,0.79,0.024,75.5
DRV_005487,Harbor City,2022-06-05,economy,churned,4.61,808,0.746,0.107,111.9
DRV_005488,Clearwater,2023-07-13,economy,active,4.11,450,0.767,0.06,177.6
DRV_005489,Northgate,2023-09-21,economy,active,4.71,420,0.744,0.11,170.3
DRV_005490,Ridgeline,2022-09-21,economy,active,3.62,220,0.875,0.14,107.9
DRV_005491,Valleyford,2022-12-12,comfort,active,3.87,1181,0.756,0.138,66.7
DRV_005492,Eastport,2023-07-26,comfort,churned,3.93,1036,0.724,0.136,155.3
DRV_005493,Metro City,2022-05-10,xl,churned,3.53,313,0.775,0.145,158.5
DRV_005494,Northgate,2022-05-31,economy,active,4.5,1005,0.89,0.032,114.4
DRV_005495,Metro City,2023-07-20,comfort,active,4.55,828,0.82,0.102,100.2
DRV_005496,Pinecrest,2022-05-17,economy,active,4.12,218,0.744,0.062,57.3
DRV_005497,Northgate,2023-07-17,comfort,active,4.69,330,0.718,0.167,79.5
DRV_005498,Valleyford,2022-12-29,economy,churned,4.93,911,0.904,0.145,32.2
DRV_005499,Valleyford,2023-12-24,economy,active,4.61,1171,0.897,0.037,95.8
DRV_005500,Pinecrest,2022-01-25,economy,active,4.51,213,0.829,0.059,49.2
DRV_005501,Northgate,2023-11-22,xl,suspended,4.17,1135,0.848,0.093,107.6
DRV_005502,Eastport,2022-06-14,economy,active,4.33,569,0.767,0.174,67.2
DRV_005503,Northgate,2022-01-26,comfort,active,3.93,1096,0.836,0.038,163.0
DRV_005504,Metro City,2023-06-13,comfort,active,3.87,586,0.904,0.111,48.5
DRV_005505,Southbrook,2023-01-24,economy,active,3.54,383,0.916,0.075,95.9
DRV_005506,Lakewood,2023-09-04,comfort,active,4.22,512,0.795,0.123,50.8
DRV_005507,Harbor City,2022-03-21,economy,active,3.84,629,0.89,0.124,115.5
DRV_005508,Harbor City,2022-02-28,comfort,active,4.2,443,0.836,0.058,77.3
DRV_005509,Valleyford,2023-02-19,economy,active,4.72,367,0.907,0.146,45.7
DRV_005510,Harbor City,2023-10-06,comfort,churned,4.05,587,0.893,0.035,120.1
DRV_005511,Valleyford,2022-10-24,economy,active,3.98,395,0.91,0.151,110.7
DRV_005512,Harbor City,2023-08-06,xl,active,4.17,868,0.746,0.054,61.5
DRV_005513,Eastport,2023-10-24,economy,churned,4.24,375,0.79,0.114,175.0
DRV_005514,Pinecrest,2023-09-27,xl,churned,3.91,430,0.774,0.076,148.3
DRV_005515,Summit Town,2023-01-07,economy,active,4.4,968,0.825,0.118,122.6
DRV_005516,Harbor City,2023-05-25,economy,active,3.54,717,0.83,0.063,171.5
DRV_005517,Ridgeline,2023-01-19,comfort,active,4.23,998,0.887,0.111,142.0
DRV_005518,Eastport,2023-05-08,xl,active,4.47,462,0.859,0.021,102.4
DRV_005519,Valleyford,2023-02-18,economy,churned,4.2,951,0.862,0.08,174.5
DRV_005520,Metro City,2023-01-19,economy,active,4.97,1166,0.877,0.152,126.3
DRV_005521,Pinecrest,2022-11-15,economy,churned,3.73,56,0.776,0.094,50.5
DRV_005522,Lakewood,2023-04-22,comfort,active,4.18,836,0.763,0.1,44.8
DRV_005523,Summit Town,2023-07-03,economy,churned,3.94,1113,0.76,0.119,43.8
DRV_005524,Eastport,2023-11-02,comfort,active,4.85,1030,0.918,0.089,83.3
DRV_005525,Lakewood,2023-03-24,economy,churned,3.77,504,0.727,0.159,31.3
DRV_005526,Southbrook,2022-03-15,economy,suspended,4.28,546,0.789,0.085,113.8
DRV_005527,Valleyford,2023-03-05,comfort,active,4.14,402,0.778,0.171,95.5
DRV_005528,Eastport,2022-08-19,economy,active,4.88,344,0.866,0.16,84.6
DRV_005529,Southbrook,2022-01-20,economy,active,4.34,972,0.959,0.087,94.4
DRV_005530,Lakewood,2022-02-22,xl,active,4.2,140,0.946,0.079,93.7
DRV_005531,Harbor City,2023-03-08,economy,active,4.38,550,0.73,0.128,178.2
DRV_005532,Eastport,2023-11-21,economy,active,4.57,989,0.851,0.141,92.8
DRV_005533,Southbrook,2023-01-05,economy,active,3.55,857,0.71,0.05,168.3
DRV_005534,Northgate,2022-11-22,economy,churned,3.87,852,0.922,0.059,158.1
DRV_005535,Westville,2022-03-06,economy,active,3.85,596,0.805,0.043,94.2
DRV_005536,Eastport,2023-05-09,economy,active,4.12,994,0.76,0.142,36.3
DRV_005537,Eastport,2022-02-10,economy,churned,4.36,477,0.836,0.134,157.2
DRV_005538,Ridgeline,2023-09-07,comfort,active,4.87,831,0.822,0.05,61.8
DRV_005539,Pinecrest,2023-08-19,economy,active,4.35,86,0.964,0.106,38.8
DRV_005540,Pinecrest,2023-12-25,comfort,active,3.77,93,0.709,0.142,160.7
DRV_005541,Metro City,2022-07-27,economy,active,4.29,366,0.966,0.172,128.8
DRV_005542,Harbor City,2022-04-29,economy,churned,4.14,538,0.766,0.049,56.7
DRV_005543,Eastport,2022-08-07,economy,active,4.47,403,0.741,0.069,73.3
DRV_005544,Summit Town,2023-08-07,economy,active,4.46,431,0.908,0.076,141.9
DRV_005545,Westville,2022-06-09,economy,active,4.49,153,0.846,0.12,48.5
DRV_005546,Lakewood,2023-10-10,xl,active,5.0,548,0.951,0.042,138.4
DRV_005547,Harbor City,2022-04-23,economy,suspended,3.54,160,0.852,0.051,98.8
DRV_005548,Eastport,2022-02-05,comfort,churned,4.64,818,0.842,0.145,155.6
DRV_005549,Metro City,2022-06-10,comfort,active,4.78,959,0.758,0.107,126.5
DRV_005550,Valleyford,2023-07-05,economy,churned,3.87,701,0.966,0.046,177.3
DRV_005551,Northgate,2023-03-16,economy,churned,4.64,421,0.886,0.082,158.6
DRV_005552,Lakewood,2022-09-16,xl,active,3.66,780,0.868,0.042,81.6
DRV_005553,Pinecrest,2023-04-24,economy,active,4.31,1038,0.921,0.078,102.2
DRV_005554,Southbrook,2023-04-19,economy,active,3.98,292,0.728,0.084,170.9
DRV_005555,Lakewood,2023-02-09,economy,active,3.84,280,0.943,0.038,52.8
DRV_005556,Harbor City,2023-01-11,economy,active,4.47,620,0.84,0.03,92.6
DRV_005557,Valleyford,2022-03-16,economy,churned,4.1,542,0.925,0.161,116.4
DRV_005558,Westville,2022-07-09,xl,active,3.75,320,0.9,0.162,82.7
DRV_005559,Summit Town,2023-01-21,economy,active,4.41,417,0.826,0.02,44.1
DRV_005560,Clearwater,2022-04-09,comfort,active,4.26,637,0.916,0.123,61.0
DRV_005561,Ridgeline,2022-12-14,economy,active,3.56,1119,0.902,0.035,94.9
DRV_005562,Valleyford,2022-03-27,economy,churned,4.73,389,0.701,0.15,160.8
DRV_005563,Pinecrest,2023-07-29,comfort,churned,4.98,224,0.899,0.161,115.8
DRV_005564,Summit Town,2022-03-17,comfort,active,4.01,299,0.842,0.119,74.8
DRV_005565,Metro City,2022-03-09,xl,active,4.98,732,0.935,0.118,55.2
DRV_005566,Lakewood,2023-04-11,economy,active,4.99,1131,0.927,0.079,122.7
DRV_005567,Summit Town,2022-06-10,economy,active,4.2,1103,0.748,0.06,57.1
DRV_005568,Northgate,2022-09-14,comfort,active,4.88,358,0.706,0.1,40.6
DRV_005569,Clearwater,2022-08-18,economy,active,4.67,399,0.755,0.041,35.0
DRV_005570,Westville,2022-06-08,economy,active,4.75,769,0.908,0.128,134.7
DRV_005571,Metro City,2023-07-11,economy,active,3.68,317,0.944,0.095,163.0
DRV_005572,Ridgeline,2023-05-21,economy,active,4.67,770,0.896,0.048,109.5
DRV_005573,Summit Town,2022-06-24,economy,suspended,3.85,1063,0.93,0.114,71.9
DRV_005574,Eastport,2023-05-17,economy,churned,4.62,713,0.864,0.147,60.7
DRV_005575,Valleyford,2023-06-05,economy,suspended,3.85,898,0.842,0.114,71.5
DRV_005576,Northgate,2023-01-29,economy,active,4.68,876,0.972,0.105,75.8
DRV_005577,Summit Town,2023-02-27,xl,active,4.84,245,0.723,0.156,120.6
DRV_005578,Metro City,2023-11-14,comfort,active,4.25,749,0.818,0.022,168.5
DRV_005579,Pinecrest,2022-11-28,economy,active,4.15,337,0.778,0.119,63.6
DRV_005580,Summit Town,2022-10-09,comfort,active,3.72,1027,0.734,0.086,83.9
DRV_005581,Harbor City,2023-01-29,comfort,active,3.85,885,0.87,0.051,119.2
DRV_005582,Clearwater,2023-09-03,economy,active,4.99,79,0.774,0.177,96.5
DRV_005583,Metro City,2023-06-02,comfort,active,4.6,374,0.83,0.085,47.5
DRV_005584,Pinecrest,2022-02-24,xl,active,4.65,134,0.738,0.074,53.5
DRV_005585,Metro City,2022-12-02,economy,active,4.72,498,0.809,0.047,116.8
DRV_005586,Valleyford,2023-06-25,xl,active,4.38,687,0.756,0.18,121.3
DRV_005587,Eastport,2022-06-13,economy,active,4.16,1139,0.951,0.157,118.3
DRV_005588,Valleyford,2023-12-23,economy,active,4.02,509,0.846,0.031,152.3
DRV_005589,Harbor City,2023-08-13,economy,active,3.54,578,0.924,0.111,58.9
DRV_005590,Eastport,2023-09-11,economy,churned,4.71,293,0.836,0.044,97.6
DRV_005591,Valleyford,2022-03-01,economy,active,4.8,726,0.712,0.135,99.8
DRV_005592,Lakewood,2023-02-28,xl,active,4.01,455,0.894,0.097,62.3
DRV_005593,Summit Town,2023-01-21,comfort,active,4.27,877,0.713,0.038,136.4
DRV_005594,Lakewood,2023-04-03,xl,active,4.37,796,0.811,0.109,76.8
DRV_005595,Lakewood,2023-09-13,comfort,active,4.49,179,0.853,0.166,122.9
DRV_005596,Metro City,2022-09-15,comfort,churned,4.47,1031,0.918,0.075,93.2
DRV_005597,Eastport,2023-01-25,economy,active,3.8,403,0.952,0.028,66.0
DRV_005598,Ridgeline,2023-05-12,xl,suspended,4.53,258,0.757,0.171,61.0
DRV_005599,Northgate,2023-07-04,comfort,active,4.63,788,0.886,0.043,103.8
DRV_005600,Westville,2023-07-17,comfort,active,3.53,386,0.832,0.096,66.1
DRV_005601,Eastport,2022-09-03,comfort,active,4.43,628,0.915,0.107,131.1
DRV_005602,Harbor City,2023-12-30,comfort,churned,4.13,211,0.963,0.058,122.6
DRV_005603,Southbrook,2022-01-08,economy,active,4.83,976,0.849,0.048,148.5
DRV_005604,Pinecrest,2022-12-26,economy,active,4.92,1196,0.78,0.038,50.0
DRV_005605,Summit Town,2023-03-21,xl,active,4.38,452,0.924,0.031,162.3
DRV_005606,Westville,2022-02-14,economy,active,4.1,72,0.847,0.101,108.5
DRV_005607,Metro City,2022-11-26,economy,active,4.91,878,0.947,0.155,127.7
DRV_005608,Eastport,2023-03-11,comfort,churned,3.9,231,0.859,0.04,176.9
DRV_005609,Metro City,2023-03-20,economy,active,4.24,608,0.962,0.132,107.9
DRV_005610,Clearwater,2022-03-28,comfort,active,4.03,492,0.705,0.086,162.0
DRV_005611,Pinecrest,2022-07-22,comfort,active,3.73,192,0.907,0.026,78.7
DRV_005612,Pinecrest,2022-06-28,xl,active,4.84,278,0.797,0.106,154.5
DRV_005613,Summit Town,2023-04-13,comfort,active,3.88,1044,0.887,0.06,170.3
DRV_005614,Valleyford,2022-08-29,comfort,active,4.69,832,0.964,0.117,58.1
DRV_005615,Valleyford,2023-02-22,economy,active,4.63,397,0.883,0.076,104.8
DRV_005616,Westville,2023-06-18,economy,active,4.5,76,0.909,0.127,164.3
DRV_005617,Clearwater,2023-08-06,economy,active,3.66,237,0.744,0.167,83.5
DRV_005618,Pinecrest,2022-05-15,comfort,active,4.1,642,0.748,0.059,134.4
DRV_005619,Westville,2023-10-22,comfort,active,4.89,893,0.861,0.17,45.3
DRV_005620,Westville,2022-05-01,economy,churned,4.05,276,0.821,0.053,75.1
DRV_005621,Pinecrest,2022-01-16,comfort,churned,3.53,850,0.731,0.031,128.9
DRV_005622,Lakewood,2022-02-02,economy,active,4.59,776,0.904,0.051,96.3
DRV_005623,Northgate,2022-05-27,comfort,active,4.53,128,0.896,0.15,128.8
DRV_005624,Metro City,2023-09-30,comfort,active,4.37,184,0.726,0.128,112.9
DRV_005625,Southbrook,2022-06-01,economy,churned,4.04,237,0.714,0.175,169.4
DRV_005626,Northgate,2023-05-22,comfort,active,3.98,277,0.806,0.134,48.0
DRV_005627,Northgate,2022-11-02,economy,active,3.84,69,0.877,0.086,123.5
DRV_005628,Summit Town,2022-01-30,economy,active,4.39,1004,0.95,0.163,98.4
DRV_005629,Eastport,2022-11-21,comfort,churned,4.99,1037,0.822,0.173,169.0
DRV_005630,Pinecrest,2022-01-21,economy,active,4.68,1085,0.724,0.147,158.5
DRV_005631,Ridgeline,2022-12-14,economy,active,4.48,1062,0.935,0.109,77.5
DRV_005632,Metro City,2023-02-12,comfort,active,4.35,465,0.735,0.152,155.1
DRV_005633,Metro City,2023-01-16,comfort,active,4.56,496,0.878,0.049,116.3
DRV_005634,Valleyford,2022-07-26,comfort,active,4.25,725,0.816,0.164,73.6
DRV_005635,Harbor City,2023-07-14,economy,active,4.77,1119,0.955,0.18,43.7
DRV_005636,Southbrook,2023-03-12,economy,active,4.37,826,0.897,0.126,55.0
DRV_005637,Lakewood,2022-07-05,economy,active,3.87,743,0.7,0.051,124.3
DRV_005638,Northgate,2022-11-14,xl,active,4.34,924,0.804,0.043,104.7
DRV_005639,Summit Town,2022-03-21,comfort,active,3.87,1039,0.75,0.174,50.1
DRV_005640,Eastport,2023-11-06,economy,active,4.3,666,0.779,0.159,164.0
DRV_005641,Eastport,2023-07-04,economy,active,4.71,933,0.812,0.14,116.7
DRV_005642,Lakewood,2022-07-30,economy,active,4.59,715,0.852,0.172,174.8
DRV_005643,Westville,2023-05-08,economy,active,3.91,911,0.924,0.101,71.3
DRV_005644,Northgate,2023-05-11,comfort,active,4.59,951,0.724,0.162,57.6
DRV_005645,Ridgeline,2023-03-22,economy,active,3.69,874,0.824,0.046,160.8
DRV_005646,Summit Town,2022-02-09,economy,active,4.47,678,0.938,0.049,142.6
DRV_005647,Metro City,2023-10-04,economy,churned,3.97,1071,0.821,0.102,61.8
DRV_005648,Pinecrest,2023-11-29,comfort,active,4.43,668,0.845,0.073,82.7
DRV_005649,Eastport,2023-12-13,economy,active,4.79,452,0.918,0.089,77.7
DRV_005650,Clearwater,2023-12-17,comfort,active,3.7,375,0.9,0.148,135.8
DRV_005651,Pinecrest,2023-11-10,economy,active,4.54,427,0.843,0.029,62.3
DRV_005652,Metro City,2023-06-24,economy,active,4.52,1013,0.971,0.135,41.5
DRV_005653,Pinecrest,2022-02-11,xl,active,4.64,1149,0.71,0.034,152.7
DRV_005654,Metro City,2022-12-06,economy,active,4.95,558,0.715,0.156,31.7
DRV_005655,Southbrook,2022-06-28,economy,active,4.22,399,0.82,0.052,121.2
DRV_005656,Ridgeline,2022-06-10,economy,active,3.7,685,0.744,0.138,76.3
DRV_005657,Clearwater,2023-08-30,economy,active,4.54,484,0.761,0.115,93.5
DRV_005658,Ridgeline,2023-08-17,economy,active,4.32,777,0.742,0.082,40.1
DRV_005659,Valleyford,2023-01-17,comfort,churned,4.72,110,0.894,0.063,54.8
DRV_005660,Pinecrest,2023-06-22,economy,active,4.69,671,0.818,0.029,105.2
DRV_005661,Westville,2022-04-05,xl,churned,4.6,296,0.934,0.077,87.5
DRV_005662,Harbor City,2022-06-12,comfort,active,4.1,558,0.77,0.052,97.6
DRV_005663,Westville,2023-09-21,xl,active,4.21,758,0.875,0.042,30.8
DRV_005664,Metro City,2022-11-26,comfort,active,4.87,608,0.76,0.138,169.2
DRV_005665,Clearwater,2023-02-04,economy,active,4.15,1149,0.704,0.054,108.0
DRV_005666,Pinecrest,2022-12-04,comfort,active,4.38,164,0.893,0.056,95.3
DRV_005667,Metro City,2022-05-28,comfort,active,4.53,508,0.741,0.074,160.2
DRV_005668,Valleyford,2023-08-27,comfort,active,3.67,995,0.894,0.094,39.4
DRV_005669,Clearwater,2023-07-08,economy,active,4.65,437,0.893,0.102,97.0
DRV_005670,Pinecrest,2023-05-15,economy,churned,3.52,143,0.887,0.126,116.4
DRV_005671,Lakewood,2022-09-15,comfort,active,4.97,747,0.866,0.114,71.6
DRV_005672,Valleyford,2023-04-15,economy,active,4.35,1185,0.948,0.097,68.9
DRV_005673,Summit Town,2023-11-27,xl,active,3.75,1106,0.721,0.083,54.2
DRV_005674,Lakewood,2023-04-20,economy,active,4.68,1165,0.961,0.063,135.9
DRV_005675,Northgate,2022-12-27,comfort,churned,4.77,517,0.718,0.134,130.3
DRV_005676,Westville,2022-07-17,comfort,active,3.81,1064,0.839,0.071,91.4
DRV_005677,Northgate,2023-01-17,economy,active,3.56,57,0.959,0.156,45.0
DRV_005678,Clearwater,2022-09-29,comfort,active,4.29,138,0.775,0.114,57.8
DRV_005679,Ridgeline,2023-03-23,xl,active,4.46,916,0.935,0.121,90.5
DRV_005680,Valleyford,2022-02-03,xl,active,3.75,79,0.866,0.101,67.2
DRV_005681,Westville,2022-05-19,economy,active,4.34,739,0.941,0.169,140.5
DRV_005682,Harbor City,2023-07-29,economy,active,4.29,759,0.714,0.087,41.9
DRV_005683,Northgate,2022-10-05,economy,churned,4.8,274,0.856,0.088,88.6
DRV_005684,Westville,2022-11-13,economy,active,4.72,240,0.753,0.163,163.1
DRV_005685,Pinecrest,2023-02-02,economy,active,3.7,242,0.705,0.117,80.7
DRV_005686,Eastport,2022-11-16,economy,active,4.56,1131,0.893,0.092,144.2
DRV_005687,Clearwater,2023-07-08,economy,active,4.25,290,0.91,0.062,75.1
DRV_005688,Eastport,2022-06-29,economy,active,4.2,805,0.906,0.059,126.9
DRV_005689,Ridgeline,2023-07-08,xl,churned,3.74,1035,0.904,0.148,113.7
DRV_005690,Westville,2022-06-02,comfort,active,4.62,1037,0.924,0.065,108.3
DRV_005691,Northgate,2022-09-28,economy,active,4.8,367,0.831,0.021,52.2
DRV_005692,Valleyford,2023-03-06,economy,active,3.81,1193,0.797,0.023,37.7
DRV_005693,Clearwater,2023-10-09,economy,active,3.54,464,0.916,0.177,50.0
DRV_005694,Lakewood,2022-06-19,comfort,churned,4.41,1129,0.887,0.11,143.2
DRV_005695,Eastport,2023-03-05,economy,active,4.97,368,0.756,0.098,179.7
DRV_005696,Northgate,2022-02-16,comfort,active,4.52,170,0.822,0.167,68.9
DRV_005697,Harbor City,2022-02-25,economy,churned,3.88,711,0.751,0.076,69.7
DRV_005698,Southbrook,2023-07-15,comfort,active,4.81,1179,0.918,0.147,87.6
DRV_005699,Valleyford,2023-06-09,economy,churned,4.31,874,0.769,0.135,84.1
DRV_005700,Northgate,2022-10-02,economy,active,4.26,130,0.874,0.096,125.7
DRV_005701,Southbrook,2023-03-31,economy,active,3.59,981,0.906,0.144,97.1
DRV_005702,Harbor City,2022-10-05,economy,active,3.59,945,0.978,0.175,123.8
DRV_005703,Northgate,2022-07-22,economy,suspended,4.37,1147,0.821,0.052,44.6
DRV_005704,Lakewood,2022-11-11,economy,active,4.71,911,0.944,0.023,141.3
DRV_005705,Northgate,2022-08-16,comfort,active,4.63,523,0.886,0.151,145.6
DRV_005706,Clearwater,2023-08-18,economy,active,4.91,294,0.702,0.085,172.5
DRV_005707,Lakewood,2022-10-28,comfort,churned,4.25,1151,0.81,0.107,128.2
DRV_005708,Eastport,2022-08-23,economy,active,4.43,489,0.81,0.056,116.4
DRV_005709,Eastport,2023-01-27,economy,churned,4.44,678,0.733,0.155,117.2
DRV_005710,Clearwater,2023-07-08,economy,suspended,4.07,775,0.822,0.135,43.8
DRV_005711,Lakewood,2022-07-19,economy,active,3.5,1185,0.733,0.173,79.4
DRV_005712,Northgate,2023-11-17,comfort,active,4.76,622,0.934,0.096,163.6
DRV_005713,Southbrook,2022-12-05,xl,active,3.6,1055,0.801,0.176,162.6
DRV_005714,Summit Town,2023-04-28,economy,active,4.94,859,0.751,0.102,173.2
DRV_005715,Southbrook,2023-11-30,comfort,suspended,4.77,274,0.869,0.119,130.7
DRV_005716,Pinecrest,2022-11-12,economy,churned,3.66,200,0.94,0.128,63.5
DRV_005717,Northgate,2022-05-26,comfort,active,3.68,780,0.962,0.098,154.6
DRV_005718,Summit Town,2023-06-30,economy,active,4.61,518,0.95,0.11,116.8
DRV_005719,Pinecrest,2022-01-05,comfort,active,4.32,93,0.947,0.056,44.4
DRV_005720,Clearwater,2022-12-01,economy,active,4.47,874,0.797,0.078,38.8
DRV_005721,Northgate,2023-12-17,economy,active,3.93,1129,0.842,0.132,123.5
DRV_005722,Lakewood,2022-10-30,comfort,active,4.83,59,0.804,0.026,128.8
DRV_005723,Northgate,2023-05-15,economy,active,4.31,1125,0.958,0.132,76.3
DRV_005724,Lakewood,2023-01-19,economy,active,4.35,797,0.726,0.069,170.4
DRV_005725,Northgate,2022-06-06,comfort,active,4.99,1152,0.855,0.063,56.5
DRV_005726,Eastport,2022-08-20,comfort,active,4.66,671,0.769,0.131,53.2
DRV_005727,Southbrook,2023-01-18,comfort,churned,4.53,465,0.938,0.054,85.4
DRV_005728,Southbrook,2022-03-18,xl,churned,4.8,1113,0.795,0.174,104.8
DRV_005729,Harbor City,2022-10-30,economy,churned,4.99,726,0.942,0.179,99.9
DRV_005730,Northgate,2022-10-30,comfort,active,4.72,1156,0.96,0.093,133.8
DRV_005731,Westville,2023-09-02,economy,active,4.71,348,0.748,0.084,59.8
DRV_005732,Southbrook,2022-04-01,economy,active,3.79,842,0.911,0.033,107.9
DRV_005733,Pinecrest,2023-09-08,comfort,active,4.81,736,0.798,0.145,105.4
DRV_005734,Eastport,2022-10-27,economy,active,4.82,669,0.813,0.046,165.8
DRV_005735,Southbrook,2023-04-21,xl,active,4.4,1008,0.777,0.169,150.8
DRV_005736,Eastport,2023-02-11,economy,active,4.48,660,0.873,0.178,161.9
DRV_005737,Ridgeline,2022-08-07,economy,active,4.44,983,0.796,0.04,161.3
DRV_005738,Valleyford,2023-11-11,economy,active,4.32,561,0.907,0.129,45.1
DRV_005739,Clearwater,2022-06-13,comfort,churned,3.78,244,0.918,0.095,105.7
DRV_005740,Valleyford,2022-01-27,economy,active,4.49,945,0.811,0.107,160.6
DRV_005741,Metro City,2023-07-02,economy,active,4.07,789,0.701,0.049,153.8
DRV_005742,Clearwater,2023-03-30,comfort,active,4.3,434,0.719,0.136,167.3
DRV_005743,Clearwater,2023-10-13,economy,active,4.85,60,0.777,0.047,36.4
DRV_005744,Eastport,2022-12-01,comfort,active,3.66,328,0.967,0.162,93.0
DRV_005745,Lakewood,2022-01-13,comfort,churned,4.93,536,0.81,0.093,47.4
DRV_005746,Summit Town,2022-01-15,xl,active,4.35,557,0.908,0.122,48.4
DRV_005747,Ridgeline,2022-11-13,economy,active,4.92,896,0.962,0.167,113.8
DRV_005748,Northgate,2022-07-02,comfort,active,3.8,432,0.796,0.138,177.9
DRV_005749,Harbor City,2023-11-05,comfort,active,3.58,141,0.857,0.107,143.4
DRV_005750,Eastport,2022-03-28,economy,active,4.43,986,0.939,0.084,110.6
DRV_005751,Lakewood,2023-10-05,xl,active,4.29,451,0.872,0.094,155.4
DRV_005752,Westville,2022-06-08,comfort,active,4.6,366,0.731,0.075,124.7
DRV_005753,Valleyford,2022-03-29,economy,active,4.4,916,0.915,0.171,42.8
DRV_005754,Westville,2022-07-20,xl,active,4.27,512,0.953,0.06,124.0
DRV_005755,Metro City,2022-04-16,economy,churned,4.85,621,0.915,0.085,41.6
DRV_005756,Northgate,2022-10-20,economy,churned,3.99,360,0.911,0.145,85.9
DRV_005757,Southbrook,2022-08-30,economy,active,3.91,1070,0.912,0.078,85.1
DRV_005758,Summit Town,2023-01-22,economy,active,4.71,669,0.872,0.162,177.9
DRV_005759,Ridgeline,2023-01-28,economy,active,4.03,410,0.769,0.059,49.1
DRV_005760,Pinecrest,2022-01-01,xl,active,4.34,402,0.955,0.025,157.1
DRV_005761,Pinecrest,2022-04-02,xl,active,4.42,546,0.736,0.121,75.5
DRV_005762,Harbor City,2022-04-29,comfort,active,3.94,770,0.932,0.101,102.1
DRV_005763,Metro City,2022-05-23,economy,active,4.03,331,0.801,0.169,163.0
DRV_005764,Southbrook,2022-03-10,comfort,churned,3.56,977,0.889,0.088,93.1
DRV_005765,Pinecrest,2022-08-18,economy,active,3.92,451,0.925,0.042,131.5
DRV_005766,Ridgeline,2023-02-06,xl,active,3.99,912,0.924,0.073,162.6
DRV_005767,Southbrook,2022-08-14,economy,active,3.53,1104,0.745,0.083,59.8
DRV_005768,Lakewood,2022-08-29,economy,active,4.73,396,0.871,0.113,79.6
DRV_005769,Metro City,2022-12-09,economy,active,4.83,633,0.76,0.064,121.1
DRV_005770,Clearwater,2023-02-05,comfort,active,3.77,700,0.731,0.108,86.0
DRV_005771,Northgate,2022-08-30,comfort,suspended,4.41,910,0.844,0.165,96.3
DRV_005772,Northgate,2022-06-11,economy,active,4.16,490,0.977,0.088,137.2
DRV_005773,Northgate,2022-10-26,economy,active,3.69,892,0.975,0.124,160.2
DRV_005774,Eastport,2022-01-18,comfort,active,3.54,797,0.861,0.057,86.5
DRV_005775,Lakewood,2022-12-26,comfort,churned,4.5,429,0.916,0.148,69.9
DRV_005776,Northgate,2023-11-19,economy,active,3.62,1052,0.77,0.063,139.8
DRV_005777,Harbor City,2022-10-18,comfort,active,4.84,93,0.763,0.113,119.5
DRV_005778,Pinecrest,2022-03-21,comfort,active,4.68,1016,0.898,0.068,141.4
DRV_005779,Westville,2023-06-01,economy,active,4.59,460,0.92,0.031,171.0
DRV_005780,Harbor City,2022-04-03,economy,active,4.76,1070,0.908,0.071,64.4
DRV_005781,Westville,2022-05-22,economy,churned,3.66,331,0.729,0.054,143.8
DRV_005782,Pinecrest,2022-04-17,comfort,churned,4.44,513,0.8,0.163,70.8
DRV_005783,Lakewood,2023-10-08,xl,active,3.81,169,0.712,0.063,66.9
DRV_005784,Lakewood,2023-12-18,economy,active,4.28,983,0.92,0.176,138.0
DRV_005785,Northgate,2023-02-20,comfort,active,4.04,858,0.787,0.099,73.0
DRV_005786,Southbrook,2023-03-27,economy,active,3.68,483,0.82,0.055,31.9
DRV_005787,Southbrook,2023-04-17,economy,suspended,4.6,740,0.862,0.083,93.3
DRV_005788,Northgate,2023-03-22,comfort,active,3.95,166,0.7,0.049,84.3
DRV_005789,Clearwater,2023-02-02,comfort,active,3.68,784,0.799,0.153,33.6
DRV_005790,Valleyford,2023-12-22,economy,active,4.82,727,0.904,0.039,82.4
DRV_005791,Northgate,2023-06-20,comfort,active,3.7,1050,0.78,0.16,84.2
DRV_005792,Southbrook,2022-03-06,comfort,churned,3.81,735,0.86,0.027,109.8
DRV_005793,Pinecrest,2022-10-14,economy,churned,3.54,409,0.974,0.068,103.8
DRV_005794,Metro City,2023-12-13,economy,active,4.28,925,0.733,0.042,54.6
DRV_005795,Eastport,2022-10-22,xl,churned,4.74,916,0.775,0.13,134.5
DRV_005796,Northgate,2022-05-29,xl,active,4.78,1016,0.892,0.102,167.0
DRV_005797,Westville,2023-09-26,xl,active,4.62,808,0.868,0.17,149.2
DRV_005798,Westville,2023-03-31,comfort,active,4.21,1079,0.974,0.079,53.8
DRV_005799,Harbor City,2023-02-15,economy,churned,4.83,757,0.71,0.027,112.9
DRV_005800,Harbor City,2022-11-03,comfort,active,4.65,857,0.946,0.142,58.3
DRV_005801,Pinecrest,2022-04-01,comfort,active,4.83,1115,0.837,0.113,89.8
DRV_005802,Lakewood,2022-10-08,xl,active,3.86,770,0.764,0.152,161.5
DRV_005803,Northgate,2022-11-16,comfort,active,4.4,731,0.841,0.088,47.5
DRV_005804,Lakewood,2023-11-11,economy,active,3.53,67,0.815,0.138,171.1
DRV_005805,Summit Town,2022-08-13,economy,active,4.28,315,0.75,0.047,80.6
DRV_005806,Northgate,2022-04-19,comfort,active,4.82,180,0.761,0.18,122.9
DRV_005807,Clearwater,2022-11-09,comfort,churned,4.61,388,0.781,0.048,104.1
DRV_005808,Westville,2023-12-29,xl,active,4.66,211,0.855,0.153,113.0
DRV_005809,Pinecrest,2022-12-19,economy,active,3.98,764,0.723,0.054,124.1
DRV_005810,Westville,2022-10-04,economy,active,4.1,348,0.725,0.145,43.3
DRV_005811,Clearwater,2023-05-02,comfort,active,4.98,323,0.793,0.158,60.0
DRV_005812,Southbrook,2023-04-19,economy,active,3.9,1077,0.898,0.16,143.0
DRV_005813,Northgate,2022-08-07,economy,active,3.63,551,0.974,0.096,142.5
DRV_005814,Ridgeline,2023-12-08,economy,churned,4.08,884,0.703,0.089,113.3
DRV_005815,Lakewood,2023-03-09,economy,active,4.65,118,0.972,0.153,171.9
DRV_005816,Metro City,2022-02-12,economy,active,4.29,778,0.892,0.113,36.6
DRV_005817,Pinecrest,2022-10-25,economy,churned,3.57,1063,0.952,0.119,165.4
DRV_005818,Metro City,2023-11-05,xl,active,4.5,193,0.85,0.058,95.0
DRV_005819,Valleyford,2022-10-15,economy,active,4.6,255,0.83,0.091,166.9
DRV_005820,Westville,2023-02-19,comfort,active,4.4,803,0.92,0.079,99.9
DRV_005821,Clearwater,2023-03-24,economy,active,3.76,763,0.854,0.126,145.5
DRV_005822,Harbor City,2023-05-30,xl,active,3.79,889,0.951,0.051,177.6
DRV_005823,Westville,2023-09-29,economy,active,4.11,345,0.95,0.085,161.1
DRV_005824,Northgate,2022-04-19,economy,active,4.04,404,0.849,0.156,43.4
DRV_005825,Eastport,2023-01-13,comfort,active,3.65,136,0.861,0.107,147.7
DRV_005826,Lakewood,2023-01-25,comfort,churned,4.79,330,0.828,0.163,99.5
DRV_005827,Summit Town,2022-04-22,economy,active,4.89,788,0.893,0.057,73.4
DRV_005828,Northgate,2023-05-07,economy,active,3.72,839,0.891,0.09,136.8
DRV_005829,Harbor City,2022-03-28,economy,active,4.34,697,0.882,0.1,95.1
DRV_005830,Pinecrest,2022-11-30,economy,active,4.14,188,0.717,0.084,118.2
DRV_005831,Valleyford,2022-08-30,economy,suspended,4.11,1043,0.97,0.13,147.4
DRV_005832,Northgate,2022-04-24,economy,active,4.37,718,0.794,0.044,153.4
DRV_005833,Westville,2023-08-24,economy,active,4.18,90,0.769,0.103,100.1
DRV_005834,Eastport,2022-06-28,comfort,active,4.18,1171,0.759,0.042,96.1
DRV_005835,Ridgeline,2022-07-06,economy,active,3.72,723,0.719,0.121,92.0
DRV_005836,Valleyford,2023-09-16,economy,active,4.57,78,0.828,0.153,131.5
DRV_005837,Ridgeline,2023-10-03,economy,active,4.37,516,0.712,0.023,172.1
DRV_005838,Summit Town,2022-01-26,comfort,active,3.58,259,0.745,0.093,70.2
DRV_005839,Harbor City,2022-07-22,economy,suspended,4.06,56,0.701,0.099,72.9
DRV_005840,Harbor City,2023-06-02,economy,suspended,3.83,659,0.749,0.135,127.2
DRV_005841,Metro City,2023-07-23,economy,active,4.08,74,0.979,0.032,97.2
DRV_005842,Metro City,2023-12-31,comfort,churned,3.68,131,0.852,0.085,37.1
DRV_005843,Summit Town,2023-02-09,comfort,active,4.42,619,0.719,0.146,40.9
DRV_005844,Valleyford,2022-01-06,comfort,active,4.37,863,0.858,0.105,120.7
DRV_005845,Valleyford,2023-09-30,comfort,active,4.39,463,0.868,0.14,86.7
DRV_005846,Lakewood,2022-04-28,economy,churned,4.05,142,0.853,0.078,123.6
DRV_005847,Westville,2022-03-30,comfort,active,4.58,870,0.794,0.167,142.9
DRV_005848,Pinecrest,2023-05-08,xl,active,4.76,270,0.884,0.032,81.2
DRV_005849,Metro City,2023-03-17,economy,active,4.12,327,0.74,0.035,117.2
DRV_005850,Harbor City,2022-02-13,xl,active,4.15,679,0.761,0.105,93.4
DRV_005851,Southbrook,2022-05-04,economy,active,4.85,271,0.979,0.095,168.4
DRV_005852,Harbor City,2023-03-07,economy,suspended,4.41,987,0.816,0.122,174.8
DRV_005853,Westville,2022-07-06,comfort,active,4.26,969,0.741,0.057,131.4
DRV_005854,Southbrook,2023-05-15,economy,active,4.61,471,0.761,0.056,87.2
DRV_005855,Southbrook,2022-10-28,xl,active,3.97,893,0.903,0.14,172.4
DRV_005856,Eastport,2023-03-06,economy,active,3.55,114,0.733,0.067,80.3
DRV_005857,Ridgeline,2022-12-13,comfort,active,4.55,996,0.799,0.136,109.4
DRV_005858,Southbrook,2022-09-24,economy,churned,4.47,450,0.792,0.123,171.1
DRV_005859,Southbrook,2022-09-07,economy,active,4.14,1147,0.764,0.033,121.3
DRV_005860,Westville,2023-05-25,comfort,active,3.57,134,0.834,0.134,90.1
DRV_005861,Eastport,2023-01-11,economy,churned,4.91,285,0.731,0.161,34.8
DRV_005862,Pinecrest,2023-03-10,comfort,active,4.6,266,0.828,0.151,148.6
DRV_005863,Pinecrest,2023-02-26,xl,active,4.08,763,0.709,0.021,43.0
DRV_005864,Westville,2022-06-01,economy,active,3.8,588,0.972,0.106,43.5
DRV_005865,Northgate,2023-10-29,comfort,active,4.33,86,0.869,0.166,64.1
DRV_005866,Pinecrest,2023-02-16,comfort,active,3.53,1062,0.721,0.116,124.6
DRV_005867,Eastport,2023-06-09,comfort,churned,4.19,447,0.753,0.066,164.0
DRV_005868,Valleyford,2023-10-06,economy,active,4.98,1077,0.906,0.051,31.2
DRV_005869,Clearwater,2023-11-07,comfort,active,4.61,460,0.905,0.13,131.7
DRV_005870,Ridgeline,2023-05-02,comfort,active,4.98,859,0.802,0.143,108.2
DRV_005871,Lakewood,2023-07-29,economy,active,4.09,1157,0.742,0.166,123.2
DRV_005872,Valleyford,2022-12-11,comfort,active,3.63,1018,0.85,0.165,133.5
DRV_005873,Pinecrest,2023-06-23,comfort,active,4.95,843,0.777,0.074,128.9
DRV_005874,Southbrook,2022-08-23,comfort,churned,4.8,665,0.727,0.117,154.6
DRV_005875,Summit Town,2023-06-04,economy,active,4.34,982,0.797,0.036,46.4
DRV_005876,Lakewood,2022-03-04,economy,active,3.84,1148,0.91,0.035,63.5
DRV_005877,Lakewood,2023-10-30,comfort,suspended,4.61,624,0.799,0.031,156.7
DRV_005878,Harbor City,2022-06-28,economy,active,3.53,1009,0.711,0.168,40.7
DRV_005879,Clearwater,2023-04-25,economy,active,4.87,57,0.734,0.044,177.1
DRV_005880,Ridgeline,2022-01-09,economy,suspended,4.55,805,0.867,0.097,98.2
DRV_005881,Summit Town,2022-04-24,economy,churned,3.76,1150,0.846,0.089,83.0
DRV_005882,Lakewood,2023-12-22,comfort,active,3.75,319,0.889,0.072,96.5
DRV_005883,Southbrook,2023-09-01,comfort,active,3.59,978,0.86,0.106,72.8
DRV_005884,Metro City,2022-06-12,comfort,active,4.66,925,0.839,0.02,153.9
DRV_005885,Valleyford,2022-04-06,economy,churned,3.69,223,0.833,0.081,122.4
DRV_005886,Harbor City,2023-08-18,comfort,active,4.28,1056,0.969,0.097,73.2
DRV_005887,Lakewood,2023-12-24,comfort,active,4.04,743,0.941,0.149,147.0
DRV_005888,Metro City,2022-05-04,economy,active,4.32,600,0.807,0.132,136.3
DRV_005889,Harbor City,2023-04-30,comfort,active,4.54,366,0.883,0.156,118.1
DRV_005890,Lakewood,2022-07-27,economy,active,3.81,467,0.706,0.08,96.5
DRV_005891,Lakewood,2023-06-28,comfort,active,3.8,615,0.706,0.043,157.1
DRV_005892,Metro City,2022-11-02,comfort,churned,4.01,469,0.789,0.084,61.1
DRV_005893,Harbor City,2022-04-02,economy,active,4.9,561,0.911,0.174,166.0
DRV_005894,Lakewood,2022-08-25,economy,active,4.17,915,0.959,0.054,119.5
DRV_005895,Valleyford,2023-01-29,comfort,active,3.89,283,0.891,0.048,171.7
DRV_005896,Southbrook,2023-08-06,economy,active,4.28,1142,0.898,0.171,170.3
DRV_005897,Westville,2022-01-16,comfort,churned,3.77,451,0.709,0.172,42.5
DRV_005898,Harbor City,2023-12-01,economy,churned,4.65,510,0.96,0.044,80.2
DRV_005899,Ridgeline,2023-04-20,xl,active,3.98,533,0.724,0.143,128.3
DRV_005900,Harbor City,2023-10-01,economy,active,4.97,172,0.965,0.089,49.3
DRV_005901,Westville,2023-11-10,economy,active,4.44,667,0.74,0.099,112.0
DRV_005902,Valleyford,2022-04-23,economy,churned,4.42,98,0.709,0.1,81.2
DRV_005903,Harbor City,2022-03-10,comfort,suspended,3.94,989,0.858,0.175,179.9
DRV_005904,Summit Town,2023-07-21,comfort,churned,3.77,1006,0.732,0.05,60.1
DRV_005905,Eastport,2022-05-18,xl,active,3.62,416,0.708,0.144,46.6
DRV_005906,Eastport,2022-04-19,economy,active,4.78,407,0.887,0.021,98.3
DRV_005907,Metro City,2022-12-09,comfort,active,4.97,337,0.907,0.121,66.6
DRV_005908,Clearwater,2023-10-29,economy,active,3.82,996,0.782,0.124,151.3
DRV_005909,Harbor City,2023-08-04,economy,suspended,4.99,1172,0.849,0.141,32.6
DRV_005910,Southbrook,2023-01-14,xl,active,4.42,183,0.864,0.168,127.8
DRV_005911,Westville,2022-05-24,economy,active,4.68,206,0.745,0.141,91.1
DRV_005912,Westville,2022-09-03,economy,active,4.98,95,0.823,0.137,169.7
DRV_005913,Metro City,2023-05-18,comfort,active,4.96,549,0.878,0.061,167.0
DRV_005914,Ridgeline,2022-04-25,comfort,active,4.35,406,0.948,0.179,150.1
DRV_005915,Lakewood,2023-01-18,economy,active,4.29,507,0.817,0.095,94.4
DRV_005916,Southbrook,2022-01-09,comfort,active,4.51,413,0.896,0.087,94.0
DRV_005917,Valleyford,2022-08-26,xl,active,3.83,682,0.84,0.1,33.2
DRV_005918,Northgate,2022-07-01,economy,active,4.08,1197,0.898,0.083,169.1
DRV_005919,Southbrook,2023-05-13,xl,active,4.74,1170,0.921,0.115,176.6
DRV_005920,Ridgeline,2023-10-30,economy,active,3.66,324,0.849,0.076,61.6
DRV_005921,Ridgeline,2022-04-17,comfort,active,4.19,1018,0.717,0.058,100.9
DRV_005922,Pinecrest,2023-08-06,xl,suspended,3.97,902,0.945,0.168,116.8
DRV_005923,Ridgeline,2023-04-24,economy,active,4.37,1095,0.868,0.168,111.0
DRV_005924,Lakewood,2023-12-09,comfort,active,3.78,1109,0.868,0.099,101.9
DRV_005925,Southbrook,2023-10-28,comfort,active,4.89,166,0.843,0.174,120.9
DRV_005926,Northgate,2022-03-15,economy,active,4.69,949,0.749,0.087,148.4
DRV_005927,Metro City,2023-06-27,xl,active,3.62,923,0.836,0.082,92.1
DRV_005928,Valleyford,2023-03-09,economy,active,3.99,1170,0.85,0.167,41.2
DRV_005929,Ridgeline,2022-03-24,economy,active,3.56,916,0.807,0.121,71.4
DRV_005930,Ridgeline,2022-07-07,economy,active,3.68,242,0.742,0.142,47.9
DRV_005931,Valleyford,2023-11-08,comfort,active,4.14,435,0.913,0.086,120.6
DRV_005932,Ridgeline,2023-02-01,comfort,active,3.99,836,0.828,0.085,106.4
DRV_005933,Metro City,2022-09-05,comfort,active,4.28,420,0.896,0.033,52.5
DRV_005934,Summit Town,2022-08-22,economy,active,3.94,650,0.713,0.175,81.0
DRV_005935,Metro City,2023-09-04,comfort,active,4.0,743,0.841,0.056,166.9
DRV_005936,Summit Town,2022-07-26,comfort,active,4.94,1050,0.721,0.099,160.7
DRV_005937,Eastport,2022-04-26,economy,churned,4.81,212,0.905,0.038,118.0
DRV_005938,Metro City,2023-02-23,economy,active,3.52,904,0.863,0.124,32.6
DRV_005939,Summit Town,2023-12-26,economy,active,4.4,1111,0.826,0.083,148.3
DRV_005940,Northgate,2022-05-14,comfort,active,3.71,945,0.972,0.143,37.8
DRV_005941,Ridgeline,2022-07-06,economy,active,4.68,51,0.791,0.105,167.3
DRV_005942,Valleyford,2022-12-09,comfort,active,4.75,494,0.818,0.041,117.4
DRV_005943,Southbrook,2022-05-26,xl,active,4.49,663,0.907,0.022,68.2
DRV_005944,Westville,2023-04-21,economy,active,4.51,828,0.847,0.054,44.3
DRV_005945,Northgate,2022-07-05,xl,active,4.78,968,0.884,0.136,140.5
DRV_005946,Metro City,2022-04-04,economy,active,3.65,1063,0.973,0.153,50.0
DRV_005947,Southbrook,2022-07-10,economy,active,4.56,989,0.895,0.075,99.9
DRV_005948,Northgate,2023-11-11,economy,active,3.68,276,0.742,0.106,33.2
DRV_005949,Ridgeline,2023-11-14,comfort,active,3.56,813,0.759,0.058,167.0
DRV_005950,Valleyford,2023-01-05,comfort,active,4.46,86,0.944,0.161,145.9
DRV_005951,Clearwater,2022-10-20,economy,active,3.91,202,0.713,0.174,53.7
DRV_005952,Southbrook,2023-08-22,xl,active,3.57,408,0.843,0.14,125.8
DRV_005953,Southbrook,2022-05-22,economy,active,3.59,777,0.954,0.034,101.6
DRV_005954,Eastport,2023-04-23,comfort,active,4.97,1042,0.917,0.09,43.0
DRV_005955,Ridgeline,2023-05-12,xl,active,3.83,898,0.732,0.178,99.9
DRV_005956,Eastport,2023-06-03,economy,active,4.11,584,0.907,0.057,85.6
DRV_005957,Clearwater,2022-06-09,xl,active,3.9,152,0.807,0.127,64.6
DRV_005958,Harbor City,2023-06-07,comfort,churned,4.9,345,0.952,0.17,170.4
DRV_005959,Clearwater,2023-03-23,economy,active,3.61,798,0.86,0.144,64.1
DRV_005960,Southbrook,2023-10-01,economy,churned,4.31,1097,0.854,0.117,129.8
DRV_005961,Summit Town,2022-05-08,comfort,active,4.22,187,0.702,0.101,176.0
DRV_005962,Ridgeline,2023-03-24,xl,churned,4.54,98,0.77,0.169,33.1
DRV_005963,Lakewood,2023-08-29,xl,suspended,4.85,646,0.816,0.083,51.0
DRV_005964,Valleyford,2022-07-23,economy,active,3.5,977,0.903,0.164,135.3
DRV_005965,Pinecrest,2023-06-27,comfort,active,3.52,301,0.846,0.089,112.4
DRV_005966,Metro City,2022-03-14,xl,active,4.07,968,0.939,0.141,152.2
DRV_005967,Westville,2023-06-09,economy,active,4.1,1194,0.71,0.167,101.8
DRV_005968,Northgate,2023-03-19,economy,churned,4.84,646,0.79,0.108,167.4
DRV_005969,Lakewood,2022-05-21,comfort,active,3.92,855,0.867,0.07,61.8
DRV_005970,Harbor City,2022-02-18,economy,active,4.77,353,0.884,0.028,103.0
DRV_005971,Clearwater,2023-06-29,economy,active,3.63,856,0.841,0.149,158.9
DRV_005972,Pinecrest,2022-06-26,economy,active,3.62,549,0.812,0.12,50.4
DRV_005973,Southbrook,2022-12-30,comfort,active,4.62,970,0.72,0.062,116.7
DRV_005974,Northgate,2022-02-14,xl,active,4.64,457,0.895,0.16,91.1
DRV_005975,Eastport,2023-12-05,economy,suspended,3.64,708,0.953,0.167,118.4
DRV_005976,Lakewood,2023-02-05,economy,active,4.99,212,0.926,0.162,52.9
DRV_005977,Summit Town,2023-11-12,economy,churned,3.62,809,0.896,0.116,116.8
DRV_005978,Westville,2022-04-28,comfort,active,4.83,734,0.878,0.176,117.9
DRV_005979,Metro City,2022-05-31,comfort,active,3.79,468,0.916,0.16,118.1
DRV_005980,Westville,2023-03-22,comfort,churned,3.53,275,0.917,0.037,56.7
DRV_005981,Harbor City,2023-03-18,comfort,active,4.78,1144,0.702,0.177,88.5
DRV_005982,Clearwater,2023-08-01,comfort,active,3.78,1195,0.8,0.108,98.1
DRV_005983,Ridgeline,2023-11-09,comfort,churned,4.29,624,0.943,0.167,128.5
DRV_005984,Harbor City,2023-08-23,comfort,active,4.74,710,0.938,0.142,172.4
DRV_005985,Pinecrest,2022-04-13,comfort,active,3.73,781,0.899,0.124,42.3
DRV_005986,Lakewood,2022-08-14,economy,active,4.61,184,0.787,0.072,172.3
DRV_005987,Summit Town,2023-10-30,economy,active,4.3,336,0.923,0.024,158.8
DRV_005988,Lakewood,2023-02-05,comfort,active,3.88,756,0.765,0.064,88.3
DRV_005989,Valleyford,2023-09-25,comfort,active,3.56,763,0.763,0.13,113.9
DRV_005990,Summit Town,2023-02-15,economy,active,3.89,487,0.85,0.158,69.5
DRV_005991,Lakewood,2022-02-06,economy,active,4.14,629,0.86,0.02,104.3
DRV_005992,Lakewood,2022-12-12,economy,active,4.05,263,0.798,0.053,152.4
DRV_005993,Ridgeline,2023-08-26,xl,active,4.58,888,0.869,0.128,31.1
DRV_005994,Northgate,2023-04-24,economy,churned,4.11,391,0.899,0.065,163.7
DRV_005995,Valleyford,2022-04-07,economy,active,4.07,1189,0.75,0.043,109.7
DRV_005996,Westville,2022-06-03,xl,active,4.72,344,0.781,0.033,122.1
DRV_005997,Pinecrest,2023-09-16,economy,active,4.2,99,0.896,0.122,101.4
DRV_005998,Valleyford,2023-12-16,xl,active,4.98,720,0.96,0.115,66.5
DRV_005999,Northgate,2023-07-04,economy,active,4.36,227,0.948,0.157,86.7
DRV_006000,Summit Town,2022-03-13,xl,active,4.91,367,0.736,0.07,105.3
DRV_006001,Summit Town,2023-03-29,xl,active,4.82,653,0.86,0.042,94.1
DRV_006002,Summit Town,2023-08-29,economy,active,4.12,105,0.924,0.148,117.7
DRV_006003,Metro City,2023-04-13,economy,churned,4.42,310,0.766,0.178,34.7
DRV_006004,Eastport,2023-03-10,economy,active,3.71,990,0.88,0.078,137.0
DRV_006005,Harbor City,2022-12-08,economy,active,4.29,353,0.82,0.158,112.1
DRV_006006,Ridgeline,2022-06-28,comfort,active,4.14,378,0.886,0.142,166.9
DRV_006007,Ridgeline,2022-07-24,economy,active,4.23,555,0.709,0.166,104.1
DRV_006008,Harbor City,2023-06-29,economy,active,3.78,400,0.788,0.088,35.5
DRV_006009,Westville,2022-02-20,comfort,churned,4.8,1140,0.786,0.036,151.8
DRV_006010,Southbrook,2022-03-03,comfort,active,3.62,548,0.817,0.039,171.2
DRV_006011,Lakewood,2022-10-17,economy,active,4.67,302,0.732,0.142,122.0
DRV_006012,Valleyford,2023-07-20,economy,suspended,4.92,962,0.822,0.158,87.4
DRV_006013,Clearwater,2023-04-25,comfort,active,3.66,74,0.852,0.093,112.3
DRV_006014,Clearwater,2023-03-07,economy,active,4.15,757,0.707,0.03,160.3
DRV_006015,Summit Town,2023-01-25,comfort,active,4.38,605,0.784,0.031,42.6
DRV_006016,Westville,2022-03-22,comfort,suspended,4.99,150,0.75,0.116,38.4
DRV_006017,Clearwater,2022-08-31,economy,active,4.8,330,0.972,0.167,155.0
DRV_006018,Metro City,2022-02-28,comfort,active,4.12,578,0.736,0.084,55.2
DRV_006019,Metro City,2023-07-08,economy,active,4.95,82,0.876,0.124,135.6
DRV_006020,Eastport,2023-07-03,economy,churned,4.0,920,0.813,0.107,167.1
DRV_006021,Westville,2022-07-08,economy,churned,4.01,978,0.78,0.162,66.1
DRV_006022,Valleyford,2022-08-02,xl,active,4.26,96,0.939,0.153,170.4
DRV_006023,Northgate,2022-08-20,economy,active,4.67,491,0.886,0.052,151.4
DRV_006024,Clearwater,2023-10-12,economy,active,3.79,96,0.874,0.128,132.7
DRV_006025,Ridgeline,2022-12-23,economy,active,4.61,238,0.726,0.156,110.0
DRV_006026,Pinecrest,2023-07-11,comfort,active,3.5,857,0.773,0.169,63.4
DRV_006027,Westville,2022-11-24,economy,active,3.89,417,0.777,0.114,117.4
DRV_006028,Metro City,2023-05-25,comfort,active,4.96,626,0.822,0.048,36.9
DRV_006029,Westville,2023-01-21,economy,active,4.48,356,0.958,0.109,91.7
DRV_006030,Harbor City,2022-07-23,comfort,active,4.19,238,0.813,0.127,126.3
DRV_006031,Clearwater,2023-10-02,xl,active,4.6,1027,0.792,0.064,163.2
DRV_006032,Lakewood,2023-06-02,economy,active,4.15,820,0.72,0.176,59.2
DRV_006033,Harbor City,2023-07-16,economy,active,3.66,1044,0.808,0.057,36.3
DRV_006034,Valleyford,2023-11-24,economy,suspended,4.25,144,0.715,0.166,30.5
DRV_006035,Eastport,2022-07-01,economy,churned,4.93,292,0.802,0.088,152.3
DRV_006036,Valleyford,2022-03-08,xl,active,3.91,561,0.971,0.02,84.3
DRV_006037,Pinecrest,2023-03-02,xl,active,3.58,1197,0.856,0.107,47.5
DRV_006038,Eastport,2022-08-27,economy,active,4.61,992,0.758,0.121,150.6
DRV_006039,Southbrook,2022-11-15,comfort,active,4.18,644,0.784,0.159,45.0
DRV_006040,Northgate,2022-06-21,comfort,active,4.0,253,0.86,0.106,113.6
DRV_006041,Summit Town,2022-10-18,comfort,active,4.23,1151,0.705,0.035,127.1
DRV_006042,Eastport,2022-10-15,economy,active,4.89,728,0.952,0.168,165.3
DRV_006043,Summit Town,2022-09-13,comfort,churned,3.88,947,0.862,0.11,95.0
DRV_006044,Harbor City,2023-06-26,economy,active,3.8,476,0.838,0.063,131.9
DRV_006045,Metro City,2023-03-09,comfort,churned,4.3,924,0.901,0.164,32.2
DRV_006046,Metro City,2022-12-13,economy,active,4.19,1077,0.756,0.039,108.0
DRV_006047,Westville,2022-03-24,xl,active,3.72,536,0.706,0.036,96.5
DRV_006048,Ridgeline,2023-02-21,economy,active,4.37,793,0.872,0.106,74.6
DRV_006049,Clearwater,2022-05-08,economy,active,4.36,947,0.745,0.12,168.0
DRV_006050,Lakewood,2022-08-18,economy,suspended,4.41,463,0.703,0.102,128.9
DRV_006051,Southbrook,2022-10-30,economy,churned,4.12,801,0.96,0.169,114.8
DRV_006052,Harbor City,2022-04-14,economy,active,3.94,612,0.921,0.062,49.7
DRV_006053,Eastport,2022-10-12,comfort,active,3.99,697,0.732,0.178,132.1
DRV_006054,Clearwater,2022-07-14,economy,active,4.75,654,0.951,0.023,98.6
DRV_006055,Northgate,2023-09-13,economy,active,4.44,308,0.719,0.039,135.1
DRV_006056,Lakewood,2023-09-20,comfort,active,4.1,1182,0.925,0.05,140.5
DRV_006057,Eastport,2022-01-04,comfort,active,4.42,412,0.816,0.033,153.5
DRV_006058,Valleyford,2023-03-16,comfort,active,4.02,907,0.845,0.09,96.8
DRV_006059,Ridgeline,2023-04-13,comfort,churned,4.79,944,0.887,0.158,161.5
DRV_006060,Summit Town,2022-10-03,comfort,suspended,4.59,871,0.728,0.151,84.8
DRV_006061,Valleyford,2022-12-09,economy,active,3.65,288,0.954,0.139,129.5
DRV_006062,Westville,2023-07-31,economy,active,3.58,1181,0.74,0.021,83.7
DRV_006063,Ridgeline,2022-10-03,xl,suspended,3.55,764,0.964,0.159,163.9
DRV_006064,Metro City,2022-02-17,comfort,active,3.54,226,0.726,0.083,93.6
DRV_006065,Ridgeline,2022-09-29,xl,active,4.25,748,0.748,0.137,61.5
DRV_006066,Eastport,2022-07-05,xl,active,3.77,587,0.716,0.136,177.6
DRV_006067,Eastport,2022-10-07,economy,active,4.51,845,0.811,0.048,75.2
DRV_006068,Pinecrest,2022-06-17,comfort,active,4.22,1156,0.865,0.102,166.3
DRV_006069,Eastport,2022-04-20,comfort,active,3.64,341,0.875,0.168,155.9
DRV_006070,Ridgeline,2023-12-21,comfort,active,3.51,1030,0.932,0.062,110.6
DRV_006071,Eastport,2022-04-05,economy,active,3.56,1026,0.848,0.134,72.7
DRV_006072,Ridgeline,2023-05-31,comfort,churned,4.3,285,0.843,0.173,40.4
DRV_006073,Summit Town,2023-06-08,economy,active,4.38,389,0.791,0.078,68.0
DRV_006074,Pinecrest,2023-03-27,comfort,active,4.03,534,0.882,0.082,163.1
DRV_006075,Eastport,2023-10-28,comfort,active,3.62,380,0.954,0.092,72.5
DRV_006076,Lakewood,2022-01-04,economy,churned,4.9,266,0.799,0.149,65.0
DRV_006077,Eastport,2022-08-09,economy,active,4.11,893,0.8,0.09,38.6
DRV_006078,Northgate,2022-05-15,economy,active,4.14,855,0.796,0.098,107.6
DRV_006079,Lakewood,2023-02-26,comfort,churned,4.07,909,0.764,0.056,111.7
DRV_006080,Eastport,2023-04-09,economy,active,3.59,759,0.859,0.178,133.2
DRV_006081,Northgate,2023-10-18,economy,suspended,4.57,265,0.73,0.163,160.1
DRV_006082,Summit Town,2022-10-05,comfort,active,4.5,718,0.934,0.116,45.8
DRV_006083,Pinecrest,2022-06-22,economy,active,3.75,666,0.739,0.174,85.9
DRV_006084,Eastport,2023-11-06,economy,active,3.9,1088,0.749,0.13,122.3
DRV_006085,Metro City,2023-05-07,comfort,active,4.32,1059,0.719,0.173,58.7
DRV_006086,Southbrook,2023-07-13,comfort,suspended,4.07,165,0.807,0.046,70.6
DRV_006087,Westville,2022-11-21,comfort,active,5.0,674,0.912,0.056,149.3
DRV_006088,Pinecrest,2022-11-23,comfort,churned,4.24,1131,0.955,0.162,35.2
DRV_006089,Lakewood,2022-10-12,comfort,active,4.82,865,0.822,0.087,164.0
DRV_006090,Valleyford,2023-07-02,comfort,active,3.81,607,0.766,0.079,147.7
DRV_006091,Valleyford,2022-06-03,economy,active,4.33,825,0.903,0.141,78.7
DRV_006092,Harbor City,2023-12-14,economy,active,3.98,81,0.893,0.121,82.0
DRV_006093,Valleyford,2022-05-09,economy,active,4.9,621,0.891,0.075,66.5
DRV_006094,Harbor City,2022-12-03,comfort,active,4.33,1102,0.824,0.084,31.1
DRV_006095,Ridgeline,2022-08-18,economy,active,4.48,565,0.858,0.085,136.0
DRV_006096,Summit Town,2023-04-15,comfort,active,3.61,1120,0.717,0.04,149.3
DRV_006097,Summit Town,2023-05-12,economy,active,4.23,968,0.77,0.057,57.5
DRV_006098,Lakewood,2023-11-02,comfort,active,4.37,1135,0.96,0.106,89.8
DRV_006099,Harbor City,2023-07-31,xl,active,3.94,217,0.712,0.145,98.2
DRV_006100,Clearwater,2022-07-01,economy,active,4.6,1010,0.784,0.087,43.4
DRV_006101,Metro City,2022-05-31,economy,suspended,4.2,295,0.763,0.081,73.5
DRV_006102,Summit Town,2023-10-10,economy,active,4.34,370,0.736,0.124,73.4
DRV_006103,Ridgeline,2022-12-23,xl,active,4.04,202,0.959,0.045,158.5
DRV_006104,Metro City,2022-03-13,economy,active,4.51,379,0.735,0.081,45.9
DRV_006105,Harbor City,2023-08-26,comfort,churned,3.65,790,0.837,0.053,65.5
DRV_006106,Ridgeline,2023-04-19,economy,active,4.26,427,0.935,0.124,98.1
DRV_006107,Harbor City,2022-01-19,xl,suspended,4.84,78,0.701,0.038,50.8
DRV_006108,Summit Town,2023-07-26,economy,active,3.85,309,0.73,0.092,60.4
DRV_006109,Lakewood,2023-03-20,economy,active,4.8,199,0.796,0.115,173.2
DRV_006110,Lakewood,2023-03-25,xl,active,4.83,1094,0.741,0.153,160.3
DRV_006111,Eastport,2023-09-24,xl,active,3.85,916,0.751,0.136,49.2
DRV_006112,Southbrook,2022-12-28,economy,active,3.62,665,0.866,0.171,70.8
DRV_006113,Harbor City,2022-12-03,comfort,active,4.65,1029,0.748,0.129,160.5
DRV_006114,Southbrook,2023-03-27,economy,churned,4.94,356,0.879,0.076,82.6
DRV_006115,Metro City,2022-05-25,xl,churned,3.88,1093,0.956,0.057,96.3
DRV_006116,Valleyford,2022-04-21,comfort,active,4.87,938,0.764,0.029,57.4
DRV_006117,Northgate,2023-09-08,xl,active,3.81,339,0.759,0.064,112.0
DRV_006118,Pinecrest,2022-06-07,comfort,active,4.04,771,0.703,0.042,51.8
DRV_006119,Summit Town,2023-01-04,comfort,active,4.83,1153,0.704,0.079,108.6
DRV_006120,Lakewood,2022-07-17,economy,active,3.96,486,0.811,0.132,167.8
DRV_006121,Metro City,2022-06-18,xl,active,4.63,298,0.837,0.131,101.6
DRV_006122,Ridgeline,2023-03-13,economy,active,3.72,1101,0.751,0.071,153.2
DRV_006123,Metro City,2023-08-09,xl,active,4.07,412,0.79,0.101,116.1
DRV_006124,Ridgeline,2022-11-19,economy,active,4.91,688,0.739,0.055,85.1
DRV_006125,Summit Town,2022-04-12,comfort,active,3.84,160,0.891,0.1,171.3
DRV_006126,Northgate,2022-06-28,comfort,active,4.55,772,0.81,0.102,179.5
DRV_006127,Southbrook,2022-05-01,economy,active,4.88,1190,0.906,0.068,78.8
DRV_006128,Metro City,2023-10-07,economy,active,4.68,87,0.854,0.062,178.3
DRV_006129,Northgate,2022-08-22,comfort,active,4.92,375,0.806,0.177,177.6
DRV_006130,Metro City,2022-09-30,economy,active,4.92,774,0.875,0.106,77.8
DRV_006131,Harbor City,2022-02-21,comfort,active,3.67,734,0.702,0.11,98.4
DRV_006132,Lakewood,2022-11-22,economy,active,4.4,524,0.893,0.021,36.1
DRV_006133,Ridgeline,2023-10-30,economy,active,4.14,412,0.804,0.049,32.4
DRV_006134,Pinecrest,2022-10-27,economy,active,4.52,910,0.844,0.077,53.7
DRV_006135,Metro City,2023-04-21,economy,active,4.61,610,0.847,0.175,70.3
DRV_006136,Summit Town,2022-05-13,economy,active,3.87,100,0.856,0.048,163.8
DRV_006137,Northgate,2022-04-15,economy,active,4.7,212,0.897,0.069,79.1
DRV_006138,Clearwater,2023-06-19,economy,active,4.11,493,0.731,0.178,137.6
DRV_006139,Summit Town,2022-02-17,comfort,active,4.49,792,0.837,0.097,172.0
DRV_006140,Southbrook,2022-11-24,economy,active,4.14,125,0.723,0.071,108.9
DRV_006141,Valleyford,2022-08-20,xl,active,4.02,1196,0.766,0.121,155.9
DRV_006142,Harbor City,2022-01-12,economy,active,4.54,1121,0.753,0.099,92.4
DRV_006143,Ridgeline,2023-01-23,comfort,active,4.31,128,0.868,0.173,68.3
DRV_006144,Lakewood,2023-12-05,economy,active,4.78,532,0.87,0.033,145.9
DRV_006145,Westville,2022-02-20,comfort,churned,4.68,476,0.933,0.146,126.5
DRV_006146,Eastport,2023-08-19,comfort,active,4.8,210,0.846,0.065,129.2
DRV_006147,Eastport,2023-01-29,economy,active,4.65,642,0.909,0.149,79.5
DRV_006148,Eastport,2023-06-13,economy,active,4.88,904,0.949,0.156,104.5
DRV_006149,Pinecrest,2022-03-12,xl,active,3.74,662,0.737,0.156,88.5
DRV_006150,Clearwater,2023-09-27,economy,active,4.46,1064,0.902,0.159,165.5
DRV_006151,Westville,2022-01-09,economy,active,3.62,787,0.792,0.135,169.7
DRV_006152,Westville,2023-10-24,comfort,active,4.25,941,0.778,0.043,47.0
DRV_006153,Southbrook,2023-04-26,economy,active,4.79,1022,0.97,0.028,136.3
DRV_006154,Metro City,2022-09-04,comfort,active,4.59,1028,0.758,0.075,69.4
DRV_006155,Summit Town,2022-01-06,economy,churned,4.37,705,0.956,0.099,137.3
DRV_006156,Northgate,2023-03-22,economy,churned,4.54,1023,0.931,0.068,68.4
DRV_006157,Valleyford,2022-03-05,economy,active,3.76,485,0.946,0.139,96.8
DRV_006158,Lakewood,2023-03-21,economy,active,4.9,1187,0.864,0.136,91.5
DRV_006159,Southbrook,2023-07-19,economy,active,3.82,808,0.864,0.176,152.5
DRV_006160,Metro City,2022-07-15,comfort,active,3.75,467,0.813,0.084,82.8
DRV_006161,Lakewood,2022-06-24,economy,churned,3.71,118,0.812,0.146,167.0
DRV_006162,Southbrook,2022-06-12,xl,active,4.9,450,0.938,0.139,45.6
DRV_006163,Eastport,2022-06-14,economy,active,4.19,604,0.809,0.178,65.2
DRV_006164,Valleyford,2022-03-25,economy,active,4.3,178,0.836,0.144,65.4
DRV_006165,Metro City,2022-07-02,economy,active,4.07,702,0.979,0.065,68.4
DRV_006166,Southbrook,2023-04-27,economy,active,3.54,1036,0.799,0.022,119.7
DRV_006167,Metro City,2022-08-09,economy,active,3.6,412,0.93,0.175,88.4
DRV_006168,Ridgeline,2023-07-25,economy,active,3.52,1120,0.778,0.135,98.7
DRV_006169,Harbor City,2023-08-22,comfort,active,4.31,520,0.707,0.15,178.3
DRV_006170,Summit Town,2023-07-10,comfort,active,3.79,374,0.866,0.147,153.8
DRV_006171,Westville,2023-01-29,comfort,active,4.1,1012,0.834,0.138,94.9
DRV_006172,Pinecrest,2022-08-19,economy,active,4.19,757,0.92,0.14,142.2
DRV_006173,Valleyford,2023-11-10,economy,active,4.3,767,0.701,0.169,49.4
DRV_006174,Pinecrest,2022-05-30,economy,active,4.84,331,0.72,0.166,78.3
DRV_006175,Summit Town,2022-12-06,comfort,active,3.56,739,0.941,0.081,169.9
DRV_006176,Summit Town,2022-11-28,comfort,active,4.24,1041,0.835,0.025,176.8
DRV_006177,Metro City,2023-06-29,xl,active,3.7,274,0.842,0.026,159.1
DRV_006178,Westville,2023-02-04,economy,churned,4.89,57,0.763,0.091,126.7
DRV_006179,Eastport,2023-08-07,xl,active,4.88,930,0.959,0.154,151.8
DRV_006180,Summit Town,2023-11-02,comfort,active,3.71,849,0.956,0.156,51.3
DRV_006181,Eastport,2022-10-13,economy,active,3.68,283,0.845,0.085,90.4
DRV_006182,Westville,2023-10-01,economy,suspended,3.66,674,0.761,0.068,119.6
DRV_006183,Harbor City,2022-05-04,comfort,active,3.65,189,0.975,0.101,119.2
DRV_006184,Metro City,2023-10-31,comfort,active,3.74,378,0.95,0.153,70.9
DRV_006185,Pinecrest,2022-05-10,xl,active,3.73,258,0.846,0.122,124.7
DRV_006186,Lakewood,2023-09-13,economy,active,3.75,1111,0.875,0.042,72.6
DRV_006187,Summit Town,2022-10-12,economy,active,3.72,462,0.823,0.078,142.9
DRV_006188,Clearwater,2023-12-06,comfort,active,4.07,601,0.758,0.109,101.8
DRV_006189,Harbor City,2022-04-05,comfort,active,3.88,326,0.891,0.106,111.1
DRV_006190,Northgate,2022-12-06,xl,active,4.13,653,0.887,0.153,171.6
DRV_006191,Metro City,2023-10-21,comfort,active,4.84,690,0.853,0.169,176.5
DRV_006192,Westville,2022-02-04,economy,active,4.03,145,0.928,0.036,150.9
DRV_006193,Metro City,2022-07-13,economy,active,3.93,952,0.827,0.056,95.2
DRV_006194,Metro City,2022-03-03,economy,active,4.87,523,0.941,0.083,97.6
DRV_006195,Lakewood,2022-08-23,xl,churned,3.98,587,0.761,0.067,107.5
DRV_006196,Southbrook,2022-10-12,economy,suspended,3.68,232,0.969,0.085,145.3
DRV_006197,Westville,2023-03-28,economy,active,4.43,125,0.757,0.027,139.6
DRV_006198,Summit Town,2022-07-08,comfort,active,3.92,687,0.745,0.031,71.7
DRV_006199,Summit Town,2022-04-26,economy,active,4.28,81,0.869,0.154,98.2
DRV_006200,Pinecrest,2022-05-05,economy,churned,4.65,715,0.726,0.036,131.6
DRV_006201,Clearwater,2023-11-17,comfort,active,4.35,929,0.747,0.152,41.2
DRV_006202,Harbor City,2023-11-27,xl,active,4.71,330,0.904,0.069,46.1
DRV_006203,Southbrook,2022-06-11,comfort,active,4.02,378,0.786,0.069,153.6
DRV_006204,Eastport,2022-05-23,economy,active,3.75,1134,0.924,0.036,169.4
DRV_006205,Ridgeline,2022-02-09,economy,churned,4.09,576,0.744,0.022,56.8
DRV_006206,Summit Town,2023-12-02,xl,active,4.12,398,0.808,0.077,167.5
DRV_006207,Summit Town,2023-05-31,economy,churned,4.57,1069,0.808,0.154,158.3
DRV_006208,Metro City,2023-07-10,economy,active,4.53,802,0.835,0.167,52.0
DRV_006209,Metro City,2022-08-01,xl,active,3.96,737,0.815,0.03,52.0
DRV_006210,Metro City,2023-04-13,economy,churned,4.89,1175,0.808,0.025,103.6
DRV_006211,Westville,2022-02-13,economy,active,3.91,745,0.792,0.045,148.1
DRV_006212,Northgate,2023-05-09,comfort,active,4.99,974,0.704,0.143,103.7
DRV_006213,Harbor City,2023-02-28,economy,active,3.55,857,0.873,0.053,153.3
DRV_006214,Lakewood,2022-08-30,economy,churned,4.51,908,0.833,0.057,49.9
DRV_006215,Pinecrest,2023-06-03,comfort,active,4.43,836,0.805,0.162,67.1
DRV_006216,Clearwater,2023-04-17,xl,active,4.38,118,0.759,0.16,139.3
DRV_006217,Metro City,2022-11-17,economy,active,4.67,261,0.95,0.127,106.4
DRV_006218,Pinecrest,2022-05-17,economy,churned,4.39,652,0.767,0.046,91.5
DRV_006219,Ridgeline,2022-01-18,comfort,churned,4.41,865,0.958,0.081,155.4
DRV_006220,Southbrook,2023-11-16,economy,churned,4.82,916,0.761,0.058,51.0
DRV_006221,Pinecrest,2022-07-25,xl,active,3.78,977,0.972,0.127,91.2
DRV_006222,Ridgeline,2022-08-09,economy,active,4.3,809,0.818,0.145,165.5
DRV_006223,Northgate,2023-05-13,comfort,active,4.57,99,0.849,0.043,166.5
DRV_006224,Pinecrest,2022-07-06,economy,active,3.96,702,0.784,0.164,85.1
DRV_006225,Southbrook,2022-10-02,economy,churned,3.83,867,0.963,0.094,94.0
DRV_006226,Eastport,2023-06-04,comfort,active,3.69,1109,0.779,0.147,41.4
DRV_006227,Summit Town,2023-03-11,xl,active,3.89,752,0.904,0.028,62.1
DRV_006228,Southbrook,2023-04-25,economy,suspended,4.5,693,0.706,0.078,32.7
DRV_006229,Harbor City,2022-01-04,xl,active,4.42,231,0.856,0.022,110.0
DRV_006230,Eastport,2022-11-26,economy,active,3.76,1013,0.908,0.135,178.2
DRV_006231,Harbor City,2022-12-13,economy,active,4.24,517,0.832,0.033,52.0
DRV_006232,Valleyford,2023-04-07,comfort,active,3.82,1068,0.88,0.074,172.5
DRV_006233,Northgate,2022-04-21,comfort,active,4.9,253,0.915,0.145,91.1
DRV_006234,Clearwater,2022-04-27,economy,active,4.59,954,0.84,0.14,37.5
DRV_006235,Lakewood,2023-07-11,economy,active,3.76,393,0.761,0.122,54.0
DRV_006236,Clearwater,2023-05-07,comfort,active,3.93,222,0.811,0.131,98.0
DRV_006237,Westville,2023-08-16,economy,churned,4.78,1102,0.905,0.124,60.7
DRV_006238,Ridgeline,2022-07-17,economy,active,4.34,941,0.776,0.123,130.3
DRV_006239,Valleyford,2023-12-30,xl,active,4.03,1044,0.877,0.076,65.5
DRV_006240,Southbrook,2022-07-19,comfort,churned,4.4,955,0.742,0.025,146.2
DRV_006241,Ridgeline,2023-04-21,xl,active,4.08,722,0.96,0.091,61.4
DRV_006242,Harbor City,2022-04-29,economy,active,4.87,824,0.869,0.027,118.1
DRV_006243,Lakewood,2023-11-02,economy,active,4.81,107,0.831,0.095,108.4
DRV_006244,Clearwater,2022-08-31,economy,active,3.74,477,0.927,0.094,150.5
DRV_006245,Westville,2023-08-09,economy,active,4.52,426,0.923,0.049,121.2
DRV_006246,Pinecrest,2022-08-30,comfort,active,4.76,382,0.727,0.145,107.3
DRV_006247,Metro City,2023-08-01,xl,active,3.82,458,0.786,0.133,165.8
DRV_006248,Valleyford,2022-11-28,economy,active,4.81,798,0.828,0.11,162.2
DRV_006249,Lakewood,2022-02-15,economy,active,4.13,763,0.795,0.168,162.3
DRV_006250,Westville,2022-05-20,economy,active,3.96,889,0.789,0.066,65.5
DRV_006251,Eastport,2023-05-14,economy,active,4.98,543,0.799,0.062,137.8
DRV_006252,Harbor City,2022-05-21,economy,active,4.53,1107,0.74,0.049,126.0
DRV_006253,Ridgeline,2022-07-20,comfort,suspended,3.94,639,0.733,0.107,157.4
DRV_006254,Valleyford,2023-01-31,xl,churned,4.29,442,0.773,0.053,124.8
DRV_006255,Clearwater,2022-07-04,economy,active,4.47,1074,0.72,0.159,58.8
DRV_006256,Harbor City,2022-04-05,xl,active,4.57,382,0.843,0.069,73.1
DRV_006257,Eastport,2023-04-01,comfort,active,3.81,1000,0.743,0.099,102.7
DRV_006258,Northgate,2023-05-18,economy,suspended,4.42,902,0.719,0.105,113.0
DRV_006259,Pinecrest,2023-06-20,comfort,active,4.77,1145,0.934,0.069,94.0
DRV_006260,Southbrook,2023-11-21,economy,active,4.71,1175,0.865,0.138,159.3
DRV_006261,Lakewood,2022-04-01,economy,churned,3.94,207,0.952,0.131,157.8
DRV_006262,Metro City,2022-11-08,economy,active,4.96,384,0.975,0.142,142.4
DRV_006263,Ridgeline,2022-06-20,comfort,active,3.52,623,0.866,0.117,96.8
DRV_006264,Clearwater,2023-10-20,economy,churned,4.67,365,0.923,0.094,144.3
DRV_006265,Summit Town,2023-01-30,comfort,active,3.98,228,0.745,0.092,158.8
DRV_006266,Pinecrest,2022-03-13,comfort,active,4.91,1077,0.896,0.135,120.9
DRV_006267,Westville,2023-05-21,comfort,active,4.79,53,0.854,0.08,120.9
DRV_006268,Clearwater,2022-02-01,economy,active,4.82,354,0.889,0.09,65.2
DRV_006269,Lakewood,2022-07-20,comfort,active,3.88,1039,0.729,0.046,83.3
DRV_006270,Westville,2023-06-11,xl,active,4.69,527,0.962,0.129,132.8
DRV_006271,Metro City,2023-01-05,comfort,suspended,4.0,359,0.817,0.032,165.3
DRV_006272,Eastport,2023-07-10,economy,active,4.17,1190,0.917,0.178,133.1
DRV_006273,Metro City,2023-02-21,comfort,active,4.86,818,0.977,0.043,81.3
DRV_006274,Harbor City,2023-09-08,economy,churned,4.58,970,0.945,0.081,148.0
DRV_006275,Ridgeline,2023-02-15,xl,active,4.46,459,0.787,0.058,102.1
DRV_006276,Westville,2022-02-11,economy,active,3.69,337,0.813,0.067,84.0
DRV_006277,Pinecrest,2022-02-22,economy,active,4.31,546,0.882,0.072,82.8
DRV_006278,Ridgeline,2023-07-22,economy,active,3.69,1145,0.851,0.135,150.0
DRV_006279,Valleyford,2022-01-29,economy,active,3.61,733,0.815,0.048,158.4
DRV_006280,Northgate,2022-10-02,economy,active,4.92,1020,0.883,0.062,79.0
DRV_006281,Metro City,2022-01-12,economy,active,4.39,1137,0.955,0.036,60.8
DRV_006282,Eastport,2022-08-10,xl,suspended,3.51,1170,0.787,0.073,110.5
DRV_006283,Northgate,2023-03-11,comfort,active,4.2,1130,0.736,0.171,156.5
DRV_006284,Southbrook,2022-05-07,comfort,active,3.93,513,0.889,0.081,45.9
DRV_006285,Lakewood,2022-12-07,economy,active,3.73,1141,0.865,0.144,103.1
DRV_006286,Summit Town,2023-12-29,economy,active,4.73,817,0.954,0.094,30.1
DRV_006287,Ridgeline,2022-02-21,economy,active,3.73,1092,0.908,0.092,118.8
DRV_006288,Ridgeline,2022-02-16,comfort,active,3.75,489,0.811,0.152,68.8
DRV_006289,Clearwater,2022-07-18,economy,active,3.85,60,0.877,0.024,85.8
DRV_006290,Ridgeline,2023-08-27,economy,churned,4.57,558,0.941,0.158,78.2
DRV_006291,Westville,2022-10-24,comfort,active,3.79,394,0.797,0.098,103.8
DRV_006292,Valleyford,2023-04-12,comfort,churned,3.98,821,0.704,0.076,132.1
DRV_006293,Ridgeline,2022-01-25,economy,churned,4.85,762,0.875,0.165,45.0
DRV_006294,Valleyford,2023-06-21,xl,active,4.35,526,0.707,0.074,128.1
DRV_006295,Pinecrest,2022-02-19,economy,active,3.76,819,0.962,0.176,71.8
DRV_006296,Harbor City,2023-06-04,economy,active,4.79,531,0.747,0.17,142.5
DRV_006297,Metro City,2022-04-18,comfort,active,4.27,897,0.805,0.063,46.0
DRV_006298,Lakewood,2023-09-19,comfort,active,4.75,673,0.965,0.074,149.5
DRV_006299,Eastport,2022-08-05,economy,active,3.62,373,0.722,0.15,133.6
DRV_006300,Westville,2022-05-15,economy,churned,3.74,173,0.701,0.051,44.7
DRV_006301,Pinecrest,2022-09-03,economy,active,3.64,165,0.729,0.137,163.1
DRV_006302,Valleyford,2022-01-01,comfort,active,4.22,1183,0.976,0.041,41.3
DRV_006303,Westville,2022-05-01,economy,suspended,4.08,954,0.972,0.053,50.5
DRV_006304,Eastport,2023-03-13,economy,active,4.12,1000,0.808,0.1,58.1
DRV_006305,Valleyford,2022-08-08,economy,active,4.05,783,0.908,0.139,58.6
DRV_006306,Westville,2022-09-16,economy,churned,4.14,604,0.906,0.138,167.3
DRV_006307,Pinecrest,2023-08-13,comfort,active,4.07,1000,0.728,0.117,91.4
DRV_006308,Summit Town,2022-04-01,economy,active,3.74,919,0.766,0.064,54.2
DRV_006309,Summit Town,2022-10-17,economy,suspended,4.35,344,0.949,0.086,112.2
DRV_006310,Ridgeline,2022-05-16,xl,active,4.8,1197,0.746,0.059,141.5
DRV_006311,Summit Town,2022-12-19,economy,active,4.99,181,0.846,0.064,176.8
DRV_006312,Ridgeline,2022-08-31,economy,active,3.68,643,0.768,0.072,119.7
DRV_006313,Clearwater,2022-02-03,comfort,churned,4.12,179,0.856,0.116,47.8
DRV_006314,Pinecrest,2022-02-21,comfort,active,3.86,882,0.755,0.053,49.0
DRV_006315,Southbrook,2023-09-15,economy,active,4.35,488,0.76,0.027,168.9
DRV_006316,Southbrook,2022-02-11,xl,active,4.04,147,0.713,0.131,144.9
DRV_006317,Pinecrest,2023-07-26,comfort,suspended,4.82,971,0.977,0.023,52.2
DRV_006318,Clearwater,2023-10-31,economy,active,4.9,1149,0.732,0.175,148.8
DRV_006319,Southbrook,2022-12-07,comfort,active,3.99,452,0.816,0.076,44.6
DRV_006320,Lakewood,2022-08-16,comfort,churned,4.03,240,0.817,0.021,86.2
DRV_006321,Eastport,2023-07-21,xl,active,4.3,400,0.785,0.162,33.2
DRV_006322,Harbor City,2023-12-19,xl,active,4.45,971,0.922,0.116,176.2
DRV_006323,Eastport,2022-03-29,comfort,active,4.63,1033,0.795,0.151,81.0
DRV_006324,Southbrook,2023-12-05,comfort,churned,3.65,610,0.875,0.09,48.7
DRV_006325,Westville,2023-11-20,economy,active,3.58,677,0.852,0.077,151.7
DRV_006326,Summit Town,2022-04-15,comfort,churned,4.52,791,0.942,0.125,92.6
DRV_006327,Lakewood,2022-02-09,comfort,active,4.22,471,0.929,0.085,123.1
DRV_006328,Lakewood,2023-06-06,xl,suspended,4.51,735,0.761,0.109,159.3
DRV_006329,Southbrook,2022-02-26,economy,active,3.95,118,0.91,0.064,69.1
DRV_006330,Metro City,2023-03-15,comfort,active,3.76,527,0.922,0.073,110.7
DRV_006331,Harbor City,2022-02-17,xl,active,3.67,885,0.957,0.033,54.9
DRV_006332,Clearwater,2023-05-20,comfort,suspended,4.68,1144,0.97,0.145,157.6
DRV_006333,Lakewood,2022-06-19,economy,active,4.1,1079,0.906,0.076,78.1
DRV_006334,Southbrook,2022-03-12,economy,active,3.62,406,0.826,0.176,103.1
DRV_006335,Harbor City,2022-02-18,xl,active,3.87,287,0.782,0.062,138.6
DRV_006336,Ridgeline,2022-05-18,comfort,churned,4.79,315,0.942,0.096,165.6
DRV_006337,Ridgeline,2023-01-30,comfort,active,4.22,300,0.956,0.069,82.2
DRV_006338,Northgate,2022-02-25,economy,active,4.78,1078,0.727,0.131,42.7
DRV_006339,Eastport,2023-08-09,comfort,active,4.92,84,0.855,0.149,108.6
DRV_006340,Metro City,2023-03-18,xl,active,3.6,388,0.736,0.098,32.0
DRV_006341,Metro City,2022-08-06,comfort,active,4.91,786,0.77,0.079,88.9
DRV_006342,Westville,2023-12-22,economy,active,4.06,173,0.807,0.139,91.2
DRV_006343,Clearwater,2023-04-26,economy,churned,4.55,491,0.787,0.051,99.9
DRV_006344,Northgate,2023-05-06,economy,suspended,4.1,230,0.9,0.116,91.3
DRV_006345,Valleyford,2022-05-07,economy,active,4.42,380,0.722,0.137,140.7
DRV_006346,Valleyford,2023-06-03,economy,active,4.5,460,0.872,0.063,65.5
DRV_006347,Clearwater,2023-02-13,comfort,active,3.7,816,0.863,0.125,107.9
DRV_006348,Summit Town,2023-12-20,xl,active,4.15,1060,0.92,0.138,78.7
DRV_006349,Lakewood,2022-12-15,xl,active,3.81,1182,0.727,0.039,123.2
DRV_006350,Westville,2023-05-10,economy,active,3.68,813,0.793,0.072,93.3
DRV_006351,Clearwater,2022-09-07,economy,churned,4.39,898,0.895,0.085,60.9
DRV_006352,Ridgeline,2022-01-30,economy,active,4.52,195,0.899,0.144,119.1
DRV_006353,Lakewood,2022-04-04,economy,active,3.89,774,0.826,0.111,67.2
DRV_006354,Summit Town,2023-09-25,comfort,active,3.51,665,0.829,0.092,89.5
DRV_006355,Lakewood,2023-06-23,economy,active,4.96,1174,0.97,0.071,92.4
DRV_006356,Northgate,2022-09-24,comfort,active,4.21,766,0.791,0.021,164.8
DRV_006357,Southbrook,2023-05-25,economy,active,4.48,966,0.742,0.023,140.9
DRV_006358,Summit Town,2022-01-04,comfort,active,3.61,979,0.967,0.058,124.4
DRV_006359,Lakewood,2022-01-28,xl,suspended,4.43,187,0.927,0.039,46.9
DRV_006360,Lakewood,2023-01-06,economy,churned,4.64,698,0.766,0.039,76.4
DRV_006361,Pinecrest,2023-04-02,xl,active,3.57,1077,0.94,0.116,37.5
DRV_006362,Southbrook,2023-11-16,comfort,active,4.29,444,0.771,0.117,110.9
DRV_006363,Westville,2023-07-09,economy,active,3.71,955,0.932,0.027,47.7
DRV_006364,Valleyford,2022-07-07,economy,churned,3.72,1195,0.876,0.115,34.4
DRV_006365,Pinecrest,2023-08-19,economy,suspended,4.42,1172,0.835,0.043,83.5
DRV_006366,Westville,2022-12-25,comfort,active,4.43,348,0.96,0.08,141.6
DRV_006367,Eastport,2023-08-27,comfort,active,4.33,426,0.927,0.178,93.9
DRV_006368,Lakewood,2022-05-07,economy,active,4.27,1159,0.736,0.104,43.0
DRV_006369,Northgate,2022-01-20,economy,suspended,4.2,504,0.898,0.025,111.0
DRV_006370,Eastport,2022-02-12,xl,active,4.22,290,0.921,0.076,97.4
DRV_006371,Summit Town,2023-12-25,xl,active,4.0,757,0.852,0.127,174.1
DRV_006372,Lakewood,2022-02-28,comfort,active,3.89,645,0.777,0.056,50.6
DRV_006373,Metro City,2023-11-17,economy,active,3.9,50,0.766,0.174,132.4
DRV_006374,Harbor City,2023-06-15,economy,active,4.86,177,0.973,0.088,138.1
DRV_006375,Northgate,2022-04-17,comfort,active,3.9,765,0.822,0.023,157.3
DRV_006376,Ridgeline,2023-09-23,economy,active,4.06,1076,0.845,0.106,157.0
DRV_006377,Westville,2022-04-16,xl,churned,4.26,798,0.867,0.128,90.6
DRV_006378,Westville,2022-04-15,comfort,active,4.61,612,0.728,0.093,142.1
DRV_006379,Westville,2023-02-25,economy,active,4.67,1197,0.723,0.169,88.7
DRV_006380,Valleyford,2022-07-30,xl,suspended,4.58,1066,0.755,0.164,164.2
DRV_006381,Clearwater,2022-08-01,comfort,active,3.95,482,0.718,0.042,135.7
DRV_006382,Summit Town,2022-05-23,comfort,active,3.74,998,0.952,0.033,36.3
DRV_006383,Eastport,2023-03-20,comfort,active,4.73,1090,0.741,0.07,58.3
DRV_006384,Clearwater,2022-01-20,xl,active,4.81,268,0.763,0.117,165.6
DRV_006385,Westville,2022-06-28,xl,active,4.87,768,0.85,0.116,114.5
DRV_006386,Harbor City,2023-02-09,xl,active,4.79,117,0.951,0.063,146.6
DRV_006387,Northgate,2022-12-22,xl,active,4.04,692,0.714,0.172,157.6
DRV_006388,Pinecrest,2023-05-26,comfort,suspended,3.73,1104,0.76,0.069,37.2
DRV_006389,Northgate,2022-06-07,xl,active,4.51,1083,0.901,0.149,46.4
DRV_006390,Clearwater,2023-04-18,economy,active,4.47,696,0.845,0.153,170.6
DRV_006391,Harbor City,2023-07-09,economy,churned,3.87,725,0.866,0.036,121.3
DRV_006392,Westville,2022-10-11,economy,active,4.43,1030,0.705,0.057,137.9
DRV_006393,Lakewood,2022-07-07,economy,active,5.0,54,0.943,0.054,89.2
DRV_006394,Pinecrest,2023-02-10,economy,active,3.75,843,0.862,0.167,66.3
DRV_006395,Harbor City,2023-02-27,comfort,active,4.07,413,0.934,0.076,45.0
DRV_006396,Harbor City,2022-03-10,economy,suspended,4.09,935,0.97,0.154,62.1
DRV_006397,Lakewood,2023-02-17,economy,active,3.82,183,0.905,0.096,45.4
DRV_006398,Pinecrest,2022-04-23,economy,active,4.68,605,0.709,0.093,169.1
DRV_006399,Valleyford,2023-02-20,comfort,active,4.56,922,0.899,0.165,160.7
DRV_006400,Eastport,2023-11-12,economy,active,3.83,893,0.858,0.091,143.2
DRV_006401,Clearwater,2023-01-28,economy,churned,4.79,899,0.729,0.139,33.3
DRV_006402,Northgate,2023-07-10,comfort,suspended,4.14,1106,0.776,0.088,108.2
DRV_006403,Westville,2022-08-15,economy,active,4.33,465,0.747,0.036,66.0
DRV_006404,Summit Town,2023-11-05,comfort,active,4.53,865,0.959,0.028,41.3
DRV_006405,Metro City,2023-08-17,economy,active,4.81,983,0.923,0.053,33.1
DRV_006406,Westville,2023-11-01,economy,active,3.84,1121,0.896,0.136,137.5
DRV_006407,Ridgeline,2023-06-26,economy,active,4.39,303,0.914,0.08,86.8
DRV_006408,Summit Town,2023-04-20,xl,active,4.51,327,0.868,0.093,118.3
DRV_006409,Southbrook,2023-01-19,comfort,active,4.83,552,0.939,0.036,146.2
DRV_006410,Pinecrest,2023-11-09,comfort,active,4.66,973,0.764,0.12,97.2
DRV_006411,Valleyford,2023-09-12,economy,active,4.87,1060,0.77,0.149,49.4
DRV_006412,Northgate,2022-11-01,economy,suspended,3.61,659,0.866,0.12,171.5
DRV_006413,Summit Town,2022-03-04,comfort,active,4.14,885,0.927,0.178,127.0
DRV_006414,Pinecrest,2022-01-03,comfort,active,3.96,119,0.934,0.023,59.9
DRV_006415,Valleyford,2022-06-20,economy,active,4.25,916,0.973,0.023,132.4
DRV_006416,Clearwater,2022-02-15,xl,active,4.72,792,0.913,0.1,94.3
DRV_006417,Metro City,2022-06-04,xl,suspended,4.24,429,0.765,0.063,148.9
DRV_006418,Eastport,2022-03-21,economy,active,3.55,771,0.765,0.13,138.0
DRV_006419,Metro City,2023-12-18,economy,active,4.51,1140,0.825,0.147,69.2
DRV_006420,Pinecrest,2022-03-11,xl,active,3.52,1189,0.882,0.036,141.1
DRV_006421,Ridgeline,2023-04-03,comfort,active,3.65,788,0.844,0.167,112.6
DRV_006422,Summit Town,2022-09-14,economy,churned,4.59,797,0.719,0.025,130.9
DRV_006423,Harbor City,2022-05-08,xl,active,4.75,804,0.835,0.13,89.3
DRV_006424,Northgate,2023-05-27,comfort,suspended,3.98,200,0.929,0.082,45.5
DRV_006425,Pinecrest,2023-12-10,comfort,active,4.35,447,0.767,0.127,35.4
DRV_006426,Clearwater,2023-08-01,comfort,churned,4.32,1189,0.878,0.036,148.8
DRV_006427,Westville,2023-12-13,economy,active,3.58,123,0.776,0.17,72.2
DRV_006428,Westville,2023-03-07,economy,churned,4.32,412,0.856,0.17,118.4
DRV_006429,Eastport,2023-05-07,economy,churned,3.52,1087,0.896,0.103,156.2
DRV_006430,Pinecrest,2022-04-17,economy,active,4.73,851,0.758,0.102,172.5
DRV_006431,Southbrook,2023-09-15,economy,active,4.62,502,0.907,0.122,175.5
DRV_006432,Metro City,2023-06-30,economy,active,3.93,738,0.889,0.113,150.8
DRV_006433,Summit Town,2022-07-05,economy,suspended,3.89,923,0.788,0.107,108.3
DRV_006434,Harbor City,2022-09-17,comfort,active,3.79,458,0.951,0.114,69.9
DRV_006435,Eastport,2023-03-22,xl,churned,4.93,1116,0.919,0.157,32.6
DRV_006436,Metro City,2022-01-10,comfort,churned,4.77,517,0.846,0.118,63.8
DRV_006437,Harbor City,2023-08-21,economy,active,4.76,1064,0.723,0.051,65.5
DRV_006438,Summit Town,2022-07-24,economy,active,4.2,800,0.823,0.166,108.9
DRV_006439,Northgate,2022-02-24,comfort,active,4.72,103,0.792,0.055,124.1
DRV_006440,Clearwater,2022-08-30,xl,active,4.39,1052,0.773,0.046,177.0
DRV_006441,Eastport,2023-09-03,xl,active,3.95,183,0.88,0.18,88.6
DRV_006442,Clearwater,2022-07-20,comfort,active,4.15,1138,0.958,0.054,170.8
DRV_006443,Pinecrest,2023-01-29,economy,active,4.11,66,0.741,0.036,151.1
DRV_006444,Summit Town,2023-08-16,economy,churned,4.03,1189,0.908,0.11,136.0
DRV_006445,Harbor City,2022-01-25,economy,active,3.86,590,0.874,0.152,56.2
DRV_006446,Pinecrest,2023-07-09,economy,active,4.1,184,0.887,0.03,122.7
DRV_006447,Eastport,2022-07-30,economy,suspended,4.4,290,0.937,0.098,118.9
DRV_006448,Northgate,2023-05-23,economy,active,3.79,266,0.805,0.031,148.6
DRV_006449,Summit Town,2022-05-18,comfort,active,3.71,669,0.862,0.089,116.9
DRV_006450,Summit Town,2022-04-12,economy,active,4.54,286,0.778,0.075,174.5
DRV_006451,Ridgeline,2023-07-30,comfort,active,4.29,965,0.78,0.042,59.9
DRV_006452,Southbrook,2023-08-13,economy,active,4.03,1169,0.844,0.169,54.8
DRV_006453,Lakewood,2023-12-18,xl,active,4.86,394,0.702,0.122,139.0
DRV_006454,Clearwater,2023-05-10,economy,active,4.19,162,0.769,0.155,179.4
DRV_006455,Valleyford,2022-12-07,economy,active,4.0,109,0.742,0.165,65.7
DRV_006456,Valleyford,2022-05-23,comfort,active,3.82,851,0.734,0.169,38.1
DRV_006457,Harbor City,2022-08-04,comfort,active,3.98,918,0.808,0.14,128.6
DRV_006458,Ridgeline,2023-04-19,economy,active,3.91,1151,0.729,0.069,142.1
DRV_006459,Valleyford,2022-09-10,xl,active,4.8,207,0.743,0.153,106.6
DRV_006460,Pinecrest,2022-12-19,comfort,churned,4.84,711,0.887,0.103,64.2
DRV_006461,Clearwater,2022-05-03,economy,active,4.12,274,0.882,0.063,104.4
DRV_006462,Metro City,2022-11-17,comfort,active,3.89,59,0.965,0.082,76.1
DRV_006463,Westville,2022-06-23,comfort,active,3.7,542,0.958,0.068,62.7
DRV_006464,Harbor City,2022-03-23,economy,active,4.57,125,0.945,0.095,105.2
DRV_006465,Ridgeline,2022-04-07,xl,active,4.82,232,0.893,0.145,37.2
DRV_006466,Westville,2023-01-14,comfort,active,4.12,866,0.775,0.098,137.5
DRV_006467,Northgate,2022-09-25,comfort,active,4.81,295,0.75,0.063,144.8
DRV_006468,Summit Town,2022-03-14,economy,active,3.87,508,0.966,0.034,177.8
DRV_006469,Clearwater,2023-01-11,comfort,churned,4.41,1146,0.969,0.157,161.8
DRV_006470,Eastport,2022-04-30,economy,active,3.62,631,0.841,0.087,74.2
DRV_006471,Metro City,2022-01-12,xl,active,4.34,208,0.854,0.091,75.6
DRV_006472,Clearwater,2022-04-07,xl,active,4.46,101,0.702,0.142,96.6
DRV_006473,Ridgeline,2022-11-24,economy,suspended,4.47,513,0.742,0.156,138.6
DRV_006474,Valleyford,2023-11-28,comfort,suspended,4.67,1083,0.853,0.102,36.1
DRV_006475,Metro City,2022-06-26,comfort,active,3.64,93,0.751,0.121,174.3
DRV_006476,Pinecrest,2022-07-27,comfort,active,3.92,1091,0.834,0.058,135.4
DRV_006477,Northgate,2022-06-27,comfort,active,4.54,596,0.923,0.17,157.6
DRV_006478,Harbor City,2022-09-17,comfort,active,4.39,742,0.924,0.111,133.5
DRV_006479,Valleyford,2023-06-08,comfort,active,4.92,678,0.941,0.135,168.1
DRV_006480,Lakewood,2022-08-24,economy,active,4.68,597,0.766,0.038,152.6
DRV_006481,Valleyford,2023-04-26,economy,suspended,4.21,408,0.821,0.122,95.4
DRV_006482,Valleyford,2023-10-18,xl,churned,4.3,502,0.876,0.079,136.3
DRV_006483,Eastport,2023-11-22,comfort,active,4.49,889,0.863,0.092,171.3
DRV_006484,Southbrook,2023-02-15,comfort,active,3.52,277,0.98,0.129,171.8
DRV_006485,Clearwater,2023-06-05,economy,active,4.05,966,0.777,0.147,165.0
DRV_006486,Valleyford,2023-11-02,economy,churned,3.68,1130,0.72,0.076,142.5
DRV_006487,Harbor City,2023-07-29,economy,active,3.86,627,0.809,0.16,125.2
DRV_006488,Eastport,2022-08-07,comfort,active,4.74,612,0.845,0.055,112.5
DRV_006489,Metro City,2022-04-07,comfort,active,4.32,977,0.808,0.11,58.5
DRV_006490,Valleyford,2022-03-25,xl,active,4.79,174,0.789,0.044,98.8
DRV_006491,Clearwater,2023-10-06,economy,churned,4.83,944,0.772,0.066,50.2
DRV_006492,Valleyford,2023-02-11,economy,active,4.71,961,0.82,0.163,53.0
DRV_006493,Harbor City,2022-08-05,economy,active,4.64,444,0.893,0.022,53.7
DRV_006494,Valleyford,2022-09-10,xl,active,3.75,1167,0.742,0.166,100.9
DRV_006495,Eastport,2022-07-25,comfort,active,3.9,621,0.942,0.073,43.0
DRV_006496,Southbrook,2023-08-09,economy,churned,4.56,374,0.88,0.131,158.9
DRV_006497,Southbrook,2023-03-24,economy,active,3.95,342,0.73,0.035,166.0
DRV_006498,Pinecrest,2023-10-04,xl,active,4.06,840,0.707,0.123,131.4
DRV_006499,Clearwater,2022-08-09,comfort,active,4.9,1113,0.714,0.166,107.7
DRV_006500,Harbor City,2022-12-11,economy,suspended,4.56,1196,0.725,0.109,173.1
DRV_006501,Lakewood,2022-03-30,economy,active,3.66,1086,0.88,0.078,78.3
DRV_006502,Northgate,2023-12-11,comfort,churned,4.58,182,0.963,0.147,120.6
DRV_006503,Eastport,2023-01-09,comfort,active,4.69,879,0.737,0.134,149.7
DRV_006504,Lakewood,2023-02-08,economy,churned,4.87,984,0.78,0.039,140.4
DRV_006505,Westville,2022-10-29,economy,active,4.53,301,0.942,0.127,156.6
DRV_006506,Southbrook,2022-07-17,comfort,suspended,3.64,623,0.842,0.126,65.0
DRV_006507,Clearwater,2023-11-24,economy,churned,4.65,110,0.82,0.14,150.3
DRV_006508,Westville,2022-12-23,economy,active,4.48,819,0.833,0.071,35.3
DRV_006509,Eastport,2023-05-08,xl,suspended,4.18,738,0.728,0.084,112.7
DRV_006510,Metro City,2022-01-28,economy,suspended,4.64,257,0.761,0.174,31.4
DRV_006511,Southbrook,2022-07-21,economy,suspended,4.29,253,0.969,0.112,82.4
DRV_006512,Ridgeline,2023-08-10,economy,active,4.9,300,0.88,0.101,116.9
DRV_006513,Summit Town,2022-03-06,economy,suspended,4.9,775,0.78,0.178,136.6
DRV_006514,Pinecrest,2022-03-16,comfort,churned,3.84,689,0.965,0.057,104.7
DRV_006515,Northgate,2023-08-15,economy,active,4.16,643,0.811,0.084,172.2
DRV_006516,Northgate,2022-08-14,economy,suspended,3.8,338,0.739,0.142,106.7
DRV_006517,Southbrook,2022-07-19,economy,active,4.0,958,0.97,0.134,40.8
DRV_006518,Summit Town,2023-02-17,economy,active,3.83,736,0.886,0.175,57.2
DRV_006519,Southbrook,2022-05-23,economy,active,4.27,400,0.911,0.125,156.8
DRV_006520,Eastport,2022-02-01,economy,churned,3.5,150,0.706,0.07,171.8
DRV_006521,Clearwater,2022-01-04,comfort,active,4.69,1033,0.779,0.084,130.4
DRV_006522,Ridgeline,2022-02-27,comfort,churned,3.74,949,0.965,0.034,141.6
DRV_006523,Lakewood,2022-04-26,economy,active,3.91,397,0.744,0.168,122.8
DRV_006524,Valleyford,2023-05-24,xl,active,3.76,365,0.945,0.041,125.8
DRV_006525,Southbrook,2022-08-06,economy,active,4.03,1167,0.916,0.107,167.2
DRV_006526,Pinecrest,2022-02-22,xl,active,3.62,897,0.806,0.084,95.4
DRV_006527,Northgate,2022-01-11,economy,active,4.79,216,0.948,0.041,130.1
DRV_006528,Southbrook,2022-12-15,economy,active,4.12,237,0.958,0.067,131.1
DRV_006529,Valleyford,2023-09-06,economy,active,4.89,662,0.943,0.121,89.4
DRV_006530,Clearwater,2022-09-05,comfort,active,3.57,969,0.814,0.025,97.3
DRV_006531,Pinecrest,2022-02-16,economy,active,3.76,111,0.864,0.175,78.0
DRV_006532,Pinecrest,2022-06-16,comfort,active,4.75,65,0.786,0.165,173.1
DRV_006533,Northgate,2022-12-31,economy,suspended,4.2,747,0.736,0.034,49.8
DRV_006534,Northgate,2022-05-18,comfort,active,3.59,246,0.953,0.159,68.1
DRV_006535,Harbor City,2023-12-16,comfort,active,3.57,689,0.975,0.073,145.9
DRV_006536,Pinecrest,2023-07-12,comfort,active,4.84,438,0.716,0.031,81.4
DRV_006537,Valleyford,2022-09-09,xl,active,3.89,1024,0.893,0.069,133.9
DRV_006538,Northgate,2023-11-26,economy,active,4.12,946,0.966,0.149,139.0
DRV_006539,Eastport,2022-08-26,economy,suspended,4.85,207,0.87,0.127,112.9
DRV_006540,Northgate,2022-04-13,economy,active,4.5,86,0.713,0.058,91.3
DRV_006541,Southbrook,2023-11-16,economy,active,4.66,541,0.704,0.135,135.2
DRV_006542,Southbrook,2023-12-02,comfort,active,4.21,901,0.841,0.133,31.5
DRV_006543,Summit Town,2022-08-17,comfort,churned,4.54,611,0.963,0.139,136.3
DRV_006544,Southbrook,2023-03-11,comfort,churned,4.38,320,0.778,0.107,116.4
DRV_006545,Metro City,2022-05-07,economy,churned,3.76,102,0.798,0.151,156.5
DRV_006546,Metro City,2023-04-14,economy,active,4.36,1196,0.923,0.123,141.1
DRV_006547,Eastport,2023-05-19,comfort,active,4.89,1071,0.924,0.04,114.3
DRV_006548,Northgate,2023-06-03,comfort,churned,4.02,379,0.964,0.15,147.1
DRV_006549,Metro City,2023-02-20,comfort,churned,4.24,614,0.935,0.072,55.5
DRV_006550,Pinecrest,2023-05-30,economy,churned,4.12,217,0.866,0.133,89.5
DRV_006551,Summit Town,2023-02-10,economy,active,4.53,500,0.963,0.128,109.8
DRV_006552,Southbrook,2023-08-22,economy,active,4.44,835,0.872,0.074,145.7
DRV_006553,Northgate,2022-05-12,comfort,active,4.22,774,0.868,0.046,59.7
DRV_006554,Ridgeline,2022-12-19,economy,suspended,3.57,368,0.704,0.131,135.9
DRV_006555,Harbor City,2022-10-31,economy,active,3.9,452,0.828,0.156,71.4
DRV_006556,Ridgeline,2023-01-25,economy,active,3.97,671,0.712,0.154,59.8
DRV_006557,Clearwater,2022-04-14,economy,churned,4.6,653,0.952,0.12,89.9
DRV_006558,Summit Town,2022-08-25,comfort,active,4.09,937,0.703,0.056,59.5
DRV_006559,Northgate,2023-11-28,economy,active,4.07,613,0.786,0.071,95.5
DRV_006560,Lakewood,2022-03-18,economy,churned,4.17,969,0.979,0.141,111.3
DRV_006561,Westville,2023-04-09,comfort,active,4.15,352,0.923,0.086,85.7
DRV_006562,Ridgeline,2023-05-01,comfort,churned,4.58,303,0.912,0.137,171.1
DRV_006563,Northgate,2022-12-13,xl,active,4.51,1146,0.9,0.07,131.1
DRV_006564,Pinecrest,2022-01-25,economy,active,4.64,291,0.714,0.021,90.6
DRV_006565,Lakewood,2022-01-26,economy,active,3.81,994,0.781,0.117,172.0
DRV_006566,Pinecrest,2022-07-21,comfort,churned,4.61,362,0.924,0.116,77.7
DRV_006567,Lakewood,2022-03-16,economy,active,3.94,169,0.951,0.12,125.9
DRV_006568,Harbor City,2022-03-10,economy,active,3.5,503,0.798,0.063,100.5
DRV_006569,Ridgeline,2022-04-27,comfort,suspended,4.46,164,0.773,0.15,160.9
DRV_006570,Valleyford,2022-05-20,xl,churned,3.52,909,0.766,0.098,95.8
DRV_006571,Westville,2023-09-05,economy,churned,3.65,1190,0.853,0.142,35.9
DRV_006572,Ridgeline,2023-04-12,comfort,active,3.56,673,0.782,0.118,76.2
DRV_006573,Lakewood,2022-01-23,comfort,suspended,4.41,1172,0.706,0.087,77.4
DRV_006574,Pinecrest,2023-04-04,comfort,churned,3.81,1061,0.809,0.129,89.2
DRV_006575,Ridgeline,2022-04-10,economy,churned,4.71,1144,0.855,0.112,139.6
DRV_006576,Northgate,2022-11-04,xl,churned,4.03,853,0.878,0.102,136.2
DRV_006577,Lakewood,2022-01-28,economy,churned,4.0,438,0.796,0.124,46.3
DRV_006578,Valleyford,2022-03-07,xl,churned,4.27,755,0.788,0.034,38.5
DRV_006579,Ridgeline,2022-04-07,comfort,active,4.66,348,0.779,0.166,58.4
DRV_006580,Harbor City,2022-11-13,xl,churned,4.54,648,0.875,0.074,97.4
DRV_006581,Clearwater,2022-12-05,comfort,active,3.81,926,0.779,0.056,116.3
DRV_006582,Clearwater,2022-09-15,comfort,active,4.65,524,0.957,0.143,99.0
DRV_006583,Metro City,2023-03-29,economy,active,4.26,604,0.779,0.057,151.8
DRV_006584,Westville,2023-06-10,comfort,active,4.98,447,0.921,0.179,106.2
DRV_006585,Pinecrest,2023-06-16,economy,active,4.28,131,0.79,0.087,141.0
DRV_006586,Southbrook,2023-02-27,economy,active,3.93,251,0.878,0.067,178.3
DRV_006587,Summit Town,2023-02-03,economy,active,4.64,241,0.896,0.03,128.5
DRV_006588,Pinecrest,2022-12-25,xl,active,3.54,360,0.749,0.027,122.8
DRV_006589,Eastport,2022-06-23,xl,suspended,4.59,122,0.806,0.035,144.7
DRV_006590,Clearwater,2022-12-22,comfort,active,4.31,1086,0.736,0.021,105.7
DRV_006591,Westville,2022-01-08,economy,active,3.76,954,0.843,0.072,167.6
DRV_006592,Clearwater,2023-12-07,economy,active,3.54,1003,0.955,0.07,124.9
DRV_006593,Valleyford,2022-09-28,economy,active,3.57,681,0.867,0.089,165.1
DRV_006594,Ridgeline,2023-07-07,xl,active,3.62,55,0.896,0.057,103.1
DRV_006595,Metro City,2023-11-30,economy,active,4.23,235,0.779,0.03,64.5
DRV_006596,Pinecrest,2022-12-29,comfort,churned,4.56,307,0.831,0.031,156.3
DRV_006597,Lakewood,2023-09-22,economy,active,3.7,894,0.907,0.049,57.0
DRV_006598,Southbrook,2022-12-16,economy,active,3.74,978,0.737,0.071,174.4
DRV_006599,Ridgeline,2022-04-07,comfort,churned,4.72,833,0.734,0.044,167.3
DRV_006600,Eastport,2022-01-20,economy,active,3.84,723,0.763,0.078,87.2
DRV_006601,Ridgeline,2022-04-10,economy,active,4.74,470,0.766,0.168,159.6
DRV_006602,Lakewood,2023-11-20,economy,suspended,3.64,131,0.969,0.062,166.4
DRV_006603,Harbor City,2022-12-13,economy,active,4.76,318,0.744,0.047,86.6
DRV_006604,Summit Town,2022-08-21,xl,suspended,4.6,978,0.729,0.126,163.4
DRV_006605,Southbrook,2022-11-22,economy,active,3.72,753,0.739,0.099,130.5
DRV_006606,Southbrook,2022-07-06,comfort,active,4.01,916,0.757,0.028,77.4
DRV_006607,Clearwater,2023-09-28,economy,active,4.0,1099,0.803,0.146,99.6
DRV_006608,Harbor City,2023-12-31,economy,active,3.7,373,0.755,0.134,167.8
DRV_006609,Summit Town,2022-03-03,economy,active,4.07,744,0.725,0.176,125.9
DRV_006610,Summit Town,2023-06-09,economy,suspended,4.52,905,0.738,0.17,127.2
DRV_006611,Eastport,2022-09-02,comfort,churned,4.6,928,0.921,0.113,139.0
DRV_006612,Westville,2022-02-04,xl,active,3.8,1069,0.846,0.13,142.0
DRV_006613,Eastport,2023-11-05,economy,active,4.58,1116,0.909,0.086,80.5
DRV_006614,Metro City,2022-02-15,comfort,active,3.9,794,0.749,0.162,157.5
DRV_006615,Valleyford,2022-05-31,economy,active,3.56,1023,0.785,0.108,118.2
DRV_006616,Ridgeline,2022-01-19,economy,churned,3.79,905,0.975,0.072,176.1
DRV_006617,Westville,2022-12-11,comfort,active,4.01,402,0.724,0.022,113.2
DRV_006618,Southbrook,2023-03-14,comfort,active,3.55,106,0.823,0.114,59.1
DRV_006619,Metro City,2022-08-23,comfort,churned,3.64,1095,0.783,0.104,40.4
DRV_006620,Ridgeline,2022-02-22,economy,active,4.03,699,0.702,0.15,133.2
DRV_006621,Clearwater,2022-03-26,comfort,active,4.89,676,0.855,0.05,114.5
DRV_006622,Southbrook,2023-11-13,comfort,active,4.45,916,0.854,0.15,160.2
DRV_006623,Pinecrest,2023-08-12,economy,active,4.9,200,0.79,0.022,157.6
DRV_006624,Harbor City,2023-11-15,comfort,active,3.56,581,0.832,0.114,86.8
DRV_006625,Pinecrest,2023-01-23,comfort,active,4.8,895,0.81,0.083,179.0
DRV_006626,Summit Town,2023-02-03,economy,active,3.7,515,0.83,0.073,157.3
DRV_006627,Southbrook,2023-07-28,comfort,active,3.86,842,0.937,0.089,40.7
DRV_006628,Lakewood,2023-03-27,comfort,churned,3.65,697,0.9,0.056,80.7
DRV_006629,Southbrook,2022-11-15,economy,churned,4.12,471,0.778,0.049,127.5
DRV_006630,Pinecrest,2022-08-02,economy,active,3.8,826,0.767,0.149,36.6
DRV_006631,Southbrook,2022-12-21,economy,active,4.61,572,0.903,0.056,73.4
DRV_006632,Summit Town,2022-02-16,economy,active,4.63,989,0.763,0.138,112.8
DRV_006633,Ridgeline,2022-05-21,xl,active,3.94,119,0.954,0.134,173.7
DRV_006634,Southbrook,2023-06-23,xl,active,4.7,988,0.933,0.025,160.4
DRV_006635,Lakewood,2023-09-26,comfort,active,3.75,930,0.771,0.161,35.3
DRV_006636,Metro City,2022-03-16,economy,active,3.56,858,0.924,0.146,148.9
DRV_006637,Harbor City,2022-03-12,economy,active,3.75,353,0.754,0.147,52.1
DRV_006638,Pinecrest,2022-03-04,economy,active,3.87,1181,0.707,0.149,168.3
DRV_006639,Eastport,2023-08-01,economy,churned,3.58,800,0.969,0.113,129.8
DRV_006640,Ridgeline,2022-08-16,comfort,active,3.66,668,0.913,0.179,51.7
DRV_006641,Harbor City,2022-08-27,xl,suspended,3.95,321,0.837,0.049,177.7
DRV_006642,Southbrook,2022-01-10,economy,active,4.78,559,0.936,0.032,46.2
DRV_006643,Valleyford,2023-12-11,economy,active,4.78,565,0.721,0.133,59.7
DRV_006644,Pinecrest,2022-11-13,economy,active,4.99,430,0.907,0.067,41.3
DRV_006645,Eastport,2023-08-06,economy,active,3.65,410,0.968,0.117,86.0
DRV_006646,Valleyford,2023-06-01,economy,active,3.5,193,0.929,0.083,56.1
DRV_006647,Eastport,2022-04-14,comfort,active,4.35,881,0.821,0.073,178.8
DRV_006648,Eastport,2023-08-08,comfort,active,4.4,305,0.797,0.163,110.2
DRV_006649,Harbor City,2023-02-06,comfort,active,3.85,592,0.95,0.043,146.5
DRV_006650,Eastport,2023-03-18,xl,active,4.7,401,0.782,0.05,74.6
DRV_006651,Metro City,2022-05-27,comfort,active,4.93,1175,0.962,0.127,69.4
DRV_006652,Pinecrest,2023-09-11,comfort,active,4.0,632,0.79,0.145,103.9
DRV_006653,Valleyford,2023-11-12,comfort,active,4.92,381,0.735,0.153,146.6
DRV_006654,Lakewood,2022-10-24,economy,churned,3.66,1197,0.766,0.057,124.5
DRV_006655,Northgate,2022-03-09,economy,active,4.21,1000,0.845,0.161,102.0
DRV_006656,Westville,2023-09-12,xl,active,3.8,941,0.737,0.118,51.4
DRV_006657,Valleyford,2023-10-10,economy,churned,4.38,213,0.806,0.152,104.5
DRV_006658,Westville,2023-01-05,economy,active,3.61,1070,0.954,0.031,126.1
DRV_006659,Harbor City,2023-02-27,economy,churned,4.26,248,0.726,0.077,39.7
DRV_006660,Metro City,2022-06-12,economy,active,3.76,258,0.872,0.104,123.8
DRV_006661,Harbor City,2022-02-19,economy,active,4.13,462,0.813,0.112,174.2
DRV_006662,Metro City,2023-11-21,comfort,active,4.53,77,0.881,0.036,60.9
DRV_006663,Westville,2022-12-19,xl,active,4.0,83,0.837,0.106,64.5
DRV_006664,Pinecrest,2022-07-20,economy,active,4.31,53,0.945,0.126,96.7
DRV_006665,Northgate,2023-05-22,economy,active,4.96,413,0.813,0.078,137.8
DRV_006666,Summit Town,2022-01-20,xl,active,4.81,628,0.842,0.1,102.7
DRV_006667,Ridgeline,2022-02-28,comfort,active,5.0,168,0.736,0.067,52.4
DRV_006668,Valleyford,2022-06-27,economy,churned,3.77,185,0.837,0.159,139.1
DRV_006669,Westville,2022-11-25,xl,active,4.24,644,0.732,0.116,109.5
DRV_006670,Lakewood,2022-09-25,economy,active,4.68,267,0.863,0.108,145.1
DRV_006671,Lakewood,2022-05-17,comfort,active,4.89,606,0.82,0.171,69.3
DRV_006672,Pinecrest,2022-09-14,xl,active,3.86,254,0.919,0.126,177.4
DRV_006673,Metro City,2022-09-01,economy,active,4.98,887,0.817,0.065,54.0
DRV_006674,Ridgeline,2023-01-19,comfort,active,4.16,870,0.877,0.123,174.8
DRV_006675,Clearwater,2023-02-15,economy,suspended,4.66,1121,0.717,0.174,43.2
DRV_006676,Eastport,2023-10-07,economy,active,4.28,1146,0.899,0.024,69.5
DRV_006677,Northgate,2023-08-12,economy,active,3.95,892,0.968,0.12,51.1
DRV_006678,Southbrook,2022-08-02,xl,active,3.66,189,0.825,0.045,153.6
DRV_006679,Valleyford,2023-10-21,economy,suspended,3.74,674,0.703,0.151,134.4
DRV_006680,Lakewood,2023-01-16,economy,active,4.47,172,0.869,0.123,106.4
DRV_006681,Valleyford,2022-05-18,economy,suspended,4.33,827,0.741,0.17,170.9
DRV_006682,Northgate,2022-09-06,economy,active,4.15,429,0.831,0.127,56.7
DRV_006683,Summit Town,2023-06-26,comfort,active,4.44,606,0.709,0.023,84.4
DRV_006684,Summit Town,2023-08-23,economy,active,4.26,783,0.824,0.102,31.4
DRV_006685,Northgate,2022-10-01,xl,active,3.71,515,0.945,0.165,93.2
DRV_006686,Northgate,2022-04-26,comfort,active,3.89,474,0.738,0.057,37.7
DRV_006687,Valleyford,2022-05-21,comfort,active,4.15,563,0.84,0.033,62.2
DRV_006688,Pinecrest,2022-03-17,economy,active,4.1,370,0.771,0.135,59.4
DRV_006689,Pinecrest,2023-05-26,xl,active,4.85,309,0.773,0.1,114.8
DRV_006690,Northgate,2023-01-03,economy,active,4.91,182,0.88,0.028,73.4
DRV_006691,Ridgeline,2022-11-26,xl,active,4.3,119,0.91,0.065,42.3
DRV_006692,Lakewood,2023-05-06,economy,churned,3.9,576,0.945,0.072,130.5
DRV_006693,Clearwater,2023-08-28,comfort,active,4.7,797,0.778,0.127,55.0
DRV_006694,Pinecrest,2023-08-04,comfort,active,3.77,90,0.72,0.095,64.2
DRV_006695,Ridgeline,2022-04-11,economy,active,4.24,602,0.824,0.098,113.3
DRV_006696,Valleyford,2023-03-07,economy,active,4.99,772,0.864,0.149,176.6
DRV_006697,Lakewood,2023-10-07,economy,active,4.81,1035,0.907,0.065,153.4
DRV_006698,Eastport,2023-07-19,economy,active,4.89,997,0.912,0.128,152.6
DRV_006699,Harbor City,2022-08-29,xl,active,3.65,678,0.942,0.079,128.1
DRV_006700,Harbor City,2022-10-14,economy,active,4.19,1163,0.709,0.087,74.6
DRV_006701,Lakewood,2023-10-12,comfort,active,4.65,1071,0.975,0.109,118.3
DRV_006702,Ridgeline,2022-01-24,economy,suspended,3.73,420,0.971,0.131,149.7
DRV_006703,Lakewood,2023-01-19,economy,active,4.65,563,0.71,0.171,56.9
DRV_006704,Metro City,2022-03-26,economy,active,4.01,998,0.788,0.063,173.3
DRV_006705,Clearwater,2023-10-16,xl,active,4.83,869,0.914,0.037,151.8
DRV_006706,Valleyford,2022-01-29,comfort,churned,4.13,632,0.834,0.089,116.1
DRV_006707,Summit Town,2022-01-18,comfort,active,3.88,617,0.701,0.107,103.3
DRV_006708,Ridgeline,2022-08-29,comfort,active,4.88,357,0.799,0.056,142.2
DRV_006709,Clearwater,2022-05-27,economy,suspended,4.57,644,0.862,0.162,173.7
DRV_006710,Ridgeline,2022-12-28,economy,active,4.19,160,0.946,0.148,67.8
DRV_006711,Summit Town,2022-08-07,xl,active,4.94,976,0.932,0.099,43.7
DRV_006712,Eastport,2022-09-18,comfort,active,4.4,564,0.965,0.092,125.6
DRV_006713,Northgate,2023-02-17,comfort,active,4.38,506,0.831,0.027,82.5
DRV_006714,Lakewood,2023-02-14,comfort,active,4.04,1047,0.924,0.106,73.1
DRV_006715,Eastport,2023-11-14,economy,active,4.75,1196,0.728,0.115,95.3
DRV_006716,Harbor City,2022-12-17,economy,active,4.38,1139,0.845,0.163,122.8
DRV_006717,Southbrook,2023-02-16,economy,active,4.43,1035,0.957,0.1,58.6
DRV_006718,Southbrook,2023-05-10,comfort,active,4.9,581,0.935,0.045,100.2
DRV_006719,Southbrook,2022-05-08,economy,active,3.9,922,0.884,0.049,100.1
DRV_006720,Pinecrest,2023-05-02,economy,churned,4.69,939,0.742,0.046,63.7
DRV_006721,Westville,2023-09-22,economy,active,4.72,800,0.751,0.17,30.2
DRV_006722,Metro City,2022-08-21,xl,active,3.6,294,0.89,0.147,60.8
DRV_006723,Clearwater,2022-05-11,economy,active,4.58,335,0.791,0.152,33.9
DRV_006724,Harbor City,2022-09-10,economy,active,4.75,905,0.792,0.154,35.3
DRV_006725,Valleyford,2022-07-20,economy,active,4.3,63,0.937,0.035,116.1
DRV_006726,Metro City,2023-03-04,economy,active,3.67,74,0.706,0.132,178.5
DRV_006727,Eastport,2023-09-23,comfort,active,3.62,836,0.81,0.133,79.5
DRV_006728,Lakewood,2023-03-12,economy,active,3.54,530,0.767,0.056,155.1
DRV_006729,Harbor City,2022-04-02,economy,churned,4.05,1098,0.708,0.099,89.4
DRV_006730,Clearwater,2022-08-18,comfort,active,4.43,934,0.761,0.126,128.9
DRV_006731,Westville,2023-05-19,economy,active,4.36,339,0.752,0.164,101.5
DRV_006732,Lakewood,2022-08-30,comfort,active,4.26,471,0.841,0.038,177.3
DRV_006733,Westville,2023-03-05,comfort,active,4.13,346,0.822,0.163,125.2
DRV_006734,Summit Town,2023-05-22,economy,active,4.52,168,0.832,0.168,114.2
DRV_006735,Ridgeline,2022-08-29,economy,active,4.82,391,0.946,0.168,82.4
DRV_006736,Valleyford,2023-04-18,economy,churned,4.74,1166,0.838,0.021,152.2
DRV_006737,Ridgeline,2022-10-18,economy,active,4.57,1194,0.879,0.055,179.4
DRV_006738,Summit Town,2022-04-09,comfort,churned,3.94,393,0.881,0.131,71.1
DRV_006739,Summit Town,2022-09-29,economy,active,4.91,649,0.845,0.071,49.7
DRV_006740,Clearwater,2022-11-18,economy,churned,4.79,98,0.785,0.03,175.7
DRV_006741,Eastport,2022-01-02,xl,churned,4.92,254,0.953,0.142,136.3
DRV_006742,Clearwater,2023-10-14,economy,active,4.43,519,0.823,0.025,38.8
DRV_006743,Northgate,2023-01-21,economy,active,4.0,557,0.86,0.091,60.5
DRV_006744,Northgate,2022-01-27,economy,churned,4.18,851,0.857,0.172,143.8
DRV_006745,Metro City,2023-09-26,comfort,active,3.99,445,0.932,0.09,167.1
DRV_006746,Valleyford,2023-09-17,economy,active,4.03,491,0.85,0.166,39.7
DRV_006747,Clearwater,2022-01-09,economy,active,4.14,928,0.828,0.085,47.4
DRV_006748,Southbrook,2022-04-30,xl,suspended,4.9,1085,0.829,0.075,49.6
DRV_006749,Valleyford,2022-09-23,comfort,active,4.25,807,0.918,0.037,169.6
DRV_006750,Clearwater,2023-01-06,economy,active,4.11,295,0.792,0.077,169.6
DRV_006751,Harbor City,2023-06-14,comfort,active,4.46,558,0.962,0.074,123.6
DRV_006752,Lakewood,2022-11-06,economy,active,3.93,715,0.937,0.155,91.9
DRV_006753,Ridgeline,2023-03-23,comfort,active,3.51,361,0.739,0.167,114.0
DRV_006754,Metro City,2022-01-08,economy,active,4.59,173,0.789,0.024,126.8
DRV_006755,Lakewood,2023-04-26,economy,active,4.0,1017,0.954,0.036,157.2
DRV_006756,Clearwater,2023-10-31,economy,active,3.86,185,0.778,0.123,130.6
DRV_006757,Southbrook,2023-01-20,economy,suspended,4.3,182,0.789,0.098,132.2
DRV_006758,Pinecrest,2022-11-29,comfort,active,3.74,274,0.761,0.068,175.9
DRV_006759,Metro City,2022-08-05,economy,active,3.92,50,0.715,0.062,54.9
DRV_006760,Pinecrest,2023-11-28,economy,active,4.27,300,0.834,0.056,143.0
DRV_006761,Northgate,2022-01-25,xl,active,4.96,174,0.911,0.104,171.7
DRV_006762,Clearwater,2022-07-29,economy,active,3.87,808,0.885,0.023,57.3
DRV_006763,Pinecrest,2022-04-12,economy,active,4.2,1079,0.708,0.138,86.2
DRV_006764,Summit Town,2023-09-25,economy,suspended,4.29,1025,0.847,0.068,85.7
DRV_006765,Westville,2022-12-19,economy,suspended,4.57,705,0.792,0.088,158.7
DRV_006766,Valleyford,2023-11-05,economy,active,4.28,1045,0.88,0.104,119.3
DRV_006767,Northgate,2023-05-01,economy,active,4.6,511,0.813,0.054,124.3
DRV_006768,Harbor City,2023-02-11,xl,active,4.8,772,0.975,0.161,120.2
DRV_006769,Eastport,2023-01-13,comfort,active,3.92,425,0.932,0.129,95.9
DRV_006770,Eastport,2022-05-28,comfort,churned,4.75,517,0.896,0.159,57.3
DRV_006771,Clearwater,2023-02-15,xl,active,3.89,185,0.844,0.096,36.8
DRV_006772,Pinecrest,2023-05-16,economy,active,4.71,354,0.866,0.089,72.0
DRV_006773,Harbor City,2023-12-06,economy,active,4.45,155,0.824,0.058,177.0
DRV_006774,Harbor City,2023-02-05,comfort,active,4.35,387,0.923,0.107,152.4
DRV_006775,Harbor City,2023-11-17,economy,active,4.2,850,0.954,0.115,61.3
DRV_006776,Harbor City,2023-11-21,economy,active,4.32,570,0.98,0.087,72.5
DRV_006777,Valleyford,2023-01-17,economy,active,3.85,1050,0.868,0.043,108.6
DRV_006778,Ridgeline,2022-11-17,economy,active,4.25,773,0.891,0.064,129.6
DRV_006779,Clearwater,2022-04-15,economy,churned,4.41,1179,0.812,0.022,40.5
DRV_006780,Valleyford,2022-07-16,comfort,active,4.07,688,0.702,0.071,39.8
DRV_006781,Eastport,2023-10-04,comfort,active,4.07,819,0.897,0.113,126.4
DRV_006782,Northgate,2022-04-11,comfort,suspended,4.02,925,0.962,0.173,120.8
DRV_006783,Harbor City,2022-10-17,xl,active,4.73,262,0.941,0.048,112.3
DRV_006784,Northgate,2023-05-26,xl,active,4.08,197,0.946,0.029,77.8
DRV_006785,Pinecrest,2022-06-25,economy,active,4.37,579,0.813,0.067,103.3
DRV_006786,Eastport,2023-12-13,comfort,active,4.96,179,0.9,0.045,129.5
DRV_006787,Lakewood,2023-04-20,comfort,active,3.55,1157,0.879,0.131,64.7
DRV_006788,Valleyford,2022-01-21,economy,active,3.83,1189,0.851,0.021,34.7
DRV_006789,Harbor City,2022-06-30,economy,active,4.89,267,0.742,0.177,103.9
DRV_006790,Lakewood,2023-06-25,comfort,active,4.58,413,0.861,0.157,135.5
DRV_006791,Summit Town,2023-09-23,economy,active,4.06,309,0.784,0.099,59.5
DRV_006792,Ridgeline,2023-11-08,economy,churned,3.63,1167,0.897,0.167,84.4
DRV_006793,Valleyford,2023-09-14,economy,churned,4.27,983,0.965,0.12,78.0
DRV_006794,Harbor City,2022-02-24,economy,churned,4.68,382,0.904,0.179,154.0
DRV_006795,Ridgeline,2023-06-17,economy,active,4.13,904,0.773,0.065,176.5
DRV_006796,Clearwater,2022-03-22,economy,active,4.77,124,0.83,0.18,105.7
DRV_006797,Eastport,2022-02-25,economy,active,3.94,222,0.858,0.049,89.6
DRV_006798,Harbor City,2023-05-21,economy,active,4.24,633,0.903,0.077,123.8
DRV_006799,Northgate,2022-12-16,xl,active,3.64,416,0.741,0.17,176.7
DRV_006800,Summit Town,2023-04-19,xl,active,4.29,276,0.847,0.079,142.1
DRV_006801,Lakewood,2023-09-14,economy,active,4.79,642,0.941,0.054,40.6
DRV_006802,Ridgeline,2022-02-20,xl,active,3.73,1084,0.708,0.03,93.1
DRV_006803,Metro City,2023-01-21,economy,active,4.41,647,0.904,0.044,59.5
DRV_006804,Harbor City,2023-09-02,economy,active,3.97,547,0.947,0.077,53.4
DRV_006805,Lakewood,2022-11-18,economy,churned,4.03,181,0.923,0.087,132.2
DRV_006806,Metro City,2023-01-18,economy,churned,3.51,557,0.961,0.107,141.1
DRV_006807,Metro City,2022-12-30,economy,active,4.3,1028,0.919,0.15,102.9
DRV_006808,Lakewood,2023-10-25,economy,churned,4.98,498,0.845,0.022,97.6
DRV_006809,Clearwater,2022-02-06,comfort,active,3.72,1035,0.834,0.155,84.4
DRV_006810,Southbrook,2023-10-03,economy,active,3.85,177,0.709,0.112,172.3
DRV_006811,Clearwater,2023-08-19,economy,churned,3.84,770,0.705,0.141,72.1
DRV_006812,Harbor City,2023-08-17,xl,churned,4.34,766,0.879,0.141,62.2
DRV_006813,Ridgeline,2022-10-28,xl,churned,3.78,379,0.777,0.165,171.7
DRV_006814,Southbrook,2023-01-12,economy,suspended,4.93,227,0.786,0.035,114.0
DRV_006815,Valleyford,2022-09-27,economy,active,4.54,854,0.926,0.111,49.6
DRV_006816,Northgate,2022-07-03,comfort,suspended,4.44,785,0.731,0.165,149.8
DRV_006817,Pinecrest,2023-10-02,comfort,active,3.51,505,0.779,0.135,122.7
DRV_006818,Summit Town,2023-01-05,economy,suspended,4.21,510,0.892,0.035,150.5
DRV_006819,Harbor City,2023-06-13,economy,active,4.71,1099,0.709,0.118,120.3
DRV_006820,Northgate,2022-03-15,economy,active,4.26,1030,0.846,0.148,159.5
DRV_006821,Lakewood,2023-07-30,economy,churned,4.61,497,0.724,0.064,140.4
DRV_006822,Clearwater,2023-04-26,economy,active,4.52,648,0.913,0.121,132.3
DRV_006823,Harbor City,2023-12-30,comfort,active,4.89,527,0.878,0.154,158.5
DRV_006824,Valleyford,2022-04-08,comfort,active,4.05,1071,0.87,0.104,71.9
DRV_006825,Clearwater,2023-01-30,comfort,active,4.74,601,0.762,0.051,41.8
DRV_006826,Northgate,2023-01-09,comfort,active,3.89,79,0.903,0.108,36.5
DRV_006827,Westville,2023-01-29,economy,active,4.34,173,0.784,0.114,58.4
DRV_006828,Southbrook,2022-02-09,economy,active,4.43,884,0.86,0.084,99.3
DRV_006829,Eastport,2022-12-12,economy,active,4.16,90,0.726,0.129,31.1
DRV_006830,Pinecrest,2022-08-07,economy,churned,3.65,692,0.727,0.089,130.2
DRV_006831,Harbor City,2023-03-27,comfort,active,4.15,683,0.754,0.16,172.9
DRV_006832,Southbrook,2022-06-19,economy,active,3.8,244,0.76,0.147,93.1
DRV_006833,Valleyford,2022-11-14,economy,active,4.23,810,0.735,0.149,111.9
DRV_006834,Metro City,2023-03-29,economy,active,3.53,171,0.733,0.104,173.6
DRV_006835,Westville,2022-02-16,comfort,churned,4.23,1112,0.946,0.051,48.1
DRV_006836,Harbor City,2023-07-29,economy,active,4.07,897,0.855,0.136,89.6
DRV_006837,Eastport,2023-06-07,economy,churned,3.52,237,0.874,0.031,178.1
DRV_006838,Harbor City,2022-02-11,comfort,active,4.43,481,0.781,0.103,51.1
DRV_006839,Westville,2022-02-17,comfort,active,3.97,1080,0.716,0.028,162.2
DRV_006840,Northgate,2023-09-13,economy,active,4.37,137,0.971,0.105,91.1
DRV_006841,Ridgeline,2022-07-26,economy,active,4.83,373,0.715,0.13,107.5
DRV_006842,Metro City,2023-09-21,economy,suspended,4.8,849,0.93,0.087,153.6
DRV_006843,Southbrook,2022-12-31,comfort,active,4.26,631,0.886,0.087,177.7
DRV_006844,Lakewood,2022-09-07,economy,active,4.21,384,0.814,0.04,34.0
DRV_006845,Valleyford,2022-07-19,economy,active,4.3,237,0.909,0.068,82.2
DRV_006846,Summit Town,2023-04-27,economy,active,4.09,395,0.914,0.091,73.8
DRV_006847,Westville,2022-03-22,economy,churned,3.94,573,0.946,0.158,99.1
DRV_006848,Summit Town,2022-10-21,comfort,suspended,3.74,144,0.853,0.164,53.3
DRV_006849,Summit Town,2022-09-10,economy,active,4.87,740,0.76,0.173,77.8
DRV_006850,Clearwater,2022-04-23,economy,active,3.59,535,0.86,0.036,122.7
DRV_006851,Ridgeline,2022-09-15,comfort,active,4.02,348,0.728,0.067,150.4
DRV_006852,Southbrook,2023-01-21,economy,active,3.75,1100,0.805,0.094,174.2
DRV_006853,Westville,2023-05-10,economy,active,3.59,1026,0.871,0.123,69.0
DRV_006854,Eastport,2022-03-05,economy,active,3.76,1039,0.771,0.132,176.2
DRV_006855,Summit Town,2023-09-29,comfort,suspended,4.18,1130,0.942,0.146,75.4
DRV_006856,Summit Town,2023-10-04,xl,active,4.34,430,0.973,0.099,169.0
DRV_006857,Pinecrest,2023-05-21,economy,active,4.84,452,0.721,0.109,142.2
DRV_006858,Clearwater,2023-11-06,economy,active,4.53,402,0.758,0.174,91.8
DRV_006859,Harbor City,2022-11-09,comfort,active,4.7,323,0.832,0.058,176.1
DRV_006860,Eastport,2023-08-23,xl,churned,4.33,1046,0.711,0.149,34.4
DRV_006861,Pinecrest,2023-06-15,xl,active,3.8,435,0.726,0.134,147.7
DRV_006862,Lakewood,2023-02-15,xl,active,4.77,900,0.952,0.042,131.0
DRV_006863,Harbor City,2022-05-12,comfort,churned,4.21,1162,0.713,0.168,43.6
DRV_006864,Ridgeline,2023-02-12,economy,churned,4.66,284,0.769,0.157,72.7
DRV_006865,Valleyford,2023-10-20,comfort,churned,3.51,406,0.819,0.145,97.3
DRV_006866,Ridgeline,2023-12-20,economy,churned,4.17,1083,0.706,0.04,66.3
DRV_006867,Valleyford,2022-11-24,economy,active,4.01,512,0.927,0.042,170.0
DRV_006868,Ridgeline,2022-06-30,comfort,active,3.95,1098,0.932,0.129,53.2
DRV_006869,Eastport,2023-06-30,comfort,active,4.51,717,0.811,0.037,113.9
DRV_006870,Summit Town,2022-02-25,economy,active,4.74,441,0.756,0.038,112.1
DRV_006871,Eastport,2022-04-21,comfort,active,4.8,570,0.95,0.084,110.1
DRV_006872,Westville,2023-02-15,economy,active,4.7,1076,0.89,0.021,50.7
DRV_006873,Valleyford,2023-12-24,xl,active,4.72,99,0.847,0.135,103.7
DRV_006874,Clearwater,2022-08-29,economy,active,4.75,813,0.81,0.106,168.1
DRV_006875,Eastport,2022-11-20,economy,active,4.54,1027,0.851,0.033,61.4
DRV_006876,Northgate,2022-08-24,economy,active,4.64,1056,0.77,0.107,41.1
DRV_006877,Eastport,2022-11-18,xl,active,3.83,677,0.826,0.029,172.4
DRV_006878,Harbor City,2022-01-06,comfort,active,4.94,493,0.892,0.031,168.4
DRV_006879,Lakewood,2023-03-11,comfort,active,4.25,1180,0.815,0.098,113.6
DRV_006880,Harbor City,2023-03-12,comfort,active,3.89,507,0.892,0.1,163.0
DRV_006881,Northgate,2022-08-19,xl,active,4.18,502,0.907,0.074,176.1
DRV_006882,Pinecrest,2022-07-12,economy,active,4.73,628,0.911,0.119,56.0
DRV_006883,Northgate,2023-07-10,xl,active,4.54,607,0.859,0.082,62.7
DRV_006884,Southbrook,2022-05-18,economy,active,3.73,353,0.752,0.114,110.1
DRV_006885,Lakewood,2022-02-04,comfort,active,4.16,507,0.896,0.076,135.6
DRV_006886,Westville,2022-01-30,comfort,active,4.63,667,0.929,0.134,151.7
DRV_006887,Southbrook,2023-10-06,xl,active,4.54,192,0.726,0.113,103.9
DRV_006888,Clearwater,2022-09-23,xl,active,3.78,635,0.951,0.046,33.5
DRV_006889,Northgate,2022-03-16,xl,active,4.61,887,0.964,0.13,40.8
DRV_006890,Eastport,2023-10-04,comfort,active,4.51,266,0.887,0.145,155.6
DRV_006891,Pinecrest,2022-04-19,comfort,active,3.87,321,0.731,0.031,114.4
DRV_006892,Eastport,2022-09-03,economy,active,3.96,1079,0.883,0.118,38.0
DRV_006893,Pinecrest,2022-01-16,economy,active,4.13,1085,0.8,0.146,134.3
DRV_006894,Metro City,2023-05-11,comfort,active,4.51,170,0.785,0.038,124.6
DRV_006895,Eastport,2023-05-26,economy,churned,4.93,106,0.71,0.164,93.8
DRV_006896,Harbor City,2023-07-07,economy,active,4.99,1064,0.903,0.086,158.8
DRV_006897,Clearwater,2022-07-12,economy,active,4.53,1175,0.859,0.138,73.9
DRV_006898,Ridgeline,2022-08-28,comfort,active,4.12,668,0.826,0.164,143.5
DRV_006899,Westville,2023-11-16,economy,active,3.6,1028,0.809,0.178,79.5
DRV_006900,Harbor City,2023-08-23,economy,active,4.39,604,0.815,0.113,113.6
DRV_006901,Metro City,2022-01-28,xl,churned,4.22,398,0.827,0.133,179.4
DRV_006902,Westville,2023-05-21,economy,active,4.51,1037,0.834,0.06,121.9
DRV_006903,Eastport,2023-08-17,economy,active,4.95,614,0.727,0.066,114.4
DRV_006904,Clearwater,2023-02-13,economy,active,3.75,571,0.806,0.156,115.7
DRV_006905,Clearwater,2023-04-13,comfort,active,4.06,722,0.718,0.084,134.4
DRV_006906,Metro City,2022-01-01,comfort,active,4.36,398,0.917,0.152,150.3
DRV_006907,Southbrook,2022-01-22,economy,active,4.03,370,0.846,0.028,149.2
DRV_006908,Summit Town,2022-01-26,comfort,churned,3.76,231,0.924,0.055,144.6
DRV_006909,Lakewood,2022-04-27,xl,active,4.4,157,0.82,0.047,80.7
DRV_006910,Southbrook,2023-12-25,economy,active,3.56,841,0.743,0.104,66.3
DRV_006911,Lakewood,2023-04-09,economy,churned,4.07,570,0.784,0.033,90.4
DRV_006912,Harbor City,2023-07-26,comfort,active,4.96,1008,0.765,0.075,108.0
DRV_006913,Eastport,2022-08-04,economy,active,4.22,717,0.823,0.178,151.8
DRV_006914,Pinecrest,2023-11-16,economy,churned,3.65,636,0.921,0.147,108.6
DRV_006915,Northgate,2022-05-26,comfort,active,4.75,1169,0.733,0.142,85.1
DRV_006916,Harbor City,2023-10-21,xl,active,3.77,374,0.812,0.042,110.6
DRV_006917,Pinecrest,2022-01-23,economy,active,3.88,1027,0.726,0.078,41.0
DRV_006918,Clearwater,2022-01-15,comfort,suspended,4.94,1131,0.81,0.129,110.7
DRV_006919,Pinecrest,2022-02-27,comfort,active,4.66,715,0.863,0.023,107.6
DRV_006920,Valleyford,2023-08-02,comfort,active,3.98,793,0.719,0.089,118.6
DRV_006921,Metro City,2022-07-07,economy,churned,4.47,1034,0.719,0.169,159.7
DRV_006922,Harbor City,2022-11-26,economy,active,4.23,676,0.905,0.033,115.3
DRV_006923,Northgate,2022-12-11,comfort,active,4.84,562,0.814,0.165,114.4
DRV_006924,Metro City,2023-07-31,xl,active,4.34,960,0.798,0.051,132.0
DRV_006925,Pinecrest,2022-09-12,xl,active,4.49,1069,0.892,0.05,175.6
DRV_006926,Ridgeline,2022-01-05,comfort,active,3.72,434,0.724,0.051,138.9
DRV_006927,Clearwater,2022-10-10,xl,active,3.87,581,0.941,0.169,59.3
DRV_006928,Valleyford,2022-07-30,economy,suspended,3.54,896,0.917,0.117,95.0
DRV_006929,Lakewood,2023-06-18,economy,active,4.38,829,0.809,0.14,50.2
DRV_006930,Valleyford,2023-07-03,economy,active,4.34,453,0.831,0.079,35.0
DRV_006931,Southbrook,2022-03-09,comfort,active,3.96,879,0.811,0.16,152.9
DRV_006932,Harbor City,2023-08-02,economy,active,3.85,346,0.92,0.113,83.4
DRV_006933,Westville,2022-02-21,xl,active,4.18,205,0.708,0.116,70.0
DRV_006934,Southbrook,2023-03-29,economy,churned,3.66,317,0.888,0.14,102.7
DRV_006935,Harbor City,2022-10-12,economy,active,4.78,1171,0.785,0.144,60.7
DRV_006936,Southbrook,2022-08-08,economy,churned,4.75,1066,0.918,0.129,37.1
DRV_006937,Northgate,2022-12-19,economy,active,4.39,200,0.975,0.039,130.3
DRV_006938,Southbrook,2022-08-15,economy,active,4.85,976,0.778,0.159,62.9
DRV_006939,Harbor City,2023-08-03,economy,active,4.42,473,0.825,0.062,34.0
DRV_006940,Pinecrest,2023-12-07,economy,suspended,4.24,289,0.853,0.179,140.7
DRV_006941,Westville,2023-08-19,comfort,active,4.4,366,0.854,0.082,172.1
DRV_006942,Pinecrest,2022-11-17,economy,active,3.63,130,0.744,0.039,47.5
DRV_006943,Valleyford,2023-01-03,economy,suspended,3.83,286,0.863,0.071,99.8
DRV_006944,Ridgeline,2022-11-23,economy,active,4.34,227,0.903,0.112,61.3
DRV_006945,Westville,2023-08-03,xl,active,3.67,234,0.964,0.083,36.4
DRV_006946,Valleyford,2023-02-08,xl,active,4.71,403,0.903,0.153,88.9
DRV_006947,Northgate,2022-12-08,economy,active,3.76,1092,0.869,0.129,150.3
DRV_006948,Lakewood,2022-10-26,economy,active,4.13,751,0.765,0.054,76.4
DRV_006949,Eastport,2022-10-01,comfort,active,4.23,262,0.727,0.106,44.3
DRV_006950,Harbor City,2023-02-08,xl,active,3.74,815,0.878,0.146,120.4
DRV_006951,Summit Town,2023-05-18,economy,active,3.86,1122,0.875,0.163,156.1
DRV_006952,Clearwater,2022-11-12,comfort,active,4.23,181,0.935,0.083,81.8
DRV_006953,Southbrook,2023-08-12,comfort,active,3.66,334,0.825,0.168,97.3
DRV_006954,Harbor City,2023-08-27,comfort,active,3.78,572,0.748,0.026,55.4
DRV_006955,Northgate,2022-11-10,xl,active,3.53,216,0.763,0.128,178.7
DRV_006956,Northgate,2023-10-26,comfort,active,4.26,649,0.833,0.145,174.9
DRV_006957,Westville,2022-05-07,economy,churned,4.73,762,0.787,0.088,150.2
DRV_006958,Lakewood,2023-11-12,xl,active,4.72,348,0.75,0.022,40.9
DRV_006959,Northgate,2022-08-03,economy,active,4.03,342,0.73,0.13,75.1
DRV_006960,Northgate,2023-02-16,economy,active,4.53,889,0.815,0.075,59.5
DRV_006961,Eastport,2022-07-27,comfort,suspended,4.98,686,0.795,0.044,47.6
DRV_006962,Eastport,2022-11-19,xl,suspended,4.14,734,0.97,0.045,93.1
DRV_006963,Westville,2022-09-06,comfort,active,4.87,122,0.94,0.143,92.6
DRV_006964,Ridgeline,2023-05-30,economy,active,4.67,890,0.751,0.05,173.9
DRV_006965,Metro City,2022-03-01,economy,active,3.77,698,0.911,0.097,139.0
DRV_006966,Metro City,2023-09-04,comfort,active,4.17,853,0.834,0.175,41.8
DRV_006967,Summit Town,2023-10-22,economy,active,4.9,428,0.959,0.141,37.7
DRV_006968,Northgate,2023-02-15,economy,active,3.75,1081,0.87,0.108,172.5
DRV_006969,Metro City,2023-02-04,xl,churned,3.59,63,0.757,0.105,150.5
DRV_006970,Ridgeline,2023-05-26,economy,active,3.9,824,0.755,0.047,35.9
DRV_006971,Harbor City,2022-05-26,economy,active,3.51,118,0.971,0.091,158.7
DRV_006972,Eastport,2023-07-02,comfort,active,3.69,970,0.957,0.043,103.6
DRV_006973,Northgate,2022-06-09,economy,active,4.14,1002,0.835,0.033,141.7
DRV_006974,Summit Town,2023-05-09,xl,active,4.65,635,0.858,0.037,117.5
DRV_006975,Lakewood,2022-08-12,comfort,churned,3.82,686,0.853,0.117,132.4
DRV_006976,Ridgeline,2023-06-29,economy,active,4.77,322,0.914,0.051,78.9
DRV_006977,Valleyford,2023-08-01,economy,active,4.98,62,0.833,0.044,107.9
DRV_006978,Ridgeline,2022-06-02,comfort,churned,4.2,154,0.734,0.159,59.6
DRV_006979,Westville,2023-03-27,comfort,active,4.99,317,0.791,0.04,89.5
DRV_006980,Harbor City,2022-12-30,comfort,active,4.37,612,0.859,0.133,44.0
DRV_006981,Pinecrest,2022-08-03,comfort,active,3.59,267,0.798,0.087,129.2
DRV_006982,Valleyford,2023-03-06,xl,active,3.67,968,0.928,0.113,38.9
DRV_006983,Summit Town,2023-12-26,economy,active,4.27,862,0.965,0.024,74.4
DRV_006984,Pinecrest,2022-01-02,economy,active,4.88,720,0.768,0.02,45.2
DRV_006985,Southbrook,2023-11-30,economy,active,3.65,811,0.949,0.151,129.8
DRV_006986,Clearwater,2023-09-17,economy,active,4.36,79,0.9,0.096,100.3
DRV_006987,Northgate,2023-01-22,economy,active,4.72,347,0.864,0.031,84.7
DRV_006988,Northgate,2023-03-22,comfort,active,4.97,325,0.737,0.075,101.2
DRV_006989,Pinecrest,2022-09-27,economy,active,4.86,75,0.815,0.101,54.2
DRV_006990,Lakewood,2022-04-05,economy,active,3.66,557,0.979,0.042,163.7
DRV_006991,Southbrook,2023-02-22,xl,active,3.62,496,0.882,0.107,82.0
DRV_006992,Harbor City,2023-08-19,economy,active,3.81,512,0.866,0.105,130.6
DRV_006993,Northgate,2022-06-18,economy,active,3.92,822,0.71,0.116,171.9
DRV_006994,Southbrook,2023-06-08,comfort,active,4.8,851,0.79,0.15,48.7
DRV_006995,Lakewood,2023-07-01,economy,active,4.47,427,0.837,0.086,131.5
DRV_006996,Northgate,2023-07-08,economy,suspended,4.91,252,0.88,0.162,31.2
DRV_006997,Harbor City,2022-09-06,comfort,active,4.13,481,0.94,0.096,172.3
DRV_006998,Metro City,2022-10-14,xl,active,4.12,475,0.828,0.093,80.8
DRV_006999,Clearwater,2022-10-31,comfort,active,3.92,145,0.777,0.125,73.6
DRV_007000,Southbrook,2023-09-16,xl,suspended,4.16,666,0.779,0.119,76.0
DRV_007001,Summit Town,2023-10-20,xl,active,4.69,489,0.739,0.022,178.5
DRV_007002,Lakewood,2022-10-30,comfort,active,4.55,1181,0.741,0.177,74.4
DRV_007003,Ridgeline,2023-12-10,comfort,active,4.68,205,0.785,0.171,166.7
DRV_007004,Valleyford,2023-02-21,economy,suspended,4.75,1113,0.915,0.065,164.8
DRV_007005,Valleyford,2022-10-09,economy,active,3.51,444,0.816,0.109,158.3
DRV_007006,Pinecrest,2022-01-01,comfort,active,3.86,488,0.941,0.143,53.8
DRV_007007,Southbrook,2023-03-23,economy,active,4.48,346,0.966,0.167,129.0
DRV_007008,Southbrook,2023-04-16,economy,churned,4.17,434,0.721,0.114,87.0
DRV_007009,Pinecrest,2023-12-08,comfort,active,3.68,104,0.899,0.023,100.9
DRV_007010,Pinecrest,2023-06-09,comfort,active,3.6,1142,0.724,0.129,53.1
DRV_007011,Harbor City,2022-01-22,economy,active,4.92,435,0.72,0.035,176.6
DRV_007012,Westville,2023-02-18,comfort,active,4.77,1040,0.777,0.127,69.8
DRV_007013,Harbor City,2023-06-27,xl,active,3.98,933,0.728,0.114,158.8
DRV_007014,Northgate,2022-12-29,xl,active,4.46,866,0.886,0.123,39.0
DRV_007015,Harbor City,2022-11-10,economy,active,3.72,492,0.901,0.05,148.8
DRV_007016,Northgate,2023-08-15,comfort,active,3.7,764,0.879,0.099,149.5
DRV_007017,Pinecrest,2023-03-23,xl,active,4.0,457,0.861,0.119,69.1
DRV_007018,Metro City,2023-05-13,economy,active,3.92,888,0.919,0.068,115.1
DRV_007019,Harbor City,2022-12-05,xl,active,4.97,999,0.916,0.049,74.7
DRV_007020,Clearwater,2022-07-22,economy,active,3.54,866,0.944,0.056,61.6
DRV_007021,Westville,2023-01-14,comfort,active,4.32,516,0.894,0.157,122.7
DRV_007022,Lakewood,2023-12-02,economy,active,4.78,1012,0.8,0.094,138.8
DRV_007023,Clearwater,2023-03-16,economy,active,3.54,59,0.847,0.126,136.9
DRV_007024,Northgate,2023-06-01,economy,active,4.33,882,0.837,0.102,155.8
DRV_007025,Ridgeline,2022-04-01,economy,active,4.07,1012,0.73,0.153,137.3
DRV_007026,Pinecrest,2023-12-23,comfort,active,3.82,797,0.927,0.101,87.4
DRV_007027,Ridgeline,2022-06-28,economy,active,3.85,599,0.956,0.035,176.9
DRV_007028,Harbor City,2023-12-11,economy,active,4.72,1127,0.976,0.052,173.4
DRV_007029,Westville,2022-11-22,comfort,active,4.2,93,0.769,0.022,97.8
DRV_007030,Clearwater,2023-11-02,economy,active,3.57,1131,0.727,0.153,175.7
DRV_007031,Ridgeline,2023-10-14,economy,active,4.11,360,0.731,0.126,177.5
DRV_007032,Pinecrest,2023-07-06,economy,active,4.73,529,0.925,0.141,141.5
DRV_007033,Metro City,2023-10-31,economy,active,4.53,361,0.877,0.134,151.1
DRV_007034,Clearwater,2023-03-21,economy,active,4.93,1198,0.912,0.152,47.1
DRV_007035,Valleyford,2023-09-12,xl,active,4.66,489,0.953,0.178,70.5
DRV_007036,Pinecrest,2022-05-06,comfort,active,3.76,502,0.763,0.125,48.4
DRV_007037,Eastport,2022-02-21,economy,active,3.6,750,0.802,0.06,53.0
DRV_007038,Valleyford,2023-02-01,xl,active,4.19,336,0.922,0.036,146.6
DRV_007039,Northgate,2023-08-15,xl,active,4.17,438,0.773,0.114,60.7
DRV_007040,Lakewood,2023-07-13,xl,active,4.32,288,0.842,0.143,86.7
DRV_007041,Lakewood,2023-01-21,comfort,churned,4.51,879,0.824,0.11,95.5
DRV_007042,Westville,2023-01-16,comfort,active,3.88,186,0.867,0.069,40.3
DRV_007043,Westville,2023-03-22,economy,active,4.98,811,0.977,0.135,159.2
DRV_007044,Lakewood,2023-09-26,economy,active,4.24,469,0.729,0.092,156.9
DRV_007045,Ridgeline,2023-09-07,economy,active,4.57,173,0.836,0.066,32.9
DRV_007046,Harbor City,2022-03-22,comfort,suspended,4.11,1163,0.969,0.155,118.8
DRV_007047,Lakewood,2023-03-11,economy,active,4.53,443,0.797,0.112,119.8
DRV_007048,Northgate,2022-10-06,economy,active,4.98,423,0.907,0.065,123.8
DRV_007049,Clearwater,2023-08-07,economy,suspended,3.73,142,0.96,0.073,68.8
DRV_007050,Eastport,2023-01-05,comfort,active,4.15,1107,0.767,0.111,55.4
DRV_007051,Eastport,2023-12-25,comfort,active,4.55,1094,0.723,0.088,43.0
DRV_007052,Southbrook,2022-11-12,economy,active,4.79,173,0.721,0.046,138.2
DRV_007053,Southbrook,2023-05-11,economy,active,4.46,378,0.72,0.118,103.9
DRV_007054,Lakewood,2022-03-21,comfort,churned,3.85,218,0.798,0.13,121.9
DRV_007055,Eastport,2023-11-12,economy,active,4.47,859,0.735,0.02,113.6
DRV_007056,Ridgeline,2022-04-23,economy,active,4.43,237,0.813,0.106,128.7
DRV_007057,Harbor City,2022-10-04,economy,churned,3.57,502,0.911,0.112,135.8
DRV_007058,Northgate,2023-09-04,economy,active,4.41,681,0.784,0.073,61.7
DRV_007059,Clearwater,2023-12-08,economy,suspended,4.3,1148,0.834,0.074,133.2
DRV_007060,Metro City,2022-12-20,economy,active,3.93,1190,0.736,0.071,71.4
DRV_007061,Northgate,2022-12-20,xl,suspended,3.86,538,0.896,0.091,34.2
DRV_007062,Northgate,2022-02-05,economy,active,4.65,284,0.789,0.15,152.8
DRV_007063,Northgate,2023-12-16,comfort,churned,3.6,710,0.738,0.095,142.7
DRV_007064,Eastport,2022-01-13,comfort,active,3.93,433,0.967,0.179,142.9
DRV_007065,Valleyford,2022-01-20,economy,active,4.55,564,0.915,0.08,86.4
DRV_007066,Ridgeline,2022-12-12,economy,active,3.81,1031,0.883,0.132,146.0
DRV_007067,Valleyford,2022-01-03,comfort,active,3.68,537,0.902,0.108,73.5
DRV_007068,Southbrook,2022-04-30,economy,suspended,4.97,660,0.819,0.142,74.7
DRV_007069,Harbor City,2023-04-04,economy,active,4.35,689,0.784,0.162,84.9
DRV_007070,Ridgeline,2023-05-30,economy,active,3.9,446,0.84,0.102,138.5
DRV_007071,Pinecrest,2022-08-06,comfort,active,3.73,1080,0.931,0.099,67.2
DRV_007072,Southbrook,2023-08-04,economy,active,3.51,536,0.97,0.171,41.2
DRV_007073,Harbor City,2023-03-20,comfort,active,4.62,739,0.869,0.169,68.9
DRV_007074,Harbor City,2022-06-16,economy,active,4.04,895,0.805,0.18,98.9
DRV_007075,Westville,2023-06-05,comfort,active,3.79,997,0.901,0.045,77.8
DRV_007076,Metro City,2023-03-09,economy,active,4.86,466,0.895,0.021,138.0
DRV_007077,Summit Town,2023-08-16,economy,churned,4.54,90,0.769,0.09,41.6
DRV_007078,Ridgeline,2022-04-23,comfort,churned,4.72,811,0.822,0.137,128.4
DRV_007079,Ridgeline,2022-06-18,comfort,churned,4.48,165,0.738,0.032,77.1
DRV_007080,Metro City,2022-08-10,economy,suspended,4.88,971,0.813,0.08,57.6
DRV_007081,Summit Town,2022-09-07,economy,active,4.02,1195,0.914,0.113,65.0
DRV_007082,Valleyford,2023-10-11,comfort,churned,3.73,115,0.788,0.054,59.8
DRV_007083,Northgate,2023-06-19,economy,active,3.51,75,0.877,0.137,159.1
DRV_007084,Clearwater,2023-02-02,economy,active,3.55,912,0.792,0.057,74.3
DRV_007085,Pinecrest,2023-01-30,xl,active,4.78,862,0.741,0.155,151.9
DRV_007086,Harbor City,2023-10-09,economy,active,4.42,1135,0.908,0.076,73.5
DRV_007087,Metro City,2022-11-23,xl,active,3.57,197,0.865,0.116,30.6
DRV_007088,Metro City,2022-06-14,economy,active,3.66,142,0.931,0.107,31.0
DRV_007089,Northgate,2022-04-10,economy,active,4.54,473,0.89,0.067,85.2
DRV_007090,Northgate,2022-08-29,economy,active,4.08,143,0.929,0.09,158.1
DRV_007091,Pinecrest,2023-04-22,economy,active,4.66,1088,0.743,0.155,118.8
DRV_007092,Westville,2022-12-10,economy,suspended,4.9,757,0.872,0.108,131.9
DRV_007093,Eastport,2022-11-04,comfort,active,4.63,820,0.803,0.029,92.2
DRV_007094,Metro City,2022-12-17,economy,active,3.77,827,0.909,0.134,71.3
DRV_007095,Harbor City,2023-12-13,economy,active,4.47,645,0.862,0.049,126.4
DRV_007096,Ridgeline,2023-12-30,xl,active,4.39,581,0.715,0.098,116.9
DRV_007097,Clearwater,2022-04-28,xl,active,4.77,299,0.849,0.095,35.2
DRV_007098,Pinecrest,2022-03-25,economy,active,3.8,1125,0.908,0.098,113.0
DRV_007099,Westville,2022-06-28,economy,active,4.58,683,0.774,0.025,124.6
DRV_007100,Ridgeline,2023-09-14,economy,active,4.4,195,0.883,0.064,85.3
DRV_007101,Eastport,2022-12-02,comfort,churned,4.22,242,0.935,0.028,81.3
DRV_007102,Westville,2023-09-23,comfort,active,3.94,186,0.718,0.086,148.1
DRV_007103,Eastport,2023-04-18,comfort,active,3.54,1081,0.862,0.119,85.6
DRV_007104,Eastport,2023-02-08,xl,churned,4.71,61,0.949,0.125,73.0
DRV_007105,Clearwater,2022-07-25,economy,active,3.66,1116,0.735,0.03,147.7
DRV_007106,Northgate,2022-09-09,xl,active,4.07,995,0.775,0.039,177.7
DRV_007107,Northgate,2022-04-18,comfort,churned,4.24,210,0.875,0.126,57.7
DRV_007108,Southbrook,2023-01-15,comfort,active,3.99,153,0.864,0.105,86.8
DRV_007109,Westville,2022-07-24,comfort,active,4.49,1118,0.922,0.153,30.4
DRV_007110,Eastport,2022-08-02,economy,active,3.99,743,0.876,0.053,102.9
DRV_007111,Valleyford,2022-01-29,xl,active,4.27,1107,0.861,0.039,72.4
DRV_007112,Clearwater,2023-08-07,economy,active,3.64,1119,0.827,0.078,153.8
DRV_007113,Clearwater,2023-11-17,economy,active,4.15,62,0.722,0.122,167.4
DRV_007114,Metro City,2022-12-30,xl,active,4.37,110,0.866,0.098,47.4
DRV_007115,Ridgeline,2023-01-27,economy,active,4.79,961,0.744,0.036,159.6
DRV_007116,Lakewood,2023-11-07,xl,churned,3.77,184,0.979,0.031,62.2
DRV_007117,Clearwater,2023-01-09,xl,suspended,4.01,999,0.722,0.128,76.2
DRV_007118,Summit Town,2023-03-31,comfort,active,3.89,1051,0.721,0.068,162.9
DRV_007119,Southbrook,2022-11-09,xl,active,3.73,610,0.92,0.127,84.8
DRV_007120,Summit Town,2023-01-11,comfort,suspended,4.08,369,0.728,0.067,32.5
DRV_007121,Northgate,2023-01-16,comfort,active,4.86,1189,0.813,0.07,37.8
DRV_007122,Northgate,2023-06-04,comfort,churned,4.06,535,0.96,0.054,80.7
DRV_007123,Harbor City,2023-03-18,comfort,active,3.91,326,0.921,0.177,162.7
DRV_007124,Ridgeline,2023-01-03,economy,active,4.94,717,0.765,0.023,43.3
DRV_007125,Summit Town,2022-02-25,comfort,active,4.57,437,0.77,0.04,59.3
DRV_007126,Valleyford,2023-10-23,economy,active,4.05,874,0.866,0.154,175.1
DRV_007127,Clearwater,2023-10-11,xl,churned,4.62,1183,0.836,0.042,91.7
DRV_007128,Eastport,2022-05-15,comfort,active,4.46,261,0.733,0.065,160.9
DRV_007129,Summit Town,2022-08-03,economy,active,4.78,337,0.744,0.062,87.5
DRV_007130,Harbor City,2023-12-12,xl,active,3.67,1054,0.925,0.132,107.7
DRV_007131,Valleyford,2022-08-23,xl,active,4.31,1013,0.797,0.086,172.0
DRV_007132,Summit Town,2023-08-16,comfort,suspended,4.55,940,0.924,0.154,173.5
DRV_007133,Lakewood,2023-07-28,economy,active,5.0,216,0.753,0.14,54.8
DRV_007134,Clearwater,2023-09-21,xl,active,4.4,154,0.868,0.105,131.5
DRV_007135,Westville,2022-01-12,xl,active,3.71,394,0.841,0.06,93.6
DRV_007136,Clearwater,2022-12-19,economy,active,4.96,174,0.791,0.147,52.5
DRV_007137,Summit Town,2023-02-17,economy,active,4.19,598,0.87,0.159,33.9
DRV_007138,Ridgeline,2023-09-04,xl,active,4.23,863,0.735,0.154,106.2
DRV_007139,Harbor City,2022-06-13,comfort,churned,3.88,878,0.94,0.028,44.1
DRV_007140,Ridgeline,2022-08-12,xl,churned,4.72,593,0.908,0.132,170.8
DRV_007141,Valleyford,2022-05-12,comfort,active,4.29,472,0.78,0.133,67.5
DRV_007142,Eastport,2023-07-11,economy,active,4.96,570,0.862,0.171,96.0
DRV_007143,Lakewood,2023-12-31,comfort,active,4.28,864,0.953,0.062,139.0
DRV_007144,Valleyford,2022-04-13,economy,active,3.77,300,0.818,0.146,106.2
DRV_007145,Valleyford,2022-06-20,comfort,active,4.66,51,0.802,0.13,86.6
DRV_007146,Valleyford,2022-08-13,economy,active,3.72,869,0.924,0.161,124.4
DRV_007147,Southbrook,2023-10-11,xl,active,3.93,780,0.7,0.131,59.7
DRV_007148,Lakewood,2022-11-22,comfort,active,4.91,181,0.892,0.156,103.6
DRV_007149,Ridgeline,2022-07-25,economy,active,4.96,740,0.76,0.078,174.5
DRV_007150,Clearwater,2022-08-24,economy,active,4.66,479,0.894,0.045,147.7
DRV_007151,Pinecrest,2023-03-13,comfort,active,3.81,1096,0.823,0.078,80.2
DRV_007152,Eastport,2022-10-10,xl,active,4.61,880,0.706,0.15,166.9
DRV_007153,Metro City,2022-04-13,xl,active,4.39,602,0.945,0.041,161.2
DRV_007154,Clearwater,2023-08-22,xl,active,4.17,1177,0.853,0.122,70.7
DRV_007155,Westville,2022-11-05,economy,active,4.17,855,0.788,0.178,170.1
DRV_007156,Ridgeline,2022-07-07,comfort,active,4.18,294,0.897,0.163,102.8
DRV_007157,Pinecrest,2023-06-16,comfort,active,3.98,763,0.839,0.127,169.9
DRV_007158,Metro City,2023-06-29,economy,active,4.31,781,0.71,0.147,112.5
DRV_007159,Southbrook,2022-04-24,economy,active,3.55,972,0.882,0.039,44.5
DRV_007160,Southbrook,2022-02-23,comfort,active,4.77,123,0.971,0.1,50.9
DRV_007161,Metro City,2022-02-03,xl,active,4.85,1088,0.762,0.105,104.7
DRV_007162,Pinecrest,2023-07-13,economy,churned,4.09,357,0.942,0.145,33.7
DRV_007163,Northgate,2023-04-02,comfort,active,4.92,637,0.874,0.065,145.3
DRV_007164,Pinecrest,2023-08-02,economy,active,4.66,160,0.722,0.037,76.2
DRV_007165,Pinecrest,2023-04-03,economy,active,4.77,238,0.904,0.132,34.7
DRV_007166,Southbrook,2022-10-21,economy,active,4.84,1005,0.824,0.099,127.3
DRV_007167,Lakewood,2023-03-07,comfort,active,4.01,906,0.922,0.155,120.8
DRV_007168,Eastport,2023-06-12,economy,active,4.72,530,0.878,0.097,49.0
DRV_007169,Metro City,2022-10-19,comfort,active,3.72,139,0.701,0.155,57.2
DRV_007170,Eastport,2023-10-31,economy,suspended,4.97,1075,0.735,0.101,141.5
DRV_007171,Westville,2023-10-19,economy,active,4.39,247,0.799,0.145,52.7
DRV_007172,Summit Town,2023-08-08,comfort,active,4.54,96,0.835,0.135,31.0
DRV_007173,Eastport,2023-12-26,economy,active,3.96,323,0.961,0.063,180.0
DRV_007174,Southbrook,2022-10-13,economy,active,3.55,853,0.93,0.07,73.5
DRV_007175,Harbor City,2022-03-25,comfort,churned,3.74,390,0.924,0.164,163.7
DRV_007176,Southbrook,2022-12-20,economy,active,3.71,641,0.851,0.057,92.1
DRV_007177,Summit Town,2023-06-29,economy,active,4.16,186,0.726,0.132,174.4
DRV_007178,Eastport,2023-07-23,comfort,churned,3.94,847,0.909,0.043,94.5
DRV_007179,Valleyford,2022-10-11,comfort,active,4.92,1161,0.724,0.141,142.4
DRV_007180,Southbrook,2022-08-02,xl,active,4.76,1161,0.726,0.056,174.8
DRV_007181,Pinecrest,2022-11-22,economy,active,4.31,1090,0.771,0.115,72.3
DRV_007182,Summit Town,2023-08-10,comfort,active,4.78,1168,0.958,0.11,34.5
DRV_007183,Westville,2022-02-14,economy,churned,4.38,1018,0.91,0.053,97.3
DRV_007184,Harbor City,2022-08-28,economy,active,4.88,1005,0.721,0.099,144.2
DRV_007185,Lakewood,2022-06-17,comfort,active,4.62,920,0.957,0.161,114.6
DRV_007186,Pinecrest,2023-08-12,xl,active,4.6,292,0.919,0.129,155.3
DRV_007187,Pinecrest,2022-12-09,economy,active,3.91,259,0.869,0.179,70.0
DRV_007188,Summit Town,2022-03-05,economy,active,4.69,923,0.736,0.146,40.2
DRV_007189,Lakewood,2022-07-11,comfort,active,4.66,374,0.79,0.123,63.1
DRV_007190,Summit Town,2022-02-02,comfort,churned,3.62,1150,0.784,0.11,64.3
DRV_007191,Summit Town,2022-12-14,comfort,churned,3.59,821,0.879,0.17,80.3
DRV_007192,Clearwater,2023-12-30,economy,active,4.82,448,0.865,0.104,76.8
DRV_007193,Southbrook,2023-02-19,comfort,active,4.97,654,0.778,0.084,65.1
DRV_007194,Clearwater,2023-09-27,economy,churned,4.41,451,0.787,0.154,48.3
DRV_007195,Westville,2023-06-27,comfort,active,3.76,311,0.845,0.17,108.3
DRV_007196,Ridgeline,2023-10-07,comfort,active,4.13,599,0.937,0.097,136.7
DRV_007197,Westville,2022-08-16,comfort,active,3.53,736,0.735,0.042,166.2
DRV_007198,Clearwater,2023-11-26,economy,active,4.73,849,0.903,0.117,71.4
DRV_007199,Southbrook,2022-06-24,economy,churned,3.65,452,0.979,0.139,129.1
DRV_007200,Valleyford,2022-11-16,economy,churned,4.0,334,0.91,0.08,109.1
DRV_007201,Pinecrest,2023-05-13,economy,active,4.34,225,0.824,0.14,162.6
DRV_007202,Summit Town,2022-07-29,economy,suspended,4.55,231,0.905,0.105,134.3
DRV_007203,Eastport,2022-07-13,economy,active,4.86,716,0.941,0.068,57.4
DRV_007204,Clearwater,2022-04-05,economy,active,4.13,379,0.915,0.121,69.9
DRV_007205,Eastport,2022-01-04,economy,churned,3.79,756,0.704,0.082,123.7
DRV_007206,Harbor City,2023-01-01,economy,active,3.66,792,0.737,0.146,142.7
DRV_007207,Metro City,2023-12-22,economy,active,4.49,1007,0.73,0.02,41.8
DRV_007208,Metro City,2022-06-10,economy,active,3.69,98,0.709,0.151,127.0
DRV_007209,Lakewood,2022-11-18,comfort,churned,4.49,1082,0.9,0.069,55.6
DRV_007210,Summit Town,2023-11-14,xl,active,4.18,1116,0.775,0.174,171.4
DRV_007211,Southbrook,2023-07-18,economy,churned,4.12,571,0.902,0.141,174.6
DRV_007212,Harbor City,2022-01-03,economy,active,3.89,691,0.887,0.059,158.9
DRV_007213,Southbrook,2023-01-01,economy,active,4.85,1105,0.847,0.177,159.1
DRV_007214,Summit Town,2022-04-15,economy,suspended,4.57,172,0.717,0.1,174.2
DRV_007215,Northgate,2022-06-30,economy,suspended,4.29,1155,0.785,0.104,72.9
DRV_007216,Lakewood,2022-06-29,economy,active,4.14,881,0.708,0.166,108.4
DRV_007217,Southbrook,2023-03-24,economy,active,4.04,866,0.955,0.167,50.1
DRV_007218,Ridgeline,2022-05-26,economy,active,4.1,379,0.786,0.132,98.4
DRV_007219,Harbor City,2022-07-03,economy,active,4.78,1199,0.727,0.177,45.7
DRV_007220,Clearwater,2022-06-14,economy,active,4.13,931,0.701,0.073,133.7
DRV_007221,Metro City,2022-09-18,economy,active,3.51,1133,0.871,0.057,41.3
DRV_007222,Westville,2023-04-24,economy,active,4.88,1062,0.874,0.025,158.9
DRV_007223,Southbrook,2022-10-19,economy,active,4.39,817,0.979,0.075,157.7
DRV_007224,Southbrook,2022-08-28,economy,active,3.75,629,0.781,0.116,174.8
DRV_007225,Harbor City,2023-01-13,comfort,churned,3.69,489,0.713,0.069,34.1
DRV_007226,Clearwater,2023-03-25,economy,active,4.06,262,0.918,0.113,152.8
DRV_007227,Summit Town,2022-01-12,economy,active,4.42,96,0.785,0.028,73.9
DRV_007228,Lakewood,2023-10-12,economy,active,4.91,593,0.793,0.077,59.4
DRV_007229,Ridgeline,2023-10-31,comfort,active,3.58,730,0.954,0.14,142.6
DRV_007230,Ridgeline,2023-03-16,xl,active,4.03,706,0.861,0.037,48.0
DRV_007231,Ridgeline,2023-02-24,economy,churned,3.89,593,0.812,0.134,161.4
DRV_007232,Harbor City,2023-05-23,comfort,active,4.13,463,0.966,0.142,161.3
DRV_007233,Summit Town,2022-11-18,economy,active,4.69,518,0.774,0.111,113.4
DRV_007234,Lakewood,2022-09-24,economy,active,3.74,934,0.706,0.162,93.4
DRV_007235,Ridgeline,2022-09-15,economy,active,4.9,1122,0.765,0.173,163.4
DRV_007236,Southbrook,2022-04-27,economy,churned,3.88,362,0.712,0.026,136.9
DRV_007237,Lakewood,2023-09-07,economy,active,4.63,796,0.814,0.129,34.8
DRV_007238,Summit Town,2022-08-23,economy,active,4.46,1017,0.933,0.058,91.8
DRV_007239,Westville,2022-07-27,xl,churned,4.32,512,0.973,0.085,94.5
DRV_007240,Pinecrest,2023-12-05,economy,suspended,4.77,553,0.896,0.12,158.4
DRV_007241,Westville,2023-01-05,comfort,active,4.41,685,0.959,0.134,162.4
DRV_007242,Summit Town,2023-03-30,economy,active,4.67,724,0.814,0.154,111.5
DRV_007243,Metro City,2022-06-29,comfort,churned,4.38,1106,0.785,0.133,46.8
DRV_007244,Clearwater,2022-07-22,comfort,active,4.58,114,0.743,0.144,121.4
DRV_007245,Clearwater,2023-06-16,economy,active,3.57,995,0.84,0.116,99.1
DRV_007246,Metro City,2022-11-26,economy,active,4.47,291,0.792,0.039,93.4
DRV_007247,Summit Town,2022-04-18,economy,churned,4.83,470,0.73,0.023,177.6
DRV_007248,Clearwater,2023-09-02,xl,active,4.48,554,0.961,0.105,179.4
DRV_007249,Northgate,2022-10-22,economy,active,4.73,632,0.735,0.134,91.4
DRV_007250,Westville,2023-05-03,economy,active,4.99,899,0.907,0.037,170.2
DRV_007251,Metro City,2022-09-07,economy,churned,3.73,242,0.719,0.089,66.7
DRV_007252,Summit Town,2023-02-14,comfort,churned,4.53,1167,0.848,0.061,59.0
DRV_007253,Summit Town,2023-07-21,economy,active,4.85,1008,0.889,0.111,128.5
DRV_007254,Harbor City,2023-10-09,economy,active,3.54,133,0.766,0.082,105.1
DRV_007255,Clearwater,2022-06-01,economy,suspended,3.76,696,0.721,0.052,141.9
DRV_007256,Northgate,2023-05-06,economy,active,3.87,1127,0.866,0.021,46.5
DRV_007257,Metro City,2023-10-30,xl,active,4.82,91,0.869,0.071,102.4
DRV_007258,Ridgeline,2023-04-15,comfort,active,4.97,404,0.787,0.103,132.3
DRV_007259,Northgate,2022-04-15,xl,active,4.87,578,0.805,0.169,105.2
DRV_007260,Clearwater,2022-05-19,comfort,active,4.21,1180,0.713,0.056,72.9
DRV_007261,Clearwater,2022-05-29,comfort,active,4.5,690,0.783,0.102,105.1
DRV_007262,Summit Town,2022-03-19,xl,active,3.66,101,0.947,0.111,117.8
DRV_007263,Harbor City,2023-07-05,economy,active,4.97,780,0.748,0.124,112.6
DRV_007264,Eastport,2023-12-06,comfort,active,4.92,635,0.831,0.073,114.9
DRV_007265,Southbrook,2023-01-13,economy,churned,4.39,729,0.89,0.036,96.4
DRV_007266,Pinecrest,2023-03-14,economy,active,3.71,944,0.925,0.167,79.7
DRV_007267,Valleyford,2023-07-19,economy,active,4.92,160,0.723,0.172,40.6
DRV_007268,Eastport,2022-10-31,economy,active,4.84,453,0.866,0.09,37.0
DRV_007269,Metro City,2022-12-11,economy,active,4.99,202,0.876,0.113,110.1
DRV_007270,Metro City,2023-03-06,economy,active,4.26,1169,0.755,0.025,158.8
DRV_007271,Lakewood,2022-08-11,comfort,active,4.02,1115,0.709,0.028,147.9
DRV_007272,Westville,2022-02-15,comfort,active,4.07,1113,0.936,0.032,110.4
DRV_007273,Summit Town,2023-02-19,economy,active,4.25,351,0.823,0.138,125.9
DRV_007274,Valleyford,2023-08-24,xl,suspended,4.87,430,0.717,0.056,176.5
DRV_007275,Pinecrest,2022-02-23,comfort,active,3.69,585,0.862,0.05,175.1
DRV_007276,Westville,2022-06-08,economy,active,4.47,54,0.806,0.021,179.2
DRV_007277,Eastport,2022-07-11,economy,active,4.87,1040,0.722,0.024,32.5
DRV_007278,Pinecrest,2023-08-11,xl,active,3.91,251,0.78,0.085,125.4
DRV_007279,Valleyford,2023-01-04,economy,active,4.29,836,0.792,0.107,141.8
DRV_007280,Summit Town,2023-01-26,economy,churned,4.69,87,0.861,0.113,45.5
DRV_007281,Lakewood,2023-04-17,economy,active,4.27,204,0.813,0.093,84.5
DRV_007282,Pinecrest,2022-07-21,economy,active,4.29,831,0.73,0.094,54.8
DRV_007283,Eastport,2023-06-05,comfort,active,4.65,118,0.878,0.141,87.7
DRV_007284,Northgate,2022-01-23,comfort,churned,3.75,212,0.904,0.066,96.2
DRV_007285,Pinecrest,2022-03-25,economy,active,4.57,285,0.842,0.058,56.8
DRV_007286,Clearwater,2023-08-19,economy,active,4.87,601,0.718,0.157,104.4
DRV_007287,Westville,2023-04-26,xl,active,3.65,298,0.729,0.13,58.1
DRV_007288,Valleyford,2022-05-09,comfort,active,3.59,265,0.965,0.096,168.3
DRV_007289,Pinecrest,2022-11-17,comfort,churned,3.63,266,0.753,0.064,55.4
DRV_007290,Ridgeline,2022-02-07,economy,active,4.6,1046,0.786,0.042,106.9
DRV_007291,Valleyford,2023-05-06,xl,active,4.09,987,0.893,0.026,81.6
DRV_007292,Summit Town,2023-07-06,comfort,active,4.2,388,0.922,0.156,93.4
DRV_007293,Eastport,2022-07-23,economy,active,4.59,793,0.955,0.115,88.4
DRV_007294,Eastport,2022-09-13,xl,active,4.28,852,0.811,0.027,176.8
DRV_007295,Clearwater,2022-06-22,economy,active,4.4,334,0.978,0.045,129.5
DRV_007296,Metro City,2022-10-12,economy,active,4.78,723,0.729,0.065,37.3
DRV_007297,Pinecrest,2022-07-18,economy,active,4.18,118,0.931,0.062,155.3
DRV_007298,Northgate,2022-06-30,comfort,active,4.81,481,0.776,0.108,111.8
DRV_007299,Lakewood,2022-11-11,economy,churned,4.28,738,0.962,0.084,47.5
DRV_007300,Northgate,2023-09-20,economy,active,4.1,923,0.943,0.161,100.7
DRV_007301,Lakewood,2023-07-11,economy,active,3.89,477,0.913,0.135,50.0
DRV_007302,Eastport,2022-08-06,xl,active,4.6,181,0.869,0.166,113.6
DRV_007303,Harbor City,2023-11-20,economy,active,4.43,865,0.76,0.158,85.6
DRV_007304,Harbor City,2022-06-03,economy,active,4.71,867,0.829,0.167,40.0
DRV_007305,Eastport,2023-10-27,comfort,churned,4.32,166,0.71,0.177,128.0
DRV_007306,Westville,2022-08-14,economy,active,4.8,256,0.899,0.07,65.0
DRV_007307,Northgate,2023-01-30,economy,active,3.93,369,0.732,0.054,145.0
DRV_007308,Ridgeline,2022-05-29,xl,active,4.6,144,0.772,0.046,165.6
DRV_007309,Metro City,2023-07-11,economy,active,4.09,952,0.769,0.12,66.4
DRV_007310,Westville,2022-08-20,economy,churned,3.67,1163,0.921,0.129,75.9
DRV_007311,Ridgeline,2023-09-29,economy,active,4.29,1018,0.812,0.034,37.0
DRV_007312,Southbrook,2022-03-02,comfort,active,3.85,247,0.85,0.151,102.2
DRV_007313,Metro City,2023-01-02,economy,churned,3.59,360,0.758,0.145,156.0
DRV_007314,Lakewood,2022-04-26,comfort,active,4.04,354,0.794,0.121,46.5
DRV_007315,Clearwater,2023-10-11,economy,active,4.97,580,0.843,0.09,55.2
DRV_007316,Westville,2022-11-01,economy,churned,4.84,61,0.754,0.045,141.7
DRV_007317,Pinecrest,2023-05-08,comfort,churned,4.97,307,0.893,0.101,125.7
DRV_007318,Summit Town,2023-10-05,economy,active,3.54,828,0.826,0.045,59.9
DRV_007319,Harbor City,2023-01-27,economy,active,3.73,808,0.975,0.117,55.7
DRV_007320,Westville,2022-02-11,xl,churned,3.85,923,0.769,0.07,40.6
DRV_007321,Summit Town,2022-06-11,economy,active,4.61,536,0.811,0.06,32.6
DRV_007322,Eastport,2022-06-05,comfort,active,4.97,73,0.959,0.091,93.4
DRV_007323,Valleyford,2023-10-30,comfort,active,4.11,1175,0.948,0.113,46.2
DRV_007324,Southbrook,2023-10-26,economy,active,4.38,644,0.836,0.079,73.8
DRV_007325,Clearwater,2022-12-15,economy,active,3.63,1098,0.735,0.174,161.1
DRV_007326,Valleyford,2023-10-12,economy,active,4.44,1025,0.814,0.021,37.4
DRV_007327,Lakewood,2022-06-29,comfort,active,4.85,191,0.864,0.166,149.5
DRV_007328,Harbor City,2023-05-11,economy,active,4.49,955,0.771,0.02,87.2
DRV_007329,Westville,2022-10-14,economy,active,4.48,794,0.754,0.055,91.8
DRV_007330,Southbrook,2022-06-25,economy,active,4.23,974,0.849,0.179,175.9
DRV_007331,Clearwater,2022-07-02,comfort,active,4.17,859,0.749,0.136,115.3
DRV_007332,Lakewood,2022-11-03,xl,active,4.05,128,0.945,0.123,35.5
DRV_007333,Northgate,2022-09-05,comfort,active,4.73,170,0.721,0.136,149.1
DRV_007334,Clearwater,2022-06-04,comfort,active,4.47,375,0.976,0.085,113.2
DRV_007335,Pinecrest,2022-09-01,economy,suspended,3.95,284,0.851,0.145,146.6
DRV_007336,Lakewood,2022-04-04,economy,active,4.28,649,0.975,0.045,52.7
DRV_007337,Westville,2023-12-09,economy,active,3.67,1191,0.91,0.147,69.4
DRV_007338,Eastport,2022-10-05,comfort,active,3.57,637,0.743,0.17,166.6
DRV_007339,Southbrook,2022-03-20,comfort,active,3.7,438,0.764,0.157,94.5
DRV_007340,Eastport,2023-02-25,economy,suspended,4.8,921,0.73,0.138,106.6
DRV_007341,Northgate,2023-10-07,comfort,churned,3.89,608,0.904,0.124,126.5
DRV_007342,Clearwater,2022-09-20,comfort,active,4.94,1107,0.747,0.103,109.2
DRV_007343,Pinecrest,2023-09-10,comfort,churned,4.01,547,0.9,0.083,142.6
DRV_007344,Eastport,2023-03-22,xl,active,4.11,874,0.941,0.159,63.5
DRV_007345,Harbor City,2023-06-24,economy,active,4.72,143,0.815,0.124,168.1
DRV_007346,Harbor City,2022-08-05,comfort,active,3.84,603,0.885,0.09,38.1
DRV_007347,Clearwater,2022-01-27,economy,active,4.86,544,0.951,0.146,104.9
DRV_007348,Pinecrest,2022-09-10,economy,churned,4.48,729,0.911,0.029,179.6
DRV_007349,Valleyford,2023-11-06,economy,churned,3.59,932,0.737,0.15,128.8
DRV_007350,Westville,2023-08-01,economy,active,4.93,54,0.782,0.15,102.3
DRV_007351,Lakewood,2023-07-27,economy,active,3.93,400,0.85,0.057,172.9
DRV_007352,Metro City,2023-10-04,xl,active,3.85,568,0.774,0.026,41.7
DRV_007353,Pinecrest,2022-09-30,economy,active,4.85,795,0.842,0.134,93.4
DRV_007354,Summit Town,2022-08-24,comfort,active,3.99,180,0.967,0.052,165.5
DRV_007355,Pinecrest,2023-11-07,comfort,churned,4.58,857,0.827,0.179,132.0
DRV_007356,Valleyford,2023-02-22,xl,churned,3.55,891,0.773,0.021,85.3
DRV_007357,Westville,2022-08-06,economy,active,4.88,668,0.741,0.057,176.6
DRV_007358,Summit Town,2022-07-23,economy,active,4.11,948,0.952,0.027,143.9
DRV_007359,Pinecrest,2023-10-03,comfort,active,3.77,641,0.764,0.145,176.6
DRV_007360,Harbor City,2022-02-08,comfort,active,4.97,1199,0.754,0.113,117.6
DRV_007361,Southbrook,2022-02-15,economy,active,4.61,108,0.854,0.156,31.2
DRV_007362,Eastport,2023-06-23,economy,active,4.69,582,0.829,0.174,175.8
DRV_007363,Clearwater,2022-01-01,economy,suspended,4.25,881,0.808,0.118,153.6
DRV_007364,Harbor City,2022-05-05,xl,active,4.53,150,0.862,0.057,112.5
DRV_007365,Summit Town,2023-12-25,comfort,active,3.94,817,0.859,0.035,54.1
DRV_007366,Valleyford,2022-11-07,xl,active,4.28,209,0.719,0.159,162.1
DRV_007367,Clearwater,2023-06-16,economy,active,4.07,741,0.816,0.059,125.6
DRV_007368,Ridgeline,2022-12-22,economy,active,4.14,1093,0.902,0.163,30.5
DRV_007369,Lakewood,2022-03-08,comfort,churned,3.51,329,0.807,0.161,104.1
DRV_007370,Lakewood,2022-05-15,comfort,active,4.72,275,0.979,0.12,177.3
DRV_007371,Metro City,2023-07-10,economy,churned,3.83,754,0.766,0.117,117.9
DRV_007372,Harbor City,2022-03-11,economy,churned,4.21,467,0.839,0.172,136.6
DRV_007373,Lakewood,2023-03-11,economy,active,4.49,961,0.889,0.141,128.7
DRV_007374,Eastport,2022-09-12,comfort,active,3.55,203,0.853,0.129,107.8
DRV_007375,Pinecrest,2022-09-28,economy,active,4.01,958,0.711,0.09,133.8
DRV_007376,Southbrook,2023-11-27,economy,active,3.9,991,0.844,0.097,59.4
DRV_007377,Metro City,2023-03-19,comfort,active,3.7,911,0.971,0.082,80.7
DRV_007378,Lakewood,2023-03-26,comfort,suspended,4.72,396,0.814,0.171,163.4
DRV_007379,Northgate,2022-09-13,economy,active,4.31,883,0.733,0.122,70.5
DRV_007380,Valleyford,2022-10-06,comfort,churned,4.18,478,0.706,0.145,92.5
DRV_007381,Northgate,2023-05-16,economy,active,3.7,542,0.815,0.026,45.5
DRV_007382,Harbor City,2022-01-29,economy,active,4.27,903,0.752,0.156,169.6
DRV_007383,Clearwater,2022-06-23,xl,active,3.9,1115,0.934,0.087,70.4
DRV_007384,Lakewood,2023-03-15,economy,active,3.69,737,0.967,0.138,117.1
DRV_007385,Valleyford,2023-04-01,economy,active,4.29,1172,0.963,0.026,89.8
DRV_007386,Summit Town,2022-03-09,economy,active,4.52,734,0.805,0.163,82.0
DRV_007387,Metro City,2023-07-30,economy,active,3.59,1011,0.827,0.126,55.2
DRV_007388,Eastport,2023-02-01,comfort,churned,3.58,108,0.788,0.093,179.4
DRV_007389,Ridgeline,2022-06-23,economy,active,4.61,276,0.736,0.069,73.4
DRV_007390,Valleyford,2023-07-03,comfort,active,3.81,300,0.857,0.07,89.5
DRV_007391,Westville,2023-12-25,comfort,active,3.73,417,0.752,0.069,58.9
DRV_007392,Metro City,2022-11-06,economy,churned,4.94,366,0.717,0.041,124.1
DRV_007393,Ridgeline,2022-07-26,comfort,active,3.77,853,0.938,0.094,42.9
DRV_007394,Southbrook,2022-08-07,economy,suspended,4.53,1194,0.924,0.093,129.4
DRV_007395,Metro City,2023-03-09,comfort,active,4.72,249,0.959,0.086,105.5
DRV_007396,Eastport,2022-02-04,comfort,active,3.99,308,0.792,0.132,127.1
DRV_007397,Clearwater,2022-12-19,xl,active,4.19,1115,0.944,0.087,30.7
DRV_007398,Lakewood,2022-01-19,economy,suspended,4.33,479,0.812,0.034,131.0
DRV_007399,Southbrook,2022-01-29,economy,active,3.8,853,0.72,0.156,36.9
DRV_007400,Lakewood,2022-11-10,economy,churned,3.94,271,0.828,0.088,167.6
DRV_007401,Ridgeline,2023-06-29,economy,active,4.94,1084,0.855,0.125,149.0
DRV_007402,Southbrook,2023-10-07,xl,active,3.91,595,0.821,0.169,48.6
DRV_007403,Eastport,2022-03-05,comfort,active,4.72,1053,0.92,0.143,113.4
DRV_007404,Metro City,2022-06-28,economy,active,4.3,50,0.799,0.106,173.5
DRV_007405,Summit Town,2022-11-04,comfort,active,4.47,675,0.958,0.107,66.4
DRV_007406,Eastport,2023-02-24,economy,suspended,4.19,974,0.721,0.156,40.9
DRV_007407,Clearwater,2023-12-22,economy,active,4.38,213,0.902,0.152,93.4
DRV_007408,Northgate,2023-05-15,economy,active,4.31,1065,0.96,0.049,50.7
DRV_007409,Pinecrest,2023-01-29,xl,active,4.22,950,0.855,0.12,146.6
DRV_007410,Lakewood,2022-02-14,economy,active,4.7,613,0.946,0.159,166.8
DRV_007411,Northgate,2022-02-28,economy,active,4.82,1099,0.894,0.149,97.4
DRV_007412,Lakewood,2022-04-22,xl,suspended,3.88,1021,0.704,0.04,179.7
DRV_007413,Pinecrest,2023-04-28,comfort,active,3.7,257,0.888,0.09,58.5
DRV_007414,Eastport,2022-08-30,comfort,active,4.72,55,0.884,0.103,167.7
DRV_007415,Clearwater,2022-06-25,economy,active,3.82,326,0.7,0.061,78.5
DRV_007416,Ridgeline,2023-05-05,economy,active,4.8,552,0.815,0.129,165.3
DRV_007417,Northgate,2023-08-19,economy,churned,3.65,835,0.711,0.096,165.7
DRV_007418,Lakewood,2022-11-17,comfort,active,3.64,245,0.782,0.068,82.3
DRV_007419,Pinecrest,2023-10-06,xl,active,3.77,391,0.976,0.074,33.0
DRV_007420,Eastport,2023-06-20,comfort,active,3.52,498,0.963,0.157,75.4
DRV_007421,Valleyford,2023-06-07,xl,active,4.62,654,0.892,0.159,95.5
DRV_007422,Metro City,2023-09-26,economy,active,4.1,535,0.803,0.15,177.6
DRV_007423,Valleyford,2022-05-15,economy,active,4.92,543,0.811,0.166,133.5
DRV_007424,Westville,2023-07-08,comfort,active,4.05,830,0.711,0.172,125.2
DRV_007425,Valleyford,2023-12-01,xl,active,4.55,816,0.795,0.099,126.8
DRV_007426,Metro City,2023-12-26,xl,active,4.52,972,0.92,0.035,89.4
DRV_007427,Valleyford,2023-02-26,economy,churned,3.99,1146,0.845,0.148,133.4
DRV_007428,Metro City,2023-07-05,xl,active,4.84,1133,0.833,0.121,72.0
DRV_007429,Harbor City,2023-10-11,economy,active,4.1,1036,0.726,0.081,142.8
DRV_007430,Westville,2023-09-15,economy,active,4.33,394,0.957,0.176,127.8
DRV_007431,Westville,2023-10-18,economy,active,4.1,828,0.779,0.074,141.9
DRV_007432,Southbrook,2023-08-31,economy,active,4.15,842,0.807,0.165,52.7
DRV_007433,Clearwater,2022-10-06,economy,active,3.58,830,0.793,0.115,112.8
DRV_007434,Harbor City,2023-06-18,comfort,suspended,3.97,1013,0.792,0.026,58.8
DRV_007435,Eastport,2022-10-27,xl,churned,4.92,946,0.868,0.158,76.8
DRV_007436,Lakewood,2023-08-09,xl,active,4.75,510,0.876,0.142,148.8
DRV_007437,Metro City,2023-08-15,economy,active,4.82,304,0.868,0.123,92.6
DRV_007438,Clearwater,2023-11-14,economy,active,4.57,694,0.719,0.118,37.5
DRV_007439,Valleyford,2023-03-06,economy,active,4.48,730,0.971,0.055,163.8
DRV_007440,Clearwater,2022-12-13,economy,active,4.85,839,0.9,0.054,46.1
DRV_007441,Eastport,2022-05-01,economy,active,4.31,113,0.947,0.025,104.6
DRV_007442,Eastport,2023-04-11,economy,active,4.87,140,0.745,0.045,101.3
DRV_007443,Westville,2023-02-18,economy,churned,4.12,887,0.961,0.074,89.9
DRV_007444,Clearwater,2023-01-11,economy,active,4.4,764,0.902,0.107,30.8
DRV_007445,Ridgeline,2023-05-09,comfort,active,4.21,886,0.84,0.041,68.1
DRV_007446,Harbor City,2023-09-14,comfort,active,3.53,674,0.706,0.109,53.3
DRV_007447,Harbor City,2022-04-19,comfort,active,3.8,996,0.771,0.062,54.5
DRV_007448,Pinecrest,2022-11-11,economy,active,4.89,404,0.935,0.061,49.0
DRV_007449,Summit Town,2023-06-12,economy,active,4.4,656,0.806,0.172,153.6
DRV_007450,Valleyford,2023-08-22,xl,suspended,3.57,1194,0.89,0.179,45.1
DRV_007451,Northgate,2023-07-23,xl,active,4.95,1171,0.905,0.15,80.0
DRV_007452,Southbrook,2023-08-07,xl,active,4.89,143,0.917,0.029,117.0
DRV_007453,Summit Town,2023-09-17,xl,active,4.57,195,0.807,0.137,36.1
DRV_007454,Lakewood,2023-12-04,comfort,churned,3.92,1143,0.955,0.049,108.8
DRV_007455,Valleyford,2023-03-20,xl,active,3.94,713,0.782,0.111,99.6
DRV_007456,Valleyford,2022-07-01,xl,active,4.8,783,0.934,0.163,158.7
DRV_007457,Summit Town,2023-02-16,comfort,active,3.59,64,0.819,0.081,47.4
DRV_007458,Valleyford,2023-06-03,economy,active,3.86,118,0.766,0.169,38.8
DRV_007459,Ridgeline,2022-03-15,economy,active,3.75,850,0.796,0.133,52.1
DRV_007460,Lakewood,2023-07-07,comfort,active,4.57,257,0.924,0.068,101.4
DRV_007461,Metro City,2023-02-02,comfort,active,4.07,946,0.872,0.035,45.7
DRV_007462,Eastport,2023-11-15,economy,active,4.87,949,0.738,0.15,122.4
DRV_007463,Lakewood,2022-06-04,economy,active,4.7,1149,0.735,0.093,149.0
DRV_007464,Pinecrest,2023-10-25,economy,suspended,4.98,275,0.892,0.032,113.3
DRV_007465,Summit Town,2022-11-24,xl,active,3.95,485,0.767,0.036,83.8
DRV_007466,Valleyford,2023-02-23,economy,active,4.21,103,0.758,0.175,97.0
DRV_007467,Eastport,2023-04-27,comfort,churned,4.49,667,0.91,0.059,66.4
DRV_007468,Valleyford,2023-02-27,comfort,active,4.96,679,0.79,0.175,157.8
DRV_007469,Clearwater,2023-10-22,economy,active,4.02,166,0.719,0.129,78.5
DRV_007470,Southbrook,2022-05-03,economy,active,3.99,1198,0.819,0.068,158.8
DRV_007471,Eastport,2023-06-17,comfort,active,4.44,716,0.859,0.081,174.9
DRV_007472,Eastport,2023-12-13,comfort,active,4.5,486,0.868,0.144,68.4
DRV_007473,Westville,2022-06-10,xl,active,3.78,963,0.716,0.09,158.7
DRV_007474,Harbor City,2022-07-06,xl,active,4.18,558,0.827,0.032,155.5
DRV_007475,Summit Town,2022-12-13,comfort,active,4.07,884,0.801,0.057,121.7
DRV_007476,Northgate,2023-06-14,comfort,active,4.13,940,0.826,0.158,155.1
DRV_007477,Metro City,2023-12-02,economy,active,3.71,995,0.712,0.131,93.8
DRV_007478,Northgate,2023-08-04,comfort,active,4.47,738,0.783,0.1,120.4
DRV_007479,Metro City,2023-08-03,comfort,active,3.78,390,0.88,0.059,90.9
DRV_007480,Pinecrest,2022-11-19,economy,active,3.54,360,0.735,0.096,179.8
DRV_007481,Westville,2023-04-17,comfort,suspended,4.24,1185,0.969,0.146,109.8
DRV_007482,Northgate,2022-06-04,economy,active,3.56,679,0.978,0.033,65.6
DRV_007483,Pinecrest,2022-12-05,comfort,active,4.5,687,0.801,0.179,130.5
DRV_007484,Valleyford,2022-05-18,comfort,active,4.39,579,0.891,0.158,143.7
DRV_007485,Metro City,2022-01-20,comfort,active,4.35,701,0.878,0.071,159.2
DRV_007486,Southbrook,2023-09-18,economy,active,3.64,68,0.747,0.159,31.9
DRV_007487,Northgate,2023-08-11,economy,active,3.69,752,0.809,0.129,142.1
DRV_007488,Eastport,2023-01-08,comfort,active,4.5,173,0.975,0.127,109.6
DRV_007489,Eastport,2022-01-11,economy,active,3.55,686,0.736,0.042,139.0
DRV_007490,Lakewood,2022-03-07,xl,active,3.67,745,0.861,0.165,109.1
DRV_007491,Valleyford,2022-03-23,xl,churned,4.65,1137,0.868,0.092,79.5
DRV_007492,Southbrook,2023-06-08,xl,churned,3.75,221,0.747,0.149,35.3
DRV_007493,Northgate,2022-05-29,economy,active,4.24,1058,0.85,0.068,78.1
DRV_007494,Northgate,2022-07-02,xl,active,3.65,934,0.957,0.069,128.4
DRV_007495,Clearwater,2023-09-21,economy,active,3.85,929,0.732,0.174,31.5
DRV_007496,Eastport,2023-10-02,comfort,active,4.82,614,0.753,0.099,168.2
DRV_007497,Valleyford,2023-07-12,xl,active,4.63,1018,0.772,0.03,89.9
DRV_007498,Eastport,2022-08-14,economy,active,3.78,148,0.91,0.154,39.4
DRV_007499,Valleyford,2023-02-28,comfort,suspended,3.82,608,0.862,0.056,162.3
DRV_007500,Valleyford,2022-05-27,comfort,active,4.21,1144,0.841,0.161,57.1
DRV_007501,Eastport,2023-09-19,economy,active,4.45,730,0.922,0.167,38.7
DRV_007502,Valleyford,2022-03-03,economy,suspended,4.37,1014,0.974,0.032,41.8
DRV_007503,Eastport,2023-06-28,economy,active,3.93,703,0.755,0.113,109.2
DRV_007504,Lakewood,2023-01-09,comfort,active,4.92,784,0.927,0.177,72.9
DRV_007505,Southbrook,2023-07-07,comfort,active,4.75,869,0.804,0.169,156.3
DRV_007506,Northgate,2022-11-26,xl,active,4.48,907,0.741,0.104,111.8
DRV_007507,Harbor City,2022-04-26,comfort,active,4.86,549,0.772,0.129,71.7
DRV_007508,Ridgeline,2023-07-03,comfort,suspended,3.94,814,0.812,0.117,117.6
DRV_007509,Clearwater,2023-04-06,economy,active,3.95,442,0.952,0.053,171.6
DRV_007510,Ridgeline,2022-12-06,economy,active,3.96,64,0.834,0.124,159.4
DRV_007511,Southbrook,2022-09-30,economy,active,3.74,167,0.872,0.073,50.5
DRV_007512,Harbor City,2022-09-08,economy,churned,3.71,763,0.709,0.074,160.8
DRV_007513,Lakewood,2022-12-18,comfort,suspended,4.86,728,0.718,0.087,84.9
DRV_007514,Valleyford,2022-07-11,economy,active,4.79,331,0.963,0.156,87.7
DRV_007515,Ridgeline,2022-07-26,comfort,churned,4.32,558,0.935,0.058,105.6
DRV_007516,Lakewood,2022-07-23,xl,active,4.49,1140,0.837,0.06,145.2
DRV_007517,Harbor City,2022-01-10,economy,active,3.86,985,0.756,0.021,93.4
DRV_007518,Ridgeline,2023-11-09,economy,active,3.53,520,0.711,0.045,129.2
DRV_007519,Lakewood,2022-06-22,economy,active,4.16,676,0.973,0.177,55.5
DRV_007520,Harbor City,2022-05-01,comfort,active,4.5,860,0.702,0.089,74.3
DRV_007521,Southbrook,2022-04-21,economy,active,4.52,872,0.767,0.051,172.2
DRV_007522,Northgate,2023-12-23,economy,active,4.41,221,0.891,0.175,93.0
DRV_007523,Valleyford,2022-12-15,comfort,active,4.89,372,0.963,0.024,139.0
DRV_007524,Westville,2022-08-27,economy,active,3.81,594,0.733,0.097,41.9
DRV_007525,Northgate,2022-10-22,economy,active,3.9,1088,0.917,0.149,34.5
DRV_007526,Eastport,2022-03-06,economy,active,3.62,170,0.793,0.144,37.9
DRV_007527,Eastport,2022-08-17,economy,suspended,4.9,881,0.89,0.05,135.2
DRV_007528,Lakewood,2022-07-01,comfort,suspended,4.18,517,0.727,0.133,38.5
DRV_007529,Eastport,2023-08-10,economy,active,4.1,512,0.942,0.12,120.3
DRV_007530,Eastport,2022-02-12,comfort,active,4.98,694,0.898,0.128,67.6
DRV_007531,Clearwater,2022-11-07,economy,active,4.14,277,0.968,0.063,51.1
DRV_007532,Summit Town,2023-07-31,economy,active,4.0,777,0.841,0.15,133.9
DRV_007533,Lakewood,2023-09-01,comfort,churned,3.81,616,0.949,0.109,111.6
DRV_007534,Southbrook,2023-01-10,economy,active,4.16,504,0.851,0.136,163.7
DRV_007535,Harbor City,2022-06-12,economy,active,4.53,218,0.844,0.17,139.1
DRV_007536,Westville,2022-09-04,comfort,active,4.87,232,0.726,0.157,78.4
DRV_007537,Northgate,2022-06-12,economy,active,3.79,284,0.928,0.145,49.0
DRV_007538,Summit Town,2023-04-29,xl,active,4.54,808,0.815,0.066,125.6
DRV_007539,Metro City,2022-08-02,comfort,active,3.51,500,0.868,0.029,82.1
DRV_007540,Clearwater,2023-04-06,economy,churned,4.7,63,0.882,0.112,54.8
DRV_007541,Clearwater,2023-04-24,economy,active,3.92,1054,0.917,0.026,116.0
DRV_007542,Northgate,2023-11-18,economy,active,3.56,979,0.861,0.134,129.3
DRV_007543,Harbor City,2022-09-28,economy,active,4.09,855,0.874,0.138,72.8
DRV_007544,Pinecrest,2023-12-03,economy,active,4.84,826,0.846,0.11,138.3
DRV_007545,Eastport,2022-10-20,economy,churned,3.85,801,0.872,0.047,40.2
DRV_007546,Pinecrest,2023-05-12,comfort,active,3.93,940,0.824,0.16,139.5
DRV_007547,Summit Town,2023-04-28,comfort,suspended,3.75,1115,0.917,0.115,45.9
DRV_007548,Lakewood,2023-08-21,economy,active,4.97,1169,0.927,0.102,133.6
DRV_007549,Clearwater,2022-12-09,economy,active,4.15,381,0.845,0.111,95.3
DRV_007550,Ridgeline,2023-08-02,economy,active,4.92,426,0.741,0.033,52.8
DRV_007551,Metro City,2022-09-17,economy,active,3.64,241,0.805,0.138,33.2
DRV_007552,Clearwater,2022-12-25,economy,suspended,4.17,662,0.935,0.03,156.8
DRV_007553,Lakewood,2022-12-31,economy,active,4.21,526,0.957,0.113,162.0
DRV_007554,Lakewood,2023-05-30,economy,active,3.88,777,0.775,0.047,85.5
DRV_007555,Eastport,2023-03-28,comfort,active,4.25,761,0.964,0.053,128.9
DRV_007556,Lakewood,2022-02-27,comfort,active,4.03,723,0.777,0.057,160.5
DRV_007557,Lakewood,2023-08-14,economy,churned,3.87,68,0.957,0.022,43.4
DRV_007558,Pinecrest,2023-07-08,comfort,active,4.05,778,0.962,0.163,105.9
DRV_007559,Harbor City,2022-03-18,comfort,suspended,4.45,217,0.841,0.149,93.7
DRV_007560,Summit Town,2023-12-04,economy,active,4.2,1133,0.966,0.025,62.3
DRV_007561,Northgate,2023-04-28,economy,active,4.11,92,0.854,0.029,67.6
DRV_007562,Summit Town,2022-03-04,comfort,active,4.78,606,0.806,0.145,167.7
DRV_007563,Pinecrest,2022-12-25,economy,suspended,4.47,503,0.927,0.021,134.2
DRV_007564,Ridgeline,2023-09-03,economy,active,4.46,1040,0.73,0.095,123.7
DRV_007565,Ridgeline,2022-07-24,economy,active,3.83,60,0.761,0.037,127.1
DRV_007566,Harbor City,2023-11-13,economy,suspended,4.63,775,0.76,0.115,92.0
DRV_007567,Westville,2022-11-02,xl,active,3.56,997,0.874,0.18,148.1
DRV_007568,Ridgeline,2022-06-15,economy,active,3.82,949,0.898,0.048,141.9
DRV_007569,Northgate,2022-09-18,economy,active,4.12,385,0.934,0.173,95.4
DRV_007570,Metro City,2023-01-19,comfort,churned,4.83,427,0.952,0.158,52.0
DRV_007571,Southbrook,2023-05-18,economy,active,3.54,293,0.945,0.178,44.6
DRV_007572,Clearwater,2023-11-09,xl,active,4.17,428,0.891,0.143,149.2
DRV_007573,Metro City,2022-05-23,xl,active,3.68,539,0.956,0.157,135.4
DRV_007574,Metro City,2023-12-02,comfort,active,3.85,1125,0.777,0.115,97.5
DRV_007575,Southbrook,2023-01-21,economy,suspended,4.11,1075,0.903,0.159,50.4
DRV_007576,Metro City,2022-04-04,xl,active,3.65,1007,0.721,0.038,146.0
DRV_007577,Metro City,2023-11-08,economy,churned,4.74,514,0.735,0.139,83.9
DRV_007578,Metro City,2022-09-12,economy,active,3.62,632,0.763,0.121,146.5
DRV_007579,Valleyford,2023-03-30,comfort,suspended,4.38,630,0.729,0.03,134.9
DRV_007580,Pinecrest,2023-05-25,comfort,active,3.74,579,0.97,0.067,169.5
DRV_007581,Eastport,2022-01-10,economy,active,3.66,277,0.831,0.055,40.2
DRV_007582,Northgate,2022-06-11,comfort,active,4.19,338,0.954,0.085,126.5
DRV_007583,Pinecrest,2023-05-17,xl,active,4.02,717,0.833,0.052,148.9
DRV_007584,Southbrook,2022-08-26,comfort,churned,3.57,288,0.896,0.064,73.7
DRV_007585,Southbrook,2022-01-07,economy,active,3.6,136,0.79,0.067,140.5
DRV_007586,Eastport,2022-01-18,economy,churned,3.95,309,0.966,0.116,74.7
DRV_007587,Lakewood,2023-08-27,xl,active,4.67,1097,0.71,0.042,125.2
DRV_007588,Summit Town,2022-04-23,economy,active,4.78,1132,0.895,0.059,132.1
DRV_007589,Eastport,2022-03-15,xl,active,3.6,113,0.966,0.071,164.3
DRV_007590,Summit Town,2023-02-15,economy,suspended,3.76,356,0.921,0.092,172.6
DRV_007591,Eastport,2022-03-28,economy,active,4.01,974,0.932,0.026,179.5
DRV_007592,Lakewood,2023-04-22,economy,active,4.48,563,0.784,0.18,134.1
DRV_007593,Harbor City,2023-02-02,economy,active,3.93,293,0.827,0.068,116.8
DRV_007594,Valleyford,2023-04-19,xl,active,3.83,834,0.738,0.066,132.4
DRV_007595,Pinecrest,2022-12-25,economy,active,4.38,800,0.805,0.109,142.1
DRV_007596,Northgate,2023-07-23,comfort,active,4.52,792,0.702,0.157,152.4
DRV_007597,Pinecrest,2023-04-16,comfort,churned,4.23,493,0.918,0.093,73.6
DRV_007598,Ridgeline,2022-10-31,economy,active,4.5,936,0.967,0.06,136.3
DRV_007599,Metro City,2022-01-12,economy,active,3.51,327,0.896,0.111,58.8
DRV_007600,Westville,2022-07-19,comfort,suspended,3.99,486,0.927,0.097,45.5
DRV_007601,Southbrook,2022-04-06,economy,churned,4.41,1085,0.844,0.088,149.0
DRV_007602,Clearwater,2022-01-12,comfort,active,4.48,432,0.754,0.177,117.0
DRV_007603,Valleyford,2022-07-19,economy,active,3.79,189,0.902,0.179,101.4
DRV_007604,Lakewood,2022-05-31,economy,active,4.0,628,0.784,0.11,89.7
DRV_007605,Southbrook,2022-02-26,comfort,active,3.84,826,0.829,0.031,68.3
DRV_007606,Pinecrest,2022-08-17,economy,active,4.85,779,0.952,0.111,117.9
DRV_007607,Metro City,2023-01-05,economy,churned,3.94,346,0.804,0.172,42.8
DRV_007608,Ridgeline,2022-05-11,comfort,churned,4.82,1193,0.781,0.168,134.5
DRV_007609,Ridgeline,2022-07-19,comfort,suspended,4.83,900,0.709,0.054,103.1
DRV_007610,Valleyford,2022-01-15,comfort,churned,4.29,725,0.896,0.05,124.6
DRV_007611,Summit Town,2022-02-06,economy,active,4.81,901,0.76,0.044,34.7
DRV_007612,Southbrook,2022-04-25,comfort,active,3.62,932,0.879,0.151,86.1
DRV_007613,Summit Town,2022-11-27,economy,active,3.69,711,0.803,0.098,89.9
DRV_007614,Ridgeline,2023-05-02,comfort,active,4.11,1113,0.921,0.074,116.7
DRV_007615,Southbrook,2023-07-30,economy,active,4.54,379,0.949,0.072,165.3
DRV_007616,Ridgeline,2023-04-05,comfort,active,4.96,53,0.766,0.064,137.5
DRV_007617,Westville,2023-03-27,xl,active,4.2,724,0.922,0.161,150.9
DRV_007618,Eastport,2023-11-15,comfort,active,3.51,342,0.743,0.086,143.8
DRV_007619,Northgate,2022-07-06,comfort,active,3.77,997,0.739,0.059,59.3
DRV_007620,Eastport,2023-08-06,economy,active,4.16,53,0.82,0.134,107.0
DRV_007621,Valleyford,2023-11-15,economy,active,4.53,953,0.791,0.122,140.3
DRV_007622,Pinecrest,2023-02-19,economy,active,4.38,1088,0.976,0.134,110.4
DRV_007623,Valleyford,2023-09-06,economy,active,4.81,1116,0.925,0.152,172.4
DRV_007624,Eastport,2022-04-11,economy,active,3.9,495,0.949,0.036,107.7
DRV_007625,Metro City,2023-10-04,economy,active,4.31,989,0.738,0.02,112.2
DRV_007626,Ridgeline,2023-02-16,economy,active,3.72,717,0.9,0.028,48.0
DRV_007627,Southbrook,2022-06-11,xl,active,4.47,75,0.869,0.133,41.9
DRV_007628,Summit Town,2022-02-14,economy,active,4.64,605,0.728,0.17,38.8
DRV_007629,Eastport,2023-06-10,economy,active,4.27,874,0.922,0.073,52.4
DRV_007630,Northgate,2022-11-11,xl,active,4.17,916,0.939,0.145,130.8
DRV_007631,Southbrook,2022-08-15,economy,active,3.78,485,0.956,0.137,56.7
DRV_007632,Clearwater,2022-10-12,economy,active,4.9,473,0.963,0.176,46.2
DRV_007633,Summit Town,2023-12-25,comfort,active,4.41,793,0.73,0.095,121.9
DRV_007634,Harbor City,2022-11-09,comfort,active,4.72,64,0.947,0.047,158.8
DRV_007635,Eastport,2022-02-27,xl,active,3.54,1028,0.965,0.142,35.0
DRV_007636,Ridgeline,2022-07-24,comfort,active,3.88,462,0.893,0.151,105.9
DRV_007637,Metro City,2022-04-17,economy,active,4.22,721,0.751,0.133,58.8
DRV_007638,Northgate,2023-05-16,economy,active,4.3,590,0.812,0.158,167.2
DRV_007639,Southbrook,2023-08-08,economy,active,4.11,509,0.725,0.079,92.8
DRV_007640,Summit Town,2023-09-06,economy,active,4.01,516,0.701,0.13,127.1
DRV_007641,Westville,2023-04-08,economy,active,4.18,943,0.958,0.062,95.2
DRV_007642,Pinecrest,2023-07-16,comfort,active,4.05,363,0.972,0.091,152.7
DRV_007643,Northgate,2022-11-01,comfort,active,3.56,1142,0.957,0.059,103.9
DRV_007644,Pinecrest,2023-04-04,economy,churned,4.54,161,0.771,0.045,171.9
DRV_007645,Lakewood,2022-03-20,economy,active,4.66,532,0.874,0.026,83.8
DRV_007646,Clearwater,2023-01-28,xl,churned,3.97,82,0.84,0.127,138.2
DRV_007647,Westville,2023-02-11,comfort,active,4.95,503,0.839,0.16,43.3
DRV_007648,Westville,2022-01-23,comfort,active,4.98,1097,0.82,0.07,54.3
DRV_007649,Ridgeline,2023-02-05,comfort,active,4.35,694,0.964,0.089,109.4
DRV_007650,Westville,2023-06-12,economy,active,4.69,125,0.921,0.021,68.9
DRV_007651,Clearwater,2022-09-26,comfort,churned,4.32,833,0.937,0.086,38.8
DRV_007652,Metro City,2023-02-02,economy,active,3.89,506,0.71,0.065,67.2
DRV_007653,Northgate,2022-07-28,comfort,active,3.61,191,0.815,0.112,70.6
DRV_007654,Clearwater,2022-07-17,economy,active,4.02,140,0.867,0.165,123.5
DRV_007655,Lakewood,2022-04-05,xl,active,3.78,555,0.884,0.101,54.9
DRV_007656,Clearwater,2022-08-28,comfort,active,4.88,177,0.951,0.128,169.3
DRV_007657,Pinecrest,2023-08-10,economy,active,4.96,797,0.747,0.133,73.0
DRV_007658,Lakewood,2023-11-14,comfort,churned,4.3,794,0.725,0.044,174.5
DRV_007659,Clearwater,2023-04-10,economy,churned,4.34,1062,0.95,0.075,93.5
DRV_007660,Ridgeline,2023-04-01,comfort,active,4.9,1112,0.842,0.038,139.8
DRV_007661,Ridgeline,2023-03-25,economy,active,4.62,1122,0.851,0.091,131.7
DRV_007662,Clearwater,2022-12-14,economy,active,3.74,450,0.949,0.162,72.2
DRV_007663,Westville,2022-11-05,comfort,suspended,4.93,342,0.91,0.097,96.5
DRV_007664,Southbrook,2023-03-30,economy,active,4.36,907,0.905,0.093,64.4
DRV_007665,Southbrook,2023-07-27,economy,active,3.53,538,0.752,0.053,162.7
DRV_007666,Northgate,2022-10-30,xl,active,3.79,947,0.874,0.07,162.9
DRV_007667,Northgate,2023-02-18,economy,active,4.7,1001,0.826,0.17,84.0
DRV_007668,Summit Town,2022-12-10,economy,active,3.69,786,0.871,0.068,91.3
DRV_007669,Metro City,2022-07-28,comfort,active,4.78,592,0.861,0.137,75.4
DRV_007670,Eastport,2022-07-31,economy,churned,4.68,1049,0.707,0.027,74.9
DRV_007671,Harbor City,2022-02-27,economy,churned,3.55,634,0.796,0.041,43.1
DRV_007672,Harbor City,2022-11-18,economy,active,4.0,264,0.828,0.07,126.0
DRV_007673,Clearwater,2023-06-05,xl,active,4.26,176,0.84,0.164,145.2
DRV_007674,Ridgeline,2023-05-16,comfort,active,3.61,136,0.728,0.055,81.1
DRV_007675,Summit Town,2023-12-21,xl,active,4.37,171,0.952,0.136,105.3
DRV_007676,Southbrook,2022-01-30,xl,active,4.97,574,0.794,0.047,33.3
DRV_007677,Summit Town,2023-07-10,economy,active,4.4,728,0.837,0.118,124.5
DRV_007678,Lakewood,2023-08-04,economy,active,4.24,664,0.886,0.114,78.7
DRV_007679,Westville,2022-11-15,economy,churned,4.8,470,0.901,0.12,52.2
DRV_007680,Valleyford,2022-07-26,comfort,active,4.95,477,0.806,0.066,31.7
DRV_007681,Eastport,2022-09-18,comfort,churned,4.85,651,0.736,0.046,94.0
DRV_007682,Pinecrest,2023-05-14,economy,active,3.56,1110,0.758,0.162,130.5
DRV_007683,Clearwater,2023-09-22,comfort,active,3.65,884,0.746,0.111,66.0
DRV_007684,Valleyford,2023-04-15,economy,active,4.42,191,0.768,0.054,55.2
DRV_007685,Northgate,2023-01-11,comfort,churned,3.84,366,0.869,0.086,121.9
DRV_007686,Northgate,2023-04-22,economy,churned,4.28,1122,0.85,0.031,119.0
DRV_007687,Westville,2022-02-21,comfort,active,4.76,1042,0.747,0.096,75.7
DRV_007688,Northgate,2023-03-20,comfort,churned,4.91,535,0.891,0.088,157.6
DRV_007689,Harbor City,2022-01-31,comfort,active,4.0,344,0.718,0.041,119.6
DRV_007690,Northgate,2023-12-02,economy,churned,4.77,1008,0.955,0.091,152.3
DRV_007691,Clearwater,2023-10-12,economy,active,4.26,1005,0.859,0.122,168.6
DRV_007692,Harbor City,2023-01-07,economy,active,4.49,484,0.865,0.169,131.3
DRV_007693,Harbor City,2022-10-01,economy,churned,3.69,155,0.78,0.133,73.8
DRV_007694,Westville,2023-06-19,economy,active,3.6,634,0.843,0.1,131.6
DRV_007695,Clearwater,2023-04-11,xl,active,4.67,760,0.819,0.143,93.2
DRV_007696,Summit Town,2023-05-30,economy,active,4.4,841,0.966,0.065,57.2
DRV_007697,Ridgeline,2023-01-12,economy,active,4.74,1092,0.721,0.127,56.1
DRV_007698,Valleyford,2022-06-22,economy,active,3.67,594,0.828,0.021,53.0
DRV_007699,Ridgeline,2022-02-23,economy,active,3.76,1097,0.922,0.032,99.8
DRV_007700,Summit Town,2022-07-26,comfort,active,3.59,1055,0.852,0.12,119.2
DRV_007701,Southbrook,2023-01-22,xl,active,4.48,100,0.858,0.051,176.2
DRV_007702,Eastport,2022-11-06,economy,churned,4.42,667,0.955,0.13,131.0
DRV_007703,Harbor City,2023-01-05,comfort,active,4.14,220,0.805,0.122,64.8
DRV_007704,Ridgeline,2022-07-22,economy,active,3.7,70,0.701,0.03,155.3
DRV_007705,Valleyford,2023-11-16,economy,active,3.54,95,0.959,0.083,177.6
DRV_007706,Clearwater,2022-09-25,xl,active,3.89,968,0.709,0.118,91.9
DRV_007707,Metro City,2023-09-10,economy,active,3.5,1044,0.923,0.134,162.0
DRV_007708,Lakewood,2022-10-13,economy,active,4.92,618,0.739,0.151,141.6
DRV_007709,Ridgeline,2022-11-20,comfort,active,3.76,1181,0.706,0.073,77.4
DRV_007710,Lakewood,2023-03-17,comfort,active,3.9,824,0.799,0.154,31.0
DRV_007711,Westville,2022-07-12,economy,active,4.7,103,0.942,0.077,134.7
DRV_007712,Metro City,2022-06-10,economy,active,4.99,422,0.71,0.021,174.8
DRV_007713,Pinecrest,2022-10-04,xl,active,4.43,810,0.774,0.118,50.3
DRV_007714,Summit Town,2023-08-11,economy,active,3.88,853,0.778,0.059,167.3
DRV_007715,Ridgeline,2022-04-16,economy,active,4.18,870,0.727,0.04,61.0
DRV_007716,Pinecrest,2022-11-16,economy,active,3.59,880,0.726,0.061,111.2
DRV_007717,Harbor City,2023-05-06,economy,churned,3.66,764,0.954,0.152,112.9
DRV_007718,Summit Town,2023-05-31,economy,churned,4.56,1198,0.895,0.166,63.1
DRV_007719,Southbrook,2022-11-14,comfort,churned,4.74,736,0.787,0.174,33.6
DRV_007720,Eastport,2022-03-01,economy,suspended,3.91,469,0.767,0.068,56.1
DRV_007721,Pinecrest,2022-01-12,comfort,active,4.61,266,0.712,0.093,88.6
DRV_007722,Valleyford,2022-12-10,xl,active,4.46,302,0.8,0.148,58.4
DRV_007723,Clearwater,2023-08-15,economy,active,4.26,548,0.784,0.071,130.6
DRV_007724,Eastport,2022-01-21,comfort,suspended,3.93,604,0.957,0.082,103.2
DRV_007725,Westville,2023-10-10,economy,active,4.98,163,0.762,0.058,83.1
DRV_007726,Westville,2023-05-09,economy,active,3.87,845,0.813,0.112,64.9
DRV_007727,Clearwater,2022-01-06,economy,active,3.81,504,0.891,0.125,129.3
DRV_007728,Clearwater,2022-09-08,comfort,active,3.66,603,0.79,0.071,163.8
DRV_007729,Ridgeline,2022-06-10,xl,active,4.49,840,0.919,0.024,127.6
DRV_007730,Westville,2023-11-24,comfort,active,4.85,1040,0.903,0.138,91.3
DRV_007731,Pinecrest,2023-02-09,economy,suspended,3.7,700,0.71,0.119,34.2
DRV_007732,Pinecrest,2022-08-25,comfort,active,3.66,1157,0.94,0.055,148.5
DRV_007733,Valleyford,2022-07-22,economy,suspended,4.86,864,0.802,0.07,108.7
DRV_007734,Southbrook,2023-02-16,comfort,active,4.49,1176,0.727,0.173,39.8
DRV_007735,Metro City,2022-01-04,economy,suspended,4.95,527,0.896,0.121,139.1
DRV_007736,Summit Town,2022-07-07,comfort,churned,4.57,194,0.909,0.115,64.5
DRV_007737,Lakewood,2022-05-01,xl,churned,4.66,330,0.72,0.122,74.8
DRV_007738,Harbor City,2023-03-29,comfort,active,4.19,330,0.799,0.173,127.7
DRV_007739,Clearwater,2023-05-04,economy,active,3.86,435,0.951,0.074,58.3
DRV_007740,Ridgeline,2022-12-07,economy,active,4.35,388,0.887,0.065,78.3
DRV_007741,Northgate,2022-04-13,economy,active,4.04,625,0.849,0.08,134.7
DRV_007742,Valleyford,2022-09-28,economy,churned,4.2,1117,0.841,0.148,77.3
DRV_007743,Harbor City,2023-09-08,economy,active,4.27,177,0.87,0.039,43.8
DRV_007744,Southbrook,2022-05-29,economy,active,3.54,948,0.883,0.053,45.0
DRV_007745,Lakewood,2022-04-30,comfort,active,4.41,702,0.719,0.057,111.2
DRV_007746,Summit Town,2022-03-23,economy,active,4.04,189,0.794,0.122,179.8
DRV_007747,Clearwater,2023-08-20,comfort,active,4.72,968,0.847,0.123,108.5
DRV_007748,Metro City,2022-03-29,comfort,suspended,3.58,554,0.904,0.08,176.6
DRV_007749,Metro City,2023-03-01,economy,active,4.33,815,0.908,0.064,166.0
DRV_007750,Westville,2023-12-31,comfort,active,4.04,1118,0.87,0.141,161.6
DRV_007751,Eastport,2023-04-14,economy,active,3.64,222,0.864,0.025,97.1
DRV_007752,Pinecrest,2022-10-28,economy,active,4.12,287,0.803,0.138,114.8
DRV_007753,Pinecrest,2022-05-31,comfort,active,4.11,261,0.934,0.054,125.3
DRV_007754,Lakewood,2022-01-02,economy,churned,4.63,686,0.957,0.164,31.3
DRV_007755,Pinecrest,2022-04-24,economy,active,3.73,1175,0.937,0.086,36.6
DRV_007756,Southbrook,2023-11-27,economy,active,4.75,842,0.944,0.123,173.9
DRV_007757,Northgate,2022-04-15,economy,active,3.57,723,0.954,0.039,96.0
DRV_007758,Valleyford,2022-01-15,economy,active,4.27,124,0.757,0.061,155.3
DRV_007759,Harbor City,2023-08-19,comfort,active,4.47,435,0.844,0.132,48.4
DRV_007760,Valleyford,2022-11-02,comfort,churned,3.52,546,0.85,0.108,68.7
DRV_007761,Southbrook,2022-09-18,economy,churned,3.6,612,0.836,0.143,37.9
DRV_007762,Clearwater,2023-06-08,economy,active,3.91,1105,0.938,0.11,144.4
DRV_007763,Pinecrest,2023-01-17,xl,active,4.07,454,0.791,0.111,68.8
DRV_007764,Eastport,2023-10-30,xl,active,4.02,63,0.745,0.157,148.6
DRV_007765,Pinecrest,2022-12-08,economy,active,4.96,535,0.777,0.088,146.8
DRV_007766,Valleyford,2023-06-05,xl,active,3.75,778,0.74,0.163,45.4
DRV_007767,Clearwater,2023-10-04,comfort,active,4.84,490,0.813,0.08,72.9
DRV_007768,Pinecrest,2022-12-05,economy,active,4.92,1055,0.733,0.073,110.4
DRV_007769,Eastport,2022-07-27,economy,active,3.76,969,0.725,0.145,151.0
DRV_007770,Clearwater,2023-12-13,economy,active,4.64,544,0.826,0.022,149.7
DRV_007771,Ridgeline,2022-06-15,economy,active,5.0,1094,0.868,0.048,110.9
DRV_007772,Ridgeline,2022-01-29,economy,active,3.87,347,0.87,0.031,134.3
DRV_007773,Summit Town,2023-02-27,comfort,active,4.25,1115,0.726,0.102,170.9
DRV_007774,Clearwater,2023-12-22,economy,active,4.64,885,0.972,0.12,91.6
DRV_007775,Westville,2022-03-05,comfort,active,4.6,234,0.734,0.022,49.7
DRV_007776,Valleyford,2023-09-13,economy,active,4.75,472,0.885,0.046,50.4
DRV_007777,Valleyford,2023-08-30,economy,active,4.02,811,0.949,0.068,86.2
DRV_007778,Summit Town,2023-11-10,economy,churned,3.68,434,0.948,0.067,47.4
DRV_007779,Pinecrest,2022-11-04,economy,active,4.51,976,0.843,0.036,162.2
DRV_007780,Ridgeline,2022-07-05,comfort,active,4.01,349,0.778,0.048,111.1
DRV_007781,Eastport,2023-01-09,economy,active,4.47,1103,0.932,0.156,145.4
DRV_007782,Southbrook,2022-04-14,xl,active,4.21,1154,0.872,0.132,179.0
DRV_007783,Eastport,2023-09-08,xl,active,4.19,167,0.921,0.067,90.6
DRV_007784,Southbrook,2023-04-30,economy,active,4.82,907,0.812,0.062,150.3
DRV_007785,Ridgeline,2022-12-19,comfort,active,4.46,818,0.956,0.033,140.2
DRV_007786,Southbrook,2023-01-12,comfort,active,4.44,209,0.96,0.076,68.2
DRV_007787,Westville,2023-06-04,economy,active,4.96,805,0.906,0.084,47.4
DRV_007788,Pinecrest,2023-01-17,economy,active,3.9,392,0.964,0.165,31.5
DRV_007789,Southbrook,2023-09-06,comfort,active,4.53,981,0.827,0.139,154.0
DRV_007790,Southbrook,2023-11-06,xl,active,4.03,1081,0.754,0.097,177.0
DRV_007791,Lakewood,2023-11-25,economy,suspended,4.4,50,0.884,0.042,88.1
DRV_007792,Metro City,2023-03-29,xl,active,4.73,1004,0.883,0.125,110.0
DRV_007793,Pinecrest,2023-06-27,comfort,active,4.88,1178,0.838,0.17,59.4
DRV_007794,Westville,2022-08-16,economy,churned,4.14,454,0.773,0.032,146.6
DRV_007795,Valleyford,2022-01-28,economy,churned,4.75,1179,0.875,0.156,33.1
DRV_007796,Valleyford,2022-10-20,economy,active,4.0,865,0.751,0.049,50.2
DRV_007797,Eastport,2023-09-29,comfort,churned,4.49,702,0.911,0.132,170.9
DRV_007798,Summit Town,2022-04-08,economy,active,4.82,165,0.954,0.049,75.8
DRV_007799,Harbor City,2023-02-03,economy,active,4.53,622,0.747,0.116,111.1
DRV_007800,Metro City,2022-05-21,economy,active,4.56,221,0.93,0.058,96.8
DRV_007801,Eastport,2022-11-10,xl,active,4.76,382,0.756,0.107,56.6
DRV_007802,Northgate,2022-04-15,economy,active,3.88,1085,0.84,0.116,136.0
DRV_007803,Metro City,2023-06-21,economy,active,4.62,178,0.96,0.119,165.5
DRV_007804,Harbor City,2023-08-15,economy,active,4.46,674,0.723,0.129,115.0
DRV_007805,Eastport,2023-07-08,comfort,active,4.32,1176,0.725,0.031,69.8
DRV_007806,Valleyford,2023-05-30,economy,active,4.96,206,0.968,0.133,157.4
DRV_007807,Harbor City,2022-06-21,comfort,active,4.12,268,0.744,0.045,74.2
DRV_007808,Pinecrest,2023-01-23,economy,active,3.85,614,0.796,0.128,152.5
DRV_007809,Eastport,2022-03-18,xl,active,4.76,621,0.829,0.04,158.6
DRV_007810,Summit Town,2022-10-01,comfort,active,3.78,583,0.702,0.097,157.6
DRV_007811,Pinecrest,2023-01-05,xl,active,4.62,306,0.753,0.082,138.2
DRV_007812,Ridgeline,2023-05-04,economy,active,4.89,1196,0.932,0.175,173.9
DRV_007813,Summit Town,2022-03-12,economy,active,4.73,173,0.845,0.121,164.2
DRV_007814,Lakewood,2023-08-17,comfort,active,4.45,66,0.81,0.034,170.0
DRV_007815,Lakewood,2022-12-02,comfort,active,4.88,331,0.891,0.132,94.3
DRV_007816,Clearwater,2023-10-06,comfort,churned,4.23,900,0.791,0.051,66.4
DRV_007817,Clearwater,2023-01-21,economy,active,3.61,197,0.823,0.066,179.6
DRV_007818,Northgate,2023-02-04,comfort,active,4.6,919,0.978,0.081,50.9
DRV_007819,Pinecrest,2023-05-21,comfort,active,4.58,503,0.917,0.144,117.4
DRV_007820,Eastport,2023-08-22,xl,churned,4.8,941,0.855,0.171,133.7
DRV_007821,Metro City,2022-04-26,comfort,active,4.11,297,0.847,0.168,83.5
DRV_007822,Northgate,2023-01-09,economy,active,3.72,944,0.936,0.047,71.9
DRV_007823,Westville,2022-01-22,economy,active,3.65,52,0.868,0.03,52.2
DRV_007824,Northgate,2022-12-13,comfort,active,4.02,866,0.795,0.153,36.1
DRV_007825,Northgate,2023-08-17,economy,active,4.69,76,0.817,0.066,176.6
DRV_007826,Lakewood,2023-09-24,xl,active,4.28,537,0.751,0.113,95.7
DRV_007827,Summit Town,2022-07-26,economy,active,3.76,861,0.969,0.177,73.5
DRV_007828,Northgate,2022-10-10,comfort,active,3.86,106,0.883,0.05,57.7
DRV_007829,Southbrook,2023-02-07,xl,active,4.02,1111,0.812,0.08,64.8
DRV_007830,Clearwater,2022-10-17,economy,active,4.22,1162,0.801,0.159,108.9
DRV_007831,Southbrook,2022-05-10,economy,churned,4.76,843,0.954,0.124,66.7
DRV_007832,Summit Town,2022-08-11,economy,active,4.99,328,0.801,0.17,70.8
DRV_007833,Pinecrest,2022-10-22,economy,active,4.4,868,0.912,0.121,178.1
DRV_007834,Summit Town,2023-01-14,economy,suspended,4.08,401,0.934,0.069,118.9
DRV_007835,Valleyford,2023-11-04,comfort,active,3.78,812,0.955,0.149,45.4
DRV_007836,Pinecrest,2023-02-02,economy,active,4.27,225,0.804,0.141,143.1
DRV_007837,Pinecrest,2022-10-10,economy,active,4.42,758,0.914,0.169,41.8
DRV_007838,Pinecrest,2023-04-28,economy,active,3.99,431,0.792,0.096,77.8
DRV_007839,Clearwater,2023-07-19,economy,churned,3.99,724,0.964,0.1,80.9
DRV_007840,Metro City,2022-11-11,comfort,active,4.74,426,0.703,0.072,134.0
DRV_007841,Westville,2022-12-24,economy,active,4.49,362,0.86,0.063,41.3
DRV_007842,Lakewood,2022-06-09,economy,churned,4.18,463,0.843,0.179,116.8
DRV_007843,Southbrook,2023-09-24,economy,active,4.34,1056,0.946,0.176,109.2
DRV_007844,Ridgeline,2023-09-25,economy,active,4.26,514,0.761,0.105,80.3
DRV_007845,Northgate,2022-05-08,comfort,active,3.76,844,0.724,0.173,102.2
DRV_007846,Clearwater,2022-09-10,economy,suspended,4.81,818,0.937,0.077,99.9
DRV_007847,Eastport,2022-07-18,economy,churned,3.64,742,0.798,0.156,176.1
DRV_007848,Westville,2023-11-05,economy,suspended,3.82,1166,0.791,0.122,130.7
DRV_007849,Valleyford,2022-02-17,comfort,churned,4.34,100,0.729,0.135,74.4
DRV_007850,Harbor City,2022-06-01,comfort,active,4.19,650,0.958,0.135,149.4
DRV_007851,Clearwater,2022-08-18,comfort,active,4.39,1172,0.877,0.122,97.5
DRV_007852,Lakewood,2023-02-13,comfort,active,4.88,1193,0.894,0.156,44.4
DRV_007853,Summit Town,2022-07-01,comfort,churned,3.93,559,0.951,0.083,51.1
DRV_007854,Westville,2023-01-27,xl,churned,3.73,113,0.936,0.156,115.0
DRV_007855,Lakewood,2023-06-30,economy,active,3.68,461,0.827,0.049,54.5
DRV_007856,Summit Town,2023-08-28,economy,churned,3.59,482,0.745,0.052,155.0
DRV_007857,Westville,2022-03-14,comfort,active,4.69,468,0.888,0.135,54.3
DRV_007858,Summit Town,2022-04-12,comfort,active,4.19,84,0.882,0.14,85.6
DRV_007859,Clearwater,2022-03-11,xl,active,3.88,1112,0.713,0.164,113.4
DRV_007860,Westville,2023-10-27,comfort,churned,4.51,736,0.952,0.064,179.6
DRV_007861,Harbor City,2023-04-22,comfort,churned,4.67,488,0.794,0.029,37.1
DRV_007862,Eastport,2023-01-23,economy,active,4.91,1176,0.82,0.101,124.9
DRV_007863,Eastport,2023-08-01,xl,active,4.1,1026,0.844,0.16,104.7
DRV_007864,Harbor City,2023-03-04,economy,active,4.53,294,0.955,0.175,97.8
DRV_007865,Southbrook,2022-06-21,comfort,suspended,3.91,260,0.748,0.157,65.7
DRV_007866,Northgate,2023-01-08,economy,active,4.8,875,0.803,0.098,31.2
DRV_007867,Clearwater,2023-05-29,comfort,active,4.86,1057,0.84,0.158,151.2
DRV_007868,Pinecrest,2022-01-27,economy,active,4.45,927,0.978,0.054,143.0
DRV_007869,Northgate,2023-03-19,economy,active,4.49,997,0.823,0.167,46.7
DRV_007870,Valleyford,2022-12-29,economy,active,4.49,169,0.812,0.111,112.0
DRV_007871,Clearwater,2022-02-20,comfort,churned,4.39,244,0.962,0.082,80.4
DRV_007872,Lakewood,2022-07-12,comfort,active,4.16,547,0.885,0.113,46.2
DRV_007873,Ridgeline,2022-11-24,economy,active,4.61,729,0.746,0.145,98.9
DRV_007874,Summit Town,2022-09-08,economy,churned,4.96,210,0.749,0.058,30.7
DRV_007875,Southbrook,2022-07-31,economy,active,4.62,119,0.88,0.036,100.5
DRV_007876,Westville,2023-04-19,comfort,active,3.96,455,0.831,0.137,51.3
DRV_007877,Metro City,2022-10-23,economy,active,4.25,865,0.703,0.172,82.9
DRV_007878,Eastport,2022-12-30,economy,active,4.4,977,0.826,0.122,86.5
DRV_007879,Metro City,2023-08-06,economy,active,3.62,990,0.963,0.043,40.9
DRV_007880,Pinecrest,2022-03-10,economy,active,4.24,384,0.909,0.123,122.7
DRV_007881,Summit Town,2022-09-20,comfort,active,3.65,385,0.856,0.039,106.7
DRV_007882,Harbor City,2022-02-23,comfort,suspended,4.27,1123,0.755,0.069,129.0
DRV_007883,Summit Town,2023-11-08,economy,suspended,3.63,230,0.794,0.025,153.6
DRV_007884,Ridgeline,2022-05-16,economy,active,4.04,942,0.979,0.098,78.6
DRV_007885,Summit Town,2023-08-22,comfort,active,4.93,54,0.885,0.071,105.9
DRV_007886,Harbor City,2022-05-20,xl,active,3.51,352,0.777,0.036,146.4
DRV_007887,Southbrook,2022-08-25,comfort,active,3.91,270,0.907,0.069,83.1
DRV_007888,Clearwater,2023-03-21,economy,active,4.06,540,0.726,0.124,113.3
DRV_007889,Valleyford,2023-08-30,economy,active,4.39,175,0.804,0.066,114.1
DRV_007890,Southbrook,2022-05-10,xl,active,4.95,760,0.764,0.043,68.8
DRV_007891,Lakewood,2022-06-05,economy,active,4.46,556,0.951,0.107,110.0
DRV_007892,Metro City,2023-10-06,economy,churned,4.84,747,0.906,0.141,66.4
DRV_007893,Southbrook,2022-08-24,xl,active,3.74,885,0.839,0.153,52.3
DRV_007894,Pinecrest,2022-06-03,comfort,churned,3.93,697,0.814,0.096,149.7
DRV_007895,Northgate,2023-06-27,comfort,suspended,4.83,651,0.94,0.134,159.3
DRV_007896,Harbor City,2022-03-08,economy,suspended,3.51,482,0.755,0.153,150.4
DRV_007897,Valleyford,2023-09-25,comfort,active,4.18,806,0.721,0.128,122.7
DRV_007898,Ridgeline,2023-10-02,comfort,active,4.18,1135,0.938,0.104,41.2
DRV_007899,Northgate,2023-09-18,economy,active,4.92,216,0.94,0.03,109.6
DRV_007900,Eastport,2022-08-04,comfort,churned,4.17,151,0.768,0.066,172.8
DRV_007901,Ridgeline,2022-03-25,xl,active,4.86,968,0.755,0.071,165.9
DRV_007902,Valleyford,2022-11-07,xl,active,4.38,778,0.902,0.083,151.0
DRV_007903,Clearwater,2022-09-02,economy,active,3.95,716,0.74,0.172,134.2
DRV_007904,Metro City,2023-12-02,economy,active,3.72,90,0.874,0.053,105.8
DRV_007905,Northgate,2023-04-07,economy,active,4.24,551,0.896,0.107,95.8
DRV_007906,Eastport,2023-11-21,comfort,active,3.53,689,0.874,0.179,118.7
DRV_007907,Ridgeline,2023-07-03,xl,suspended,4.0,915,0.82,0.119,101.0
DRV_007908,Metro City,2023-06-06,comfort,active,4.28,261,0.929,0.053,91.9
DRV_007909,Eastport,2022-03-23,comfort,active,4.34,739,0.96,0.174,119.7
DRV_007910,Pinecrest,2022-02-20,comfort,churned,4.17,146,0.898,0.074,167.6
DRV_007911,Pinecrest,2022-02-03,economy,churned,4.95,981,0.817,0.028,62.8
DRV_007912,Valleyford,2023-03-10,economy,active,3.72,110,0.979,0.089,50.3
DRV_007913,Metro City,2022-05-28,comfort,active,5.0,703,0.826,0.059,53.6
DRV_007914,Harbor City,2023-12-24,comfort,active,4.54,1148,0.733,0.151,134.9
DRV_007915,Pinecrest,2022-04-07,economy,active,4.74,453,0.751,0.055,160.5
DRV_007916,Eastport,2023-11-23,economy,active,4.45,197,0.797,0.151,145.0
DRV_007917,Pinecrest,2023-05-03,economy,active,3.82,797,0.748,0.026,90.6
DRV_007918,Metro City,2022-03-19,economy,active,4.63,463,0.918,0.169,114.8
DRV_007919,Clearwater,2022-02-12,economy,active,4.77,815,0.704,0.027,37.0
DRV_007920,Northgate,2022-10-17,comfort,churned,4.63,590,0.814,0.17,99.7
DRV_007921,Clearwater,2022-09-05,economy,active,4.81,451,0.946,0.032,141.8
DRV_007922,Southbrook,2022-08-19,xl,active,3.6,78,0.733,0.16,148.8
DRV_007923,Valleyford,2023-01-21,economy,active,4.94,474,0.861,0.153,121.8
DRV_007924,Lakewood,2022-04-05,xl,churned,4.91,1113,0.961,0.115,154.8
DRV_007925,Eastport,2022-04-05,economy,active,4.85,1188,0.72,0.026,81.8
DRV_007926,Valleyford,2023-05-23,comfort,active,4.46,67,0.798,0.119,43.2
DRV_007927,Pinecrest,2023-12-24,economy,active,4.77,275,0.711,0.119,107.4
DRV_007928,Summit Town,2022-07-19,economy,active,4.41,1098,0.891,0.109,178.9
DRV_007929,Northgate,2023-11-12,economy,active,4.24,1005,0.817,0.121,163.6
DRV_007930,Valleyford,2022-09-09,economy,active,4.9,86,0.965,0.175,161.4
DRV_007931,Southbrook,2022-09-03,economy,churned,3.81,539,0.894,0.179,120.9
DRV_007932,Southbrook,2022-03-07,economy,active,4.78,521,0.869,0.103,173.1
DRV_007933,Eastport,2022-11-06,xl,active,4.16,1182,0.955,0.035,113.9
DRV_007934,Metro City,2022-12-30,comfort,active,3.94,950,0.736,0.041,95.4
DRV_007935,Harbor City,2023-04-30,economy,active,4.26,937,0.919,0.135,128.8
DRV_007936,Summit Town,2022-04-26,economy,active,4.46,78,0.904,0.177,113.1
DRV_007937,Ridgeline,2022-05-18,economy,active,3.77,846,0.889,0.09,134.7
DRV_007938,Pinecrest,2022-11-12,xl,active,4.63,981,0.879,0.036,86.6
DRV_007939,Pinecrest,2022-02-20,comfort,active,4.09,525,0.735,0.076,176.0
DRV_007940,Northgate,2022-04-15,xl,churned,4.56,590,0.928,0.082,171.4
DRV_007941,Summit Town,2023-04-05,economy,active,3.74,341,0.878,0.179,150.4
DRV_007942,Summit Town,2023-11-28,comfort,active,3.58,591,0.916,0.13,35.2
DRV_007943,Valleyford,2023-02-23,economy,active,3.74,439,0.945,0.039,69.5
DRV_007944,Westville,2022-04-16,economy,active,3.77,264,0.852,0.074,170.3
DRV_007945,Metro City,2023-12-25,comfort,active,4.64,1191,0.968,0.028,151.7
DRV_007946,Southbrook,2023-01-16,comfort,active,4.24,318,0.731,0.124,68.0
DRV_007947,Summit Town,2023-06-08,xl,active,4.65,265,0.701,0.128,115.8
DRV_007948,Lakewood,2022-05-24,comfort,churned,4.62,968,0.792,0.029,34.0
DRV_007949,Clearwater,2023-02-27,economy,active,3.87,230,0.761,0.074,154.3
DRV_007950,Northgate,2022-02-25,economy,active,4.87,61,0.855,0.164,104.1
DRV_007951,Pinecrest,2023-04-02,economy,active,4.65,724,0.778,0.152,103.6
DRV_007952,Westville,2022-05-28,comfort,churned,3.63,416,0.893,0.112,51.0
DRV_007953,Lakewood,2023-10-26,economy,active,4.36,849,0.965,0.098,35.1
DRV_007954,Westville,2022-02-09,economy,active,4.12,418,0.915,0.179,171.6
DRV_007955,Metro City,2023-04-22,economy,active,4.19,157,0.818,0.136,139.6
DRV_007956,Ridgeline,2022-04-12,comfort,churned,4.05,361,0.976,0.172,69.3
DRV_007957,Eastport,2023-05-17,comfort,churned,4.24,509,0.916,0.031,33.7
DRV_007958,Summit Town,2022-12-27,economy,active,4.03,407,0.927,0.054,125.4
DRV_007959,Summit Town,2023-12-08,economy,active,4.19,736,0.757,0.025,160.3
DRV_007960,Summit Town,2023-04-21,economy,active,4.32,190,0.892,0.159,100.5
DRV_007961,Pinecrest,2022-09-29,xl,active,4.6,797,0.72,0.131,129.9
DRV_007962,Lakewood,2022-03-05,xl,active,3.73,241,0.766,0.048,173.0
DRV_007963,Eastport,2023-03-11,economy,active,3.7,742,0.705,0.176,102.5
DRV_007964,Valleyford,2022-11-18,comfort,active,4.25,690,0.897,0.173,151.9
DRV_007965,Pinecrest,2022-02-08,economy,active,4.21,237,0.706,0.056,82.1
DRV_007966,Eastport,2023-03-01,economy,active,4.35,695,0.826,0.124,31.9
DRV_007967,Eastport,2022-06-03,comfort,active,4.42,1163,0.882,0.127,157.9
DRV_007968,Pinecrest,2022-06-20,xl,active,3.91,1119,0.785,0.021,172.4
DRV_007969,Pinecrest,2022-01-07,economy,suspended,4.47,918,0.803,0.13,38.7
DRV_007970,Lakewood,2022-09-29,comfort,churned,4.24,662,0.943,0.055,127.4
DRV_007971,Westville,2022-06-09,economy,active,4.24,936,0.952,0.164,136.2
DRV_007972,Ridgeline,2022-02-22,economy,active,4.39,553,0.94,0.154,159.9
DRV_007973,Westville,2022-11-14,comfort,active,4.42,406,0.91,0.165,131.2
DRV_007974,Metro City,2022-06-10,economy,active,4.43,159,0.778,0.141,153.2
DRV_007975,Summit Town,2022-04-08,comfort,active,4.75,607,0.721,0.046,140.1
DRV_007976,Valleyford,2022-12-07,economy,active,4.25,896,0.837,0.078,87.3
DRV_007977,Pinecrest,2022-02-16,comfort,active,4.91,1038,0.959,0.133,50.1
DRV_007978,Harbor City,2023-12-25,comfort,active,4.92,562,0.763,0.072,164.2
DRV_007979,Pinecrest,2022-12-10,economy,suspended,4.0,845,0.759,0.134,172.8
DRV_007980,Harbor City,2023-12-29,economy,active,4.82,923,0.918,0.074,33.6
DRV_007981,Summit Town,2023-10-06,economy,active,4.13,326,0.866,0.048,135.7
DRV_007982,Eastport,2023-12-17,economy,active,4.96,272,0.813,0.103,44.7
DRV_007983,Lakewood,2023-02-01,economy,active,4.89,696,0.942,0.13,136.2
DRV_007984,Southbrook,2022-11-05,economy,active,4.16,757,0.863,0.103,62.1
DRV_007985,Southbrook,2023-06-10,economy,churned,4.02,103,0.958,0.123,176.6
DRV_007986,Metro City,2022-02-28,xl,active,4.53,882,0.803,0.09,141.5
DRV_007987,Clearwater,2023-09-06,xl,active,4.05,603,0.824,0.145,135.3
DRV_007988,Southbrook,2022-08-25,economy,active,4.49,466,0.721,0.124,62.8
DRV_007989,Harbor City,2022-01-06,xl,churned,4.13,587,0.803,0.112,65.8
DRV_007990,Northgate,2022-06-23,xl,active,4.25,601,0.75,0.09,113.3
DRV_007991,Westville,2022-06-26,comfort,suspended,4.07,878,0.709,0.106,54.1
DRV_007992,Valleyford,2022-01-11,economy,churned,4.7,124,0.772,0.028,77.6
DRV_007993,Lakewood,2023-05-04,xl,active,4.4,1023,0.837,0.127,167.3
DRV_007994,Westville,2022-03-11,economy,active,4.52,360,0.769,0.053,98.2
DRV_007995,Ridgeline,2023-09-11,economy,active,4.73,1039,0.731,0.158,81.2
DRV_007996,Westville,2022-11-27,comfort,churned,4.69,239,0.826,0.15,158.6
DRV_007997,Clearwater,2023-06-09,economy,active,4.26,463,0.741,0.104,130.2
DRV_007998,Valleyford,2022-09-05,economy,active,3.88,480,0.724,0.156,97.7
DRV_007999,Pinecrest,2022-04-07,comfort,active,4.05,252,0.969,0.127,145.5
DRV_008000,Ridgeline,2022-05-12,economy,active,4.33,152,0.833,0.043,61.8
